2026-09-06 23:33:32,644 [INFO] Activator:176 - 


2026-09-06 23:33:32,649 [INFO] Activator:177 - !SESSION log4j initialized
2026-09-06 23:33:36,636 [INFO] LogOutputStream:77 - [STDOUT_REDIRECT] 
2026-09-06 23:33:38,893 [INFO] ApplicationProperties:184 - Using Application install path: C:\ST\STM32CubeIDE_1.16.0\STM32CubeIDE\plugins\com.st.stm32cube.common.mx_6.12.0.202406281431
2026-09-06 23:33:38,905 [INFO] DbMcusXml:78 - Set database path to: C:\ST\STM32CubeIDE_1.16.0\STM32CubeIDE\plugins\com.st.stm32cube.common.mx_6.12.0.202406281431\\db\/mcu/
2026-09-06 23:33:38,906 [INFO] ApiDb:274 - Set plugin database path to: C:\ST\STM32CubeIDE_1.16.0\STM32CubeIDE\plugins\com.st.stm32cube.common.mx_6.12.0.202406281431\\db\/plugins/boardmanager/
2026-09-06 23:33:38,906 [WARN] ApiDb:259 - Overriding images path with different value:  => C:\ST\STM32CubeIDE_1.16.0\STM32CubeIDE\plugins\com.st.stm32cube.common.mx_6.12.0.202406281431\\db\/plugins/mcufinder/images/
2026-09-06 23:33:38,910 [INFO] ApiDb:250 - Set database path to: C:\Users\seung\.stmcufinder\plugins\mcufinder//mcu/
2026-09-06 23:33:38,911 [INFO] DbMcusAds:125 - Set database path to: C:\Users\seung\.stmcufinder\plugins\mcufinder//mcu/
2026-09-06 23:33:38,913 [INFO] CrossReferenceDbSqlite:203 - Set database path to: C:\Users\seung\.stmcufinder\plugins\mcufinder//mcu/cs/
2026-09-06 23:33:39,002 [INFO] RulesReader:64 - Compatibility file has been processed (297 Rules)
2026-09-06 23:33:39,058 [INFO] DbMcusXml:78 - Set database path to: C:\ST\STM32CubeIDE_1.16.0\STM32CubeIDE\plugins\com.st.stm32cube.common.mx_6.12.0.202406281431\\db\/mcu/
2026-09-06 23:33:39,058 [INFO] ApiDb:274 - Set plugin database path to: C:\ST\STM32CubeIDE_1.16.0\STM32CubeIDE\plugins\com.st.stm32cube.common.mx_6.12.0.202406281431\\db\/plugins/boardmanager/
2026-09-06 23:33:39,059 [INFO] ApiDb:261 - Set plugin images path to: C:\ST\STM32CubeIDE_1.16.0\STM32CubeIDE\plugins\com.st.stm32cube.common.mx_6.12.0.202406281431\\db\/plugins/mcufinder/images/
2026-09-06 23:33:39,059 [WARN] DbFile:41 - Overriding database path with different value: C:\Users\seung\.stmcufinder\plugins\mcufinder/ => C:\Users\seung\.stmcufinder\plugins\mcufinder
2026-09-06 23:33:39,059 [INFO] ApiDb:250 - Set database path to: C:\Users\seung\.stmcufinder\plugins\mcufinder//mcu/
2026-09-06 23:33:39,059 [WARN] DbFile:41 - Overriding database path with different value: C:\Users\seung\.stmcufinder\plugins\mcufinder/ => C:\Users\seung\.stmcufinder\plugins\mcufinder
2026-09-06 23:33:39,059 [INFO] DbMcusAds:125 - Set database path to: C:\Users\seung\.stmcufinder\plugins\mcufinder//mcu/
2026-09-06 23:33:39,059 [WARN] DbFile:41 - Overriding database path with different value: C:\Users\seung\.stmcufinder\plugins\mcufinder/ => C:\Users\seung\.stmcufinder\plugins\mcufinder
2026-09-06 23:33:39,059 [WARN] DbFile:41 - Overriding database path with different value: C:\Users\seung\.stmcufinder\plugins\mcufinder/ => C:\Users\seung\.stmcufinder\plugins\mcufinder
2026-09-06 23:33:39,059 [INFO] CrossReferenceDbSqlite:203 - Set database path to: C:\Users\seung\.stmcufinder\plugins\mcufinder//mcu/cs/
2026-09-06 23:33:39,114 [INFO] MainPanel:268 - HeapMemory: 268435456
2026-09-06 23:33:39,165 [INFO] DbMcusXml:78 - Set database path to: C:\ST\STM32CubeIDE_1.16.0\STM32CubeIDE\plugins\com.st.stm32cube.common.mx_6.12.0.202406281431\\db\/mcu/
2026-09-06 23:33:39,165 [INFO] ApiDb:274 - Set plugin database path to: C:\ST\STM32CubeIDE_1.16.0\STM32CubeIDE\plugins\com.st.stm32cube.common.mx_6.12.0.202406281431\\db\/plugins/boardmanager/
2026-09-06 23:33:39,165 [INFO] ApiDb:261 - Set plugin images path to: C:\ST\STM32CubeIDE_1.16.0\STM32CubeIDE\plugins\com.st.stm32cube.common.mx_6.12.0.202406281431\\db\/plugins/mcufinder/images/
2026-09-06 23:33:39,166 [WARN] DbFile:41 - Overriding database path with different value: C:\Users\seung\.stmcufinder\plugins\mcufinder/ => C:\Users\seung\.stmcufinder\plugins\mcufinder
2026-09-06 23:33:39,166 [INFO] ApiDb:250 - Set database path to: C:\Users\seung\.stmcufinder\plugins\mcufinder//mcu/
2026-09-06 23:33:39,166 [WARN] DbFile:41 - Overriding database path with different value: C:\Users\seung\.stmcufinder\plugins\mcufinder/ => C:\Users\seung\.stmcufinder\plugins\mcufinder
2026-09-06 23:33:39,166 [INFO] DbMcusAds:125 - Set database path to: C:\Users\seung\.stmcufinder\plugins\mcufinder//mcu/
2026-09-06 23:33:39,166 [WARN] DbFile:41 - Overriding database path with different value: C:\Users\seung\.stmcufinder\plugins\mcufinder/ => C:\Users\seung\.stmcufinder\plugins\mcufinder
2026-09-06 23:33:39,166 [WARN] DbFile:41 - Overriding database path with different value: C:\Users\seung\.stmcufinder\plugins\mcufinder/ => C:\Users\seung\.stmcufinder\plugins\mcufinder
2026-09-06 23:33:39,166 [INFO] CrossReferenceDbSqlite:203 - Set database path to: C:\Users\seung\.stmcufinder\plugins\mcufinder//mcu/cs/
2026-09-06 23:33:39,176 [INFO] ApplicationProperties:184 - Using Application install path: C:\ST\STM32CubeIDE_1.16.0\STM32CubeIDE\plugins\com.st.stm32cube.common.mx_6.12.0.202406281431
2026-09-06 23:33:39,177 [INFO] PluginManage:196 - Search for loadable plugins [exclusion list=, ]
2026-09-06 23:33:39,177 [INFO] PluginManage:310 - Check plugin analytics
2026-09-06 23:33:39,285 [INFO] AnalyticsPlugin:253 - Accepted Software Licenses: 
2026-09-06 23:33:39,286 [INFO] AnalyticsPlugin:255 - Accepted CMSIS Pack Licenses: 
2026-09-06 23:33:39,286 [INFO] AnalyticsPlugin:257 - Accepted Firmware Licenses: FW.F7.1.17.0
2026-09-06 23:33:39,287 [INFO] PluginManage:359 - Loaded plugin analytics (category:tool,tabindex:-1)
2026-09-06 23:33:39,288 [INFO] PluginManage:310 - Check plugin cadmodel
2026-09-06 23:33:39,298 [INFO] CADModel:105 - Init CAD model plugin
2026-09-06 23:33:39,298 [INFO] PluginManage:359 - Loaded plugin cadmodel (category:power,tabindex:5)
2026-09-06 23:33:39,298 [INFO] PluginManage:310 - Check plugin clock
2026-09-06 23:33:39,312 [INFO] PluginManage:359 - Loaded plugin clock (category:base,tabindex:2)
2026-09-06 23:33:39,312 [INFO] PluginManage:310 - Check plugin ddr
2026-09-06 23:33:39,314 [INFO] PluginManage:359 - Loaded plugin ddr (category:tool,tabindex:6)
2026-09-06 23:33:39,314 [INFO] PluginManage:310 - Check plugin filemanager
2026-09-06 23:33:39,407 [INFO] PluginManage:359 - Loaded plugin filemanager (category:base,tabindex:10)
2026-09-06 23:33:39,407 [INFO] PluginManage:310 - Check plugin ipmanager
2026-09-06 23:33:39,412 [INFO] PluginManage:359 - Loaded plugin ipmanager (category:base,tabindex:5)
2026-09-06 23:33:39,412 [INFO] PluginManage:310 - Check plugin lpbam
2026-09-06 23:33:39,423 [INFO] PluginManage:359 - Loaded plugin lpbam (category:base,tabindex:0)
2026-09-06 23:33:39,423 [INFO] PluginManage:310 - Check plugin memorymap
2026-09-06 23:33:39,435 [INFO] PluginManage:359 - Loaded plugin memorymap (category:base,tabindex:4)
2026-09-06 23:33:39,435 [INFO] PluginManage:310 - Check plugin pinoutandconfiguration
2026-09-06 23:33:39,446 [INFO] PluginManage:359 - Loaded plugin pinoutandconfiguration (category:base,tabindex:1)
2026-09-06 23:33:39,446 [INFO] PluginManage:310 - Check plugin pinoutconfig
2026-09-06 23:33:39,504 [WARN] SupportedApi:132 - Cannot load RTOS API schema: s4s-elt-must-match.1: The content of 'definitions' must match (annotation?, (simpleType | complexType)?, (unique | key | keyref)*)). A problem was found starting at: attribute.
2026-09-06 23:33:39,569 [INFO] PluginManage:359 - Loaded plugin pinoutconfig (category:base,tabindex:0)
2026-09-06 23:33:39,569 [INFO] PluginManage:310 - Check plugin power
2026-09-06 23:33:39,582 [INFO] PluginManage:359 - Loaded plugin power (category:power,tabindex:4)
2026-09-06 23:33:39,582 [INFO] PluginManage:310 - Check plugin projectmanager
2026-09-06 23:33:39,592 [INFO] PluginManage:359 - Loaded plugin projectmanager (category:projectmanager,tabindex:4)
2026-09-06 23:33:39,592 [INFO] PluginManage:310 - Check plugin rif
2026-09-06 23:33:39,602 [INFO] PluginManage:359 - Loaded plugin rif (category:base,tabindex:3)
2026-09-06 23:33:39,602 [INFO] PluginManage:310 - Check plugin thirdparty
2026-09-06 23:33:39,737 [INFO] PluginManage:359 - Loaded plugin thirdparty (category:base,tabindex:-1)
2026-09-06 23:33:39,737 [INFO] PluginManage:310 - Check plugin tools
2026-09-06 23:33:39,737 [WARN] IntegrityCheckThread:84 - waiting for thirdparty lock release [integrity check]
2026-09-06 23:33:39,737 [INFO] IntegrityCheckThread:86 - entering critical section [integrity check]
2026-09-06 23:33:39,738 [INFO] ThirdPartyUpdaterWithRetryManager:70 - Updater plugin not ready yet. [1/15]
2026-09-06 23:33:39,740 [INFO] PluginManage:359 - Loaded plugin tools (category:base,tabindex:7)
2026-09-06 23:33:39,740 [INFO] PluginManage:310 - Check plugin tutovideos
2026-09-06 23:33:39,868 [INFO] PluginManage:359 - Loaded plugin tutovideos (category:base,tabindex:-1)
2026-09-06 23:33:39,869 [INFO] PluginManage:310 - Check plugin updater
2026-09-06 23:33:39,882 [INFO] PluginManage:359 - Loaded plugin updater (category:base,tabindex:12)
2026-09-06 23:33:39,882 [INFO] PluginManage:310 - Check plugin userauth
2026-09-06 23:33:39,886 [INFO] UserAuth:113 - Init User Auth plugin
2026-09-06 23:33:39,886 [INFO] PluginManage:359 - Loaded plugin userauth (category:base,tabindex:14)
2026-09-06 23:33:39,887 [INFO] PluginManage:283 - PluginManage : Loaded plugins [18]
2026-09-06 23:33:40,029 [INFO] PinOutPanel:1561 - setPackage(No Configuration,No Configuration)
2026-09-06 23:33:40,090 [INFO] CADModel:165 - CPN selected for project level
2026-09-06 23:33:40,090 [INFO] CADModel:114 - Register for checkConnection events
2026-09-06 23:33:40,108 [INFO] IPUIPlugin:80 - create IPUIPlugin
2026-09-06 23:33:40,109 [INFO] PluginManager:220 - loadIPPluginJar : add adc
2026-09-06 23:33:40,137 [INFO] IPUIPlugin:80 - create IPUIPlugin
2026-09-06 23:33:40,137 [INFO] PluginManager:220 - loadIPPluginJar : add aes
2026-09-06 23:33:40,167 [INFO] IPUIPlugin:80 - create IPUIPlugin
2026-09-06 23:33:40,167 [INFO] PluginManager:220 - loadIPPluginJar : add can
2026-09-06 23:33:40,169 [INFO] IPUIPlugin:80 - create IPUIPlugin
2026-09-06 23:33:40,169 [INFO] PluginManager:220 - loadIPPluginJar : add comp
2026-09-06 23:33:40,193 [INFO] IPUIPlugin:80 - create IPUIPlugin
2026-09-06 23:33:40,193 [INFO] PluginManager:220 - loadIPPluginJar : add cryp
2026-09-06 23:33:40,201 [INFO] IPUIPlugin:80 - create IPUIPlugin
2026-09-06 23:33:40,201 [INFO] PluginManager:220 - loadIPPluginJar : add ddr_ctrl_phy
2026-09-06 23:33:40,203 [INFO] IPUIPlugin:80 - create IPUIPlugin
2026-09-06 23:33:40,204 [INFO] PluginManager:220 - loadIPPluginJar : add dfsdm
2026-09-06 23:33:40,214 [INFO] IPUIPlugin:80 - create IPUIPlugin
2026-09-06 23:33:40,214 [INFO] PluginManager:220 - loadIPPluginJar : add dma
2026-09-06 23:33:40,244 [INFO] IPUIPlugin:80 - create IPUIPlugin
2026-09-06 23:33:40,244 [INFO] PluginManager:220 - loadIPPluginJar : add dma3
2026-09-06 23:33:40,276 [INFO] IPUIPlugin:80 - create IPUIPlugin
2026-09-06 23:33:40,276 [INFO] PluginManager:220 - loadIPPluginJar : add extmemmanager
2026-09-06 23:33:40,289 [INFO] IPUIPlugin:80 - create IPUIPlugin
2026-09-06 23:33:40,289 [INFO] PluginManager:220 - loadIPPluginJar : add fatfs
2026-09-06 23:33:40,319 [INFO] IPUIPlugin:80 - create IPUIPlugin
2026-09-06 23:33:40,319 [INFO] PluginManager:220 - loadIPPluginJar : add fmc
2026-09-06 23:33:40,329 [INFO] IPUIPlugin:80 - create IPUIPlugin
2026-09-06 23:33:40,329 [INFO] PluginManager:220 - loadIPPluginJar : add freertos
2026-09-06 23:33:40,343 [INFO] IPUIPlugin:80 - create IPUIPlugin
2026-09-06 23:33:40,343 [INFO] PluginManager:220 - loadIPPluginJar : add genericplugin
2026-09-06 23:33:40,402 [INFO] IPUIPlugin:80 - create IPUIPlugin
2026-09-06 23:33:40,402 [INFO] PluginManager:220 - loadIPPluginJar : add gfxmmu
2026-09-06 23:33:40,485 [INFO] IPUIPlugin:80 - create IPUIPlugin
2026-09-06 23:33:40,486 [INFO] PluginManager:220 - loadIPPluginJar : add gic
2026-09-06 23:33:40,495 [INFO] IPUIPlugin:80 - create IPUIPlugin
2026-09-06 23:33:40,495 [INFO] PluginManager:220 - loadIPPluginJar : add gpio
2026-09-06 23:33:40,555 [INFO] IPUIPlugin:80 - create IPUIPlugin
2026-09-06 23:33:40,556 [INFO] PluginManager:220 - loadIPPluginJar : add gtzc
2026-09-06 23:33:40,558 [INFO] IPUIPlugin:80 - create IPUIPlugin
2026-09-06 23:33:40,558 [INFO] PluginManager:220 - loadIPPluginJar : add hash
2026-09-06 23:33:40,590 [INFO] IPUIPlugin:80 - create IPUIPlugin
2026-09-06 23:33:40,591 [INFO] PluginManager:220 - loadIPPluginJar : add i2c
2026-09-06 23:33:40,615 [INFO] IPUIPlugin:80 - create IPUIPlugin
2026-09-06 23:33:40,616 [INFO] PluginManager:220 - loadIPPluginJar : add i2s
2026-09-06 23:33:40,643 [INFO] IPUIPlugin:80 - create IPUIPlugin
2026-09-06 23:33:40,643 [INFO] PluginManager:220 - loadIPPluginJar : add i3c
2026-09-06 23:33:40,713 [INFO] IPUIPlugin:80 - create IPUIPlugin
2026-09-06 23:33:40,714 [INFO] PluginManager:220 - loadIPPluginJar : add ipddr
2026-09-06 23:33:40,770 [INFO] IPUIPlugin:80 - create IPUIPlugin
2026-09-06 23:33:40,770 [INFO] PluginManager:220 - loadIPPluginJar : add linkedlist
2026-09-06 23:33:40,773 [INFO] IPUIPlugin:80 - create IPUIPlugin
2026-09-06 23:33:40,773 [INFO] PluginManager:220 - loadIPPluginJar : add lorawan
2026-09-06 23:33:40,796 [INFO] IPUIPlugin:80 - create IPUIPlugin
2026-09-06 23:33:40,796 [INFO] PluginManager:220 - loadIPPluginJar : add ltdc
2026-09-06 23:33:40,805 [INFO] IPUIPlugin:80 - create IPUIPlugin
2026-09-06 23:33:40,805 [INFO] PluginManager:220 - loadIPPluginJar : add mdma
2026-09-06 23:33:40,813 [INFO] IPUIPlugin:80 - create IPUIPlugin
2026-09-06 23:33:40,813 [INFO] PluginManager:220 - loadIPPluginJar : add nvic
2026-09-06 23:33:40,838 [INFO] IPUIPlugin:80 - create IPUIPlugin
2026-09-06 23:33:40,839 [INFO] PluginManager:220 - loadIPPluginJar : add opamp
2026-09-06 23:33:40,875 [INFO] IPUIPlugin:80 - create IPUIPlugin
2026-09-06 23:33:40,875 [INFO] PluginManager:220 - loadIPPluginJar : add openamp
2026-09-06 23:33:40,900 [INFO] IPUIPlugin:80 - create IPUIPlugin
2026-09-06 23:33:40,900 [INFO] PluginManager:220 - loadIPPluginJar : add pdm2pcm
2026-09-06 23:33:40,909 [INFO] IPUIPlugin:80 - create IPUIPlugin
2026-09-06 23:33:40,912 [INFO] PluginManager:220 - loadIPPluginJar : add plateformsettings
2026-09-06 23:33:40,913 [INFO] IPUIPlugin:80 - create IPUIPlugin
2026-09-06 23:33:40,913 [INFO] PluginManager:220 - loadIPPluginJar : add quadspi
2026-09-06 23:33:40,928 [INFO] IPUIPlugin:80 - create IPUIPlugin
2026-09-06 23:33:40,928 [INFO] PluginManager:220 - loadIPPluginJar : add radio
2026-09-06 23:33:40,936 [INFO] IPUIPlugin:80 - create IPUIPlugin
2026-09-06 23:33:40,936 [INFO] PluginManager:220 - loadIPPluginJar : add resmgrutility
2026-09-06 23:33:40,967 [INFO] IPUIPlugin:80 - create IPUIPlugin
2026-09-06 23:33:40,967 [INFO] PluginManager:220 - loadIPPluginJar : add sai
2026-09-06 23:33:40,993 [INFO] IPUIPlugin:80 - create IPUIPlugin
2026-09-06 23:33:40,993 [INFO] PluginManager:220 - loadIPPluginJar : add spi
2026-09-06 23:33:41,041 [INFO] IPUIPlugin:80 - create IPUIPlugin
2026-09-06 23:33:41,041 [INFO] PluginManager:220 - loadIPPluginJar : add stm32_wpan
2026-09-06 23:33:41,042 [INFO] IPUIPlugin:80 - create IPUIPlugin
2026-09-06 23:33:41,042 [INFO] PluginManager:220 - loadIPPluginJar : add tim
2026-09-06 23:33:41,084 [INFO] IPUIPlugin:80 - create IPUIPlugin
2026-09-06 23:33:41,084 [INFO] PluginManager:220 - loadIPPluginJar : add touchsensing
2026-09-06 23:33:41,100 [INFO] IPUIPlugin:80 - create IPUIPlugin
2026-09-06 23:33:41,100 [INFO] PluginManager:220 - loadIPPluginJar : add tracer_emb
2026-09-06 23:33:41,102 [INFO] IPUIPlugin:80 - create IPUIPlugin
2026-09-06 23:33:41,102 [INFO] PluginManager:220 - loadIPPluginJar : add ts
2026-09-06 23:33:41,118 [INFO] IPUIPlugin:80 - create IPUIPlugin
2026-09-06 23:33:41,118 [INFO] PluginManager:220 - loadIPPluginJar : add tsc
2026-09-06 23:33:41,120 [INFO] IPUIPlugin:80 - create IPUIPlugin
2026-09-06 23:33:41,120 [INFO] PluginManager:220 - loadIPPluginJar : add ucpd
2026-09-06 23:33:41,151 [INFO] IPUIPlugin:80 - create IPUIPlugin
2026-09-06 23:33:41,151 [INFO] PluginManager:220 - loadIPPluginJar : add usart
2026-09-06 23:33:41,182 [INFO] IPUIPlugin:80 - create IPUIPlugin
2026-09-06 23:33:41,182 [INFO] PluginManager:220 - loadIPPluginJar : add usbx
2026-09-06 23:33:41,312 [INFO] CADModel:165 - CPN selected for project level
2026-09-06 23:33:41,312 [INFO] CADModel:114 - Register for checkConnection events
2026-09-06 23:33:41,312 [FATAL] Updater:334 - Updater called before beeing initialized
2026-09-06 23:33:41,312 [ERROR] CADModel:125 - Updater not yet initialized, retry later 
2026-09-06 23:33:41,397 [INFO] CADModel:165 - CPN selected for project level
2026-09-06 23:33:41,397 [INFO] CADModel:114 - Register for checkConnection events
2026-09-06 23:33:41,397 [FATAL] Updater:334 - Updater called before beeing initialized
2026-09-06 23:33:41,397 [ERROR] CADModel:125 - Updater not yet initialized, retry later 
2026-09-06 23:33:41,399 [FATAL] Updater:334 - Updater called before beeing initialized
2026-09-06 23:33:41,477 [FATAL] Updater:334 - Updater called before beeing initialized
2026-09-06 23:33:41,481 [INFO] DbMcusAds:53 - JSON generation date=Wed Jul 15 18:44:54 KST 2026 (1784108694001)
2026-09-06 23:33:41,481 [FATAL] Updater:334 - Updater called before beeing initialized
2026-09-06 23:33:41,505 [WARN] DetailPanel:346 - Failed to get advertising image, set to default
2026-09-06 23:33:41,573 [FATAL] Updater:334 - Updater called before beeing initialized
2026-09-06 23:33:41,574 [FATAL] Updater:334 - Updater called before beeing initialized
2026-09-06 23:33:41,574 [FATAL] Updater:334 - Updater called before beeing initialized
2026-09-06 23:33:41,574 [WARN] DetailPanel:346 - Failed to get advertising image, set to default
2026-09-06 23:33:41,575 [FATAL] Updater:334 - Updater called before beeing initialized
2026-09-06 23:33:41,610 [ERROR] Updater:1164 - MainUpdater not yet initialized. External WinMGr cannot be set.
2026-09-06 23:33:41,612 [INFO] Updater:1100 - Updater Version found : 6.12.0
2026-09-06 23:33:41,628 [INFO] ApplicationProperties:184 - Using Application install path: C:\ST\STM32CubeIDE_1.16.0\STM32CubeIDE\plugins\com.st.stm32cube.common.mx_6.12.0.202406281431
2026-09-06 23:33:42,746 [INFO] ThirdPartyUpdaterWithRetryManager:70 - Updater plugin not ready yet. [2/15]
2026-09-06 23:33:43,234 [ERROR] LogOutputStream:75 - [STDERR_REDIRECT] Sep 06, 2026 11:33:43 PM java.util.prefs.WindowsPreferences <init>
2026-09-06 23:33:43,235 [ERROR] LogOutputStream:75 - [STDERR_REDIRECT] WARNING: Could not open/create prefs root node Software\JavaSoft\Prefs at root 0xffffffff80000002. Windows RegCreateKeyEx(...) returned error code 5.
2026-09-06 23:33:43,235 [ERROR] LogOutputStream:75 - [STDERR_REDIRECT] 
2026-09-06 23:33:43,520 [INFO] MainUpdater:2873 - connection check result : 10
2026-09-06 23:33:43,521 [INFO] MainUpdater:290 - Updater Check For Update Now.
2026-09-06 23:33:43,521 [INFO] MicroXplorer:498 - Change Database Version : DB.6.0.120
2026-09-06 23:33:43,527 [INFO] McuFinderGlobals:63 - Set McuFinder mode to 2 (CubeIDE integrated)
2026-09-06 23:33:43,528 [INFO] UserAuth:417 - Internet connection configuration mode: 1
2026-09-06 23:33:43,551 [INFO] JxBrowserEngine:152 - Initiate JxBrowser Engine with user profile folder
2026-09-06 23:33:43,711 [INFO] CheckServerUpdateThread:120 - End of CheckServer Thread
2026-09-06 23:33:44,541 [INFO] WebApp:167 - Instantiating new browser for Auth
2026-09-06 23:33:44,998 [INFO] WebApp:448 - Apply proxy settings
2026-09-06 23:33:44,998 [INFO] WebApp:533 - Chromium requires no authentication
2026-09-06 23:33:45,003 [INFO] WebApp:476 - Direct internet connection detected
2026-09-06 23:33:45,015 [INFO] WebApp:869 - Register for checkConnection events
2026-09-06 23:33:45,015 [INFO] WebApp:448 - Apply proxy settings
2026-09-06 23:33:45,015 [INFO] WebApp:533 - Chromium requires no authentication
2026-09-06 23:33:45,015 [INFO] WebApp:476 - Direct internet connection detected
2026-09-06 23:33:45,106 [INFO] WebApp:220 - Starting web application
2026-09-06 23:33:45,107 [INFO] WebApp:578 - Web application path used C:\ST\STM32CubeIDE_1.16.0\STM32CubeIDE\plugins\com.st.stm32cube.common.mx_6.12.0.202406281431\db\plugins\mcufinder\reactClient1\index.html
2026-09-06 23:33:45,206 [INFO] UserAuth:417 - Internet connection configuration mode: 1
2026-09-06 23:33:45,274 [ERROR] LogOutputStream:75 - [STDERR_REDIRECT] [Fatal Error] :1:1: Premature end of file.
2026-09-06 23:33:45,274 [ERROR] LogOutputStream:75 - [STDERR_REDIRECT] 
2026-09-06 23:33:45,295 [INFO] WebApp:186 - Connection restablished
2026-09-06 23:33:45,964 [WARN] PackLoader:240 - Cannot read IP mode file for STMicroelectronics.X-CUBE-AZRTOS-H7.3.5.0
2026-09-06 23:33:45,977 [WARN] PackLoader:240 - Cannot read IP mode file for STMicroelectronics.FP-SNS-MOTENVWB1.1.4.0
2026-09-06 23:33:45,983 [WARN] PackLoader:240 - Cannot read IP mode file for STMicroelectronics.FP-ATR-ASTRA1.2.0.3
2026-09-06 23:33:45,986 [WARN] PackLoader:240 - Cannot read IP mode file for STMicroelectronics.FP-ATR-ASTRA1.2.0.2
2026-09-06 23:33:45,998 [ERROR] Engine:466 - C:\Users\seung\.stm32cubemx\thirdparties\pdsc\STMicroelectronics.X-CUBE-SMBUS.2.1.1.pdsc: PDSC version is not supported
2026-09-06 23:33:46,007 [WARN] PackLoader:240 - Cannot read IP mode file for STMicroelectronics.X-CUBE-SMBUS.2.1.0
2026-09-06 23:33:46,014 [ERROR] Engine:466 - C:\Users\seung\.stm32cubemx\thirdparties\pdsc\STMicroelectronics.X-CUBE-ST60.1.0.0.pdsc: PDSC version is not supported
2026-09-06 23:33:46,034 [WARN] PackLoader:240 - Cannot read IP mode file for STMicroelectronics.X-CUBE-AZRTOS-F7.1.1.0
2026-09-06 23:33:46,047 [ERROR] Engine:466 - C:\Users\seung\.stm32cubemx\thirdparties\pdsc\STMicroelectronics.X-CUBE-FREERTOS.1.6.0.pdsc: PDSC version is not supported
2026-09-06 23:33:46,055 [ERROR] Engine:466 - C:\Users\seung\.stm32cubemx\thirdparties\pdsc\STMicroelectronics.FP-SNS-MOTENV1.5.1.0.pdsc: PDSC version is not supported
2026-09-06 23:33:46,072 [WARN] PackLoader:240 - Cannot read IP mode file for STMicroelectronics.X-CUBE-AZRTOS-H7RS.1.3.0
2026-09-06 23:33:46,100 [WARN] PackLoader:240 - Cannot read IP mode file for Infineon.AIROC-Wi-Fi-Bluetooth-STM32.1.7.0
2026-09-06 23:33:46,121 [WARN] PackLoader:240 - Cannot read IP mode file for STMicroelectronics.X-CUBE-AZRTOS-H7.3.4.0
2026-09-06 23:33:46,135 [WARN] PackLoader:240 - Cannot read IP mode file for STMicroelectronics.X-CUBE-DISPLAY.3.0.0
2026-09-06 23:33:46,148 [WARN] PackLoader:240 - Cannot read IP mode file for STMicroelectronics.X-CUBE-GNSS1.7.1.1
2026-09-06 23:33:46,151 [ERROR] Engine:466 - C:\Users\seung\.stm32cubemx\thirdparties\pdsc\STMicroelectronics.FP-SNS-MOTENVWB1.1.5.0.pdsc: PDSC version is not supported
2026-09-06 23:33:46,161 [WARN] PackLoader:240 - Cannot read IP mode file for STMicroelectronics.X-CUBE-NFC10.1.0.0
2026-09-06 23:33:46,173 [WARN] PackLoader:240 - Cannot read IP mode file for STMicroelectronics.X-CUBE-BLEMGR.4.0.0
2026-09-06 23:33:46,183 [ERROR] Engine:466 - C:\Users\seung\.stm32cubemx\thirdparties\pdsc\STMicroelectronics.X-CUBE-ST60.1.1.0.pdsc: PDSC version is not supported
2026-09-06 23:33:46,194 [WARN] PackLoader:240 - Cannot read IP mode file for emotas.I-CUBE-CANOPEN.1.3.0
2026-09-06 23:33:46,202 [ERROR] Engine:466 - C:\Users\seung\.stm32cubemx\thirdparties\pdsc\STMicroelectronics.X-CUBE-WBA.1.1.0.pdsc: PDSC version is not supported
2026-09-06 23:33:46,212 [WARN] PackLoader:240 - Cannot read IP mode file for STMicroelectronics.X-CUBE-GNSS1.7.1.0
2026-09-06 23:33:46,217 [WARN] ConditionMgr:438 - getConditionDescription Invalid condition id : Cortex-A Device cause : null
2026-09-06 23:33:46,225 [WARN] ConditionMgr:1039 - genDependencies : Invalid condition id : Cortex-A Device cause : null
2026-09-06 23:33:46,225 [WARN] ConditionMgr:1039 - genDependencies : Invalid condition id : Cortex-A Device cause : null
2026-09-06 23:33:46,225 [WARN] ConditionMgr:1039 - genDependencies : Invalid condition id : Cortex-A Device cause : null
2026-09-06 23:33:46,236 [WARN] PackLoader:240 - Cannot read IP mode file for STMicroelectronics.X-CUBE-AI.10.0.0
2026-09-06 23:33:46,244 [ERROR] Engine:466 - C:\Users\seung\.stm32cubemx\thirdparties\pdsc\STMicroelectronics.FP-SNS-STBOX1.2.1.0.pdsc: PDSC version is not supported
2026-09-06 23:33:46,254 [WARN] PackLoader:240 - Cannot read IP mode file for STMicroelectronics.FP-SNS-SMARTAG2.1.2.0
2026-09-06 23:33:46,254 [ERROR] LogOutputStream:75 - [STDERR_REDIRECT] [Fatal Error] :1:1: Premature end of file.
2026-09-06 23:33:46,254 [ERROR] LogOutputStream:75 - [STDERR_REDIRECT] 
2026-09-06 23:33:46,267 [INFO] LogOutputStream:77 - [STDOUT_REDIRECT] 1 : Invalid condition id : UX_CORESTACK_Condition cause : null
2026-09-06 23:33:46,267 [INFO] LogOutputStream:77 - [STDOUT_REDIRECT] 1 : Invalid condition id : UX_CORESTACK_Condition cause : null
2026-09-06 23:33:46,268 [INFO] LogOutputStream:77 - [STDOUT_REDIRECT] 1 : Invalid condition id : UX_CORESTACK_Condition cause : null
2026-09-06 23:33:46,269 [INFO] LogOutputStream:77 - [STDOUT_REDIRECT] 1 : Invalid condition id : UX_CORESTACK_Condition cause : null
2026-09-06 23:33:46,269 [INFO] LogOutputStream:77 - [STDOUT_REDIRECT] 1 : Invalid condition id : UX_CORESTACK_Condition cause : null
2026-09-06 23:33:46,270 [WARN] PackLoader:240 - Cannot read IP mode file for STMicroelectronics.X-CUBE-AZRTOS-WL.2.0.0
2026-09-06 23:33:46,281 [WARN] PackLoader:240 - Cannot read IP mode file for STMicroelectronics.FP-SNS-MOTENV1.5.0.0
2026-09-06 23:33:46,299 [WARN] PackLoader:240 - Cannot read IP mode file for STMicroelectronics.X-CUBE-AZRTOS-H7RS.1.2.0
2026-09-06 23:33:46,314 [WARN] PackLoader:240 - Cannot read IP mode file for WES.I-CUBE-Cesium.1.3.0
2026-09-06 23:33:46,325 [WARN] PackLoader:240 - Cannot read IP mode file for STMicroelectronics.X-CUBE-BLE2.3.3.0
2026-09-06 23:33:46,333 [ERROR] Engine:466 - C:\Users\seung\.stm32cubemx\thirdparties\pdsc\Avnet-IOTCONNECT.X-CUBE-iotc-st67-sdk.1.0.0.pdsc: PDSC version is not supported
2026-09-06 23:33:46,342 [WARN] PackLoader:240 - Cannot read IP mode file for STMicroelectronics.X-CUBE-NFC9.1.0.0
2026-09-06 23:33:46,353 [WARN] PackLoader:240 - Cannot read IP mode file for wolfSSL.I-CUBE-wolfSSL.5.8.0
2026-09-06 23:33:46,363 [WARN] PackLoader:240 - Cannot read IP mode file for STMicroelectronics.X-CUBE-BLE1.7.1.0
2026-09-06 23:33:46,367 [WARN] PackLoader:240 - Cannot read IP mode file for wolfSSL.I-CUBE-wolfMQTT.1.19.2
2026-09-06 23:33:46,374 [ERROR] Engine:466 - C:\Users\seung\.stm32cubemx\thirdparties\pdsc\STMicroelectronics.X-CUBE-FREERTOS.1.4.0.pdsc: PDSC version is not supported
2026-09-06 23:33:46,385 [WARN] PackLoader:240 - Cannot read IP mode file for STMicroelectronics.X-CUBE-EEPRMA1.5.2.0
2026-09-06 23:33:46,396 [ERROR] Engine:466 - C:\Users\seung\.stm32cubemx\thirdparties\pdsc\STMicroelectronics.X-CUBE-ST67W61.1.1.0.pdsc: PDSC version is not supported
2026-09-06 23:33:46,405 [WARN] PackLoader:240 - Cannot read IP mode file for STMicroelectronics.X-CUBE-AI.10.1.0
2026-09-06 23:33:46,413 [ERROR] Engine:466 - C:\Users\seung\.stm32cubemx\thirdparties\pdsc\STMicroelectronics.FP-SNS-STAIOTCFT.1.1.0.pdsc: PDSC version is not supported
2026-09-06 23:33:46,450 [WARN] PackLoader:240 - Cannot read IP mode file for STMicroelectronics.X-CUBE-MEMS1.12.0.0
2026-09-06 23:33:46,544 [WARN] PackLoader:240 - Cannot read IP mode file for STMicroelectronics.X-CUBE-AZRTOS-G0.1.1.0
2026-09-06 23:33:46,557 [WARN] PackLoader:240 - Cannot read IP mode file for STMicroelectronics.X-CUBE-SAFEA1.1.2.2
2026-09-06 23:33:46,568 [WARN] PackLoader:240 - Cannot read IP mode file for STMicroelectronics.X-CUBE-NFC4.3.0.0
2026-09-06 23:33:46,580 [WARN] PackLoader:240 - Cannot read IP mode file for EmbeddedOffice.I-CUBE-FS-RTOS.1.0.1
2026-09-06 23:33:46,580 [ERROR] ConditionMgr:805 - Attr not supported : Dmpu
2026-09-06 23:33:46,580 [ERROR] ConditionMgr:805 - Attr not supported : Dmpu
2026-09-06 23:33:46,580 [ERROR] ConditionMgr:805 - Attr not supported : Dmpu
2026-09-06 23:33:46,580 [ERROR] ConditionMgr:805 - Attr not supported : Dmpu
2026-09-06 23:33:46,580 [ERROR] ConditionMgr:805 - Attr not supported : Dmpu
2026-09-06 23:33:46,580 [ERROR] ConditionMgr:805 - Attr not supported : Dmpu
2026-09-06 23:33:46,580 [ERROR] ConditionMgr:805 - Attr not supported : Dmpu
2026-09-06 23:33:46,580 [ERROR] ConditionMgr:805 - Attr not supported : Dmpu
2026-09-06 23:33:46,580 [ERROR] ConditionMgr:805 - Attr not supported : Dmpu
2026-09-06 23:33:46,580 [ERROR] ConditionMgr:805 - Attr not supported : Dmpu
2026-09-06 23:33:46,580 [ERROR] ConditionMgr:805 - Attr not supported : Dmpu
2026-09-06 23:33:46,580 [ERROR] ConditionMgr:805 - Attr not supported : Dmpu
2026-09-06 23:33:46,580 [ERROR] ConditionMgr:805 - Attr not supported : Dmpu
2026-09-06 23:33:46,580 [ERROR] ConditionMgr:805 - Attr not supported : Dmpu
2026-09-06 23:33:46,580 [ERROR] ConditionMgr:805 - Attr not supported : Dmpu
2026-09-06 23:33:46,580 [ERROR] ConditionMgr:805 - Attr not supported : Dmpu
2026-09-06 23:33:46,580 [ERROR] ConditionMgr:805 - Attr not supported : Dmpu
2026-09-06 23:33:46,580 [ERROR] ConditionMgr:805 - Attr not supported : Dmpu
2026-09-06 23:33:46,580 [ERROR] ConditionMgr:805 - Attr not supported : Dmpu
2026-09-06 23:33:46,580 [ERROR] ConditionMgr:805 - Attr not supported : Dmpu
2026-09-06 23:33:46,580 [ERROR] ConditionMgr:805 - Attr not supported : Dmpu
2026-09-06 23:33:46,581 [ERROR] ConditionMgr:805 - Attr not supported : Dmpu
2026-09-06 23:33:46,581 [ERROR] ConditionMgr:805 - Attr not supported : Dmpu
2026-09-06 23:33:46,581 [ERROR] ConditionMgr:805 - Attr not supported : Dmpu
2026-09-06 23:33:46,581 [ERROR] ConditionMgr:805 - Attr not supported : Dmpu
2026-09-06 23:33:46,581 [ERROR] ConditionMgr:805 - Attr not supported : Dmpu
2026-09-06 23:33:46,581 [ERROR] ConditionMgr:805 - Attr not supported : Dmpu
2026-09-06 23:33:46,581 [ERROR] ConditionMgr:805 - Attr not supported : Dmpu
2026-09-06 23:33:46,581 [ERROR] ConditionMgr:805 - Attr not supported : Dmpu
2026-09-06 23:33:46,581 [ERROR] ConditionMgr:805 - Attr not supported : Dmpu
2026-09-06 23:33:46,581 [ERROR] ConditionMgr:805 - Attr not supported : Dmpu
2026-09-06 23:33:46,581 [ERROR] ConditionMgr:805 - Attr not supported : Dmpu
2026-09-06 23:33:46,581 [ERROR] ConditionMgr:805 - Attr not supported : Dmpu
2026-09-06 23:33:46,581 [ERROR] ConditionMgr:805 - Attr not supported : Dmpu
2026-09-06 23:33:46,581 [ERROR] ConditionMgr:805 - Attr not supported : Dmpu
2026-09-06 23:33:46,581 [ERROR] ConditionMgr:805 - Attr not supported : Dmpu
2026-09-06 23:33:46,581 [ERROR] ConditionMgr:805 - Attr not supported : Dmpu
2026-09-06 23:33:46,581 [ERROR] ConditionMgr:805 - Attr not supported : Dmpu
2026-09-06 23:33:46,581 [ERROR] ConditionMgr:805 - Attr not supported : Dmpu
2026-09-06 23:33:46,581 [ERROR] ConditionMgr:805 - Attr not supported : Dmpu
2026-09-06 23:33:46,581 [ERROR] ConditionMgr:805 - Attr not supported : Dmpu
2026-09-06 23:33:46,581 [ERROR] ConditionMgr:805 - Attr not supported : Dmpu
2026-09-06 23:33:46,581 [ERROR] ConditionMgr:805 - Attr not supported : Dmpu
2026-09-06 23:33:46,581 [ERROR] ConditionMgr:805 - Attr not supported : Dmpu
2026-09-06 23:33:46,581 [ERROR] ConditionMgr:805 - Attr not supported : Dmpu
2026-09-06 23:33:46,581 [ERROR] ConditionMgr:805 - Attr not supported : Dmpu
2026-09-06 23:33:46,581 [ERROR] ConditionMgr:805 - Attr not supported : Dmpu
2026-09-06 23:33:46,581 [ERROR] ConditionMgr:805 - Attr not supported : Dmpu
2026-09-06 23:33:46,581 [ERROR] ConditionMgr:805 - Attr not supported : Dmpu
2026-09-06 23:33:46,581 [ERROR] ConditionMgr:805 - Attr not supported : Dmpu
2026-09-06 23:33:46,581 [ERROR] ConditionMgr:805 - Attr not supported : Dmpu
2026-09-06 23:33:46,581 [ERROR] ConditionMgr:805 - Attr not supported : Dmpu
2026-09-06 23:33:46,581 [ERROR] ConditionMgr:805 - Attr not supported : Dmpu
2026-09-06 23:33:46,581 [ERROR] ConditionMgr:805 - Attr not supported : Dmpu
2026-09-06 23:33:46,581 [ERROR] ConditionMgr:805 - Attr not supported : Dmpu
2026-09-06 23:33:46,581 [ERROR] ConditionMgr:805 - Attr not supported : Dmpu
2026-09-06 23:33:46,581 [ERROR] ConditionMgr:805 - Attr not supported : Dmpu
2026-09-06 23:33:46,581 [ERROR] ConditionMgr:805 - Attr not supported : Dmpu
2026-09-06 23:33:46,581 [ERROR] ConditionMgr:805 - Attr not supported : Dmpu
2026-09-06 23:33:46,581 [ERROR] ConditionMgr:805 - Attr not supported : Dmpu
2026-09-06 23:33:46,581 [ERROR] ConditionMgr:805 - Attr not supported : Dmpu
2026-09-06 23:33:46,581 [ERROR] ConditionMgr:805 - Attr not supported : Dmpu
2026-09-06 23:33:46,581 [ERROR] ConditionMgr:805 - Attr not supported : Dmpu
2026-09-06 23:33:46,581 [ERROR] ConditionMgr:805 - Attr not supported : Dmpu
2026-09-06 23:33:46,592 [WARN] PackLoader:240 - Cannot read IP mode file for STMicroelectronics.X-CUBE-WB05N.2.0.0
2026-09-06 23:33:46,602 [WARN] PackLoader:240 - Cannot read IP mode file for wolfSSL.I-CUBE-wolfTPM.3.8.0
2026-09-06 23:33:46,609 [ERROR] Engine:466 - C:\Users\seung\.stm32cubemx\thirdparties\pdsc\STMicroelectronics.X-CUBE-TCPP.4.2.0.pdsc: PDSC version is not supported
2026-09-06 23:33:46,619 [WARN] PackLoader:240 - Cannot read IP mode file for RealThread.X-CUBE-RT-Thread_Nano.4.1.1
2026-09-06 23:33:46,623 [WARN] PackLoader:240 - Cannot read IP mode file for STMicroelectronics.FP-ATR-SIGFOX1.3.2.0
2026-09-06 23:33:46,635 [WARN] PackLoader:240 - Cannot read IP mode file for STMicroelectronics.X-CUBE-EEPRMA1.5.1.0
2026-09-06 23:33:46,642 [ERROR] Engine:466 - C:\Users\seung\.stm32cubemx\thirdparties\pdsc\STMicroelectronics.X-CUBE-FREERTOS.1.5.0.pdsc: PDSC version is not supported
2026-09-06 23:33:46,653 [WARN] PackLoader:240 - Cannot read IP mode file for ITTIA_DB.I-CUBE-ITTIADB.8.9.0
2026-09-06 23:33:46,664 [WARN] PackLoader:240 - Cannot read IP mode file for STMicroelectronics.X-CUBE-NFC6.3.2.0
2026-09-06 23:33:46,673 [ERROR] Engine:466 - C:\Users\seung\.stm32cubemx\thirdparties\pdsc\STMicroelectronics.X-CUBE-ST67W61.1.0.0.pdsc: PDSC version is not supported
2026-09-06 23:33:46,681 [WARN] PackLoader:240 - Cannot read IP mode file for STMicroelectronics.X-CUBE-AI.10.2.1
2026-09-06 23:33:46,689 [WARN] PackLoader:240 - Cannot read IP mode file for STMicroelectronics.X-CUBE-AI.10.2.0
2026-09-06 23:33:46,716 [WARN] PackLoader:240 - Cannot read IP mode file for STMicroelectronics.X-CUBE-MEMS1.12.1.0
2026-09-06 23:33:46,766 [WARN] PackLoader:240 - Cannot read IP mode file for SEGGER.I-CUBE-embOS.1.3.1
2026-09-06 23:33:46,791 [WARN] PackLoader:240 - Cannot read IP mode file for STMicroelectronics.X-CUBE-ALGOBUILD.1.4.0
2026-09-06 23:33:46,834 [WARN] PackLoader:240 - Cannot read IP mode file for STMicroelectronics.X-CUBE-MEMS1.11.3.0
2026-09-06 23:33:46,923 [ERROR] Engine:466 - C:\Users\seung\.stm32cubemx\thirdparties\pdsc\STMicroelectronics.FP-SNS-STAIOTCFT.2.0.0.pdsc: PDSC version is not supported
2026-09-06 23:33:46,933 [WARN] PackLoader:240 - Cannot read IP mode file for STMicroelectronics.X-CUBE-NFC13.1.0.0
2026-09-06 23:33:46,946 [WARN] PackLoader:240 - Cannot read IP mode file for STMicroelectronics.X-CUBE-PM33A1.1.0.0
2026-09-06 23:33:46,965 [WARN] PackLoader:240 - Cannot read IP mode file for STMicroelectronics.X-CUBE-AZRTOS-F4.1.1.0
2026-09-06 23:33:46,975 [WARN] PackLoader:240 - Cannot read IP mode file for STMicroelectronics.X-CUBE-ISPU.2.1.0
2026-09-06 23:33:46,986 [ERROR] Engine:466 - C:\Users\seung\.stm32cubemx\thirdparties\pdsc\STMicroelectronics.X-CUBE-IPS.3.2.0.pdsc: PDSC version is not supported
2026-09-06 23:33:46,987 [ERROR] Engine:466 - C:\Users\seung\.stm32cubemx\thirdparties\pdsc\STMicroelectronics.eDS-WB_DPC_TT-BIDIR.2.1.1.pdsc: PDSC version is not supported
2026-09-06 23:33:46,997 [WARN] PackLoader:240 - Cannot read IP mode file for STMicroelectronics.X-CUBE-NFC12.1.0.0
2026-09-06 23:33:47,012 [WARN] PackLoader:240 - Cannot read IP mode file for STMicroelectronics.X-CUBE-AZRTOS-L5.2.0.0
2026-09-06 23:33:47,023 [WARN] PackLoader:240 - Cannot read IP mode file for STMicroelectronics.X-CUBE-NFC6.3.1.0
2026-09-06 23:33:47,032 [WARN] PackLoader:240 - Cannot read IP mode file for STMicroelectronics.X-CUBE-ALGOBUILD.1.5.0
2026-09-06 23:33:47,034 [ERROR] Engine:466 - C:\Users\seung\.stm32cubemx\thirdparties\pdsc\STMicroelectronics.eDS-WB_DPC_VIENNA.1.2.0.pdsc: PDSC version is not supported
2026-09-06 23:33:47,058 [WARN] PackLoader:240 - Cannot read IP mode file for STMicroelectronics.X-CUBE-MEMS1.13.0.0
2026-09-06 23:33:47,087 [ERROR] Engine:466 - C:\Users\seung\.stm32cubemx\thirdparties\pdsc\STMicroelectronics.eDS-WB_DPC_3PH2L-BIDIR.1.1.1.pdsc: PDSC version is not supported
2026-09-06 23:33:47,096 [ERROR] Engine:466 - C:\Users\seung\.stm32cubemx\thirdparties\pdsc\STMicroelectronics.X-CUBE-ST67W61.1.3.0.pdsc: PDSC version is not supported
2026-09-06 23:33:47,105 [WARN] PackLoader:240 - Cannot read IP mode file for STMicroelectronics.X-CUBE-FREERTOS.1.3.1
2026-09-06 23:33:47,115 [WARN] PackLoader:240 - Cannot read IP mode file for STMicroelectronics.X-CUBE-TOUCHGFX.4.26.0
2026-09-06 23:33:47,126 [WARN] PackLoader:240 - Cannot read IP mode file for STMicroelectronics.X-CUBE-TOUCHGFX.4.26.1
2026-09-06 23:33:47,133 [ERROR] Engine:466 - C:\Users\seung\.stm32cubemx\thirdparties\pdsc\STMicroelectronics.FP-SNS-STAIOTCFT.1.0.0.pdsc: PDSC version is not supported
2026-09-06 23:33:47,141 [WARN] PackLoader:240 - Cannot read IP mode file for STMicroelectronics.X-CUBE-DPower.1.3.0
2026-09-06 23:33:47,161 [WARN] ConditionMgr:438 - getConditionDescription Invalid condition id : LAN8742 Phy interface Condition cause : null
2026-09-06 23:33:47,161 [WARN] PackLoader:240 - Cannot read IP mode file for STMicroelectronics.X-CUBE-AZRTOS-L4.2.0.0
2026-09-06 23:33:47,161 [WARN] ConditionMgr:1039 - genDependencies : Invalid condition id : LAN8742 Phy interface Condition cause : null
2026-09-06 23:33:47,162 [WARN] ConditionMgr:1039 - genDependencies : Invalid condition id : LAN8742 Phy interface Condition cause : null
2026-09-06 23:33:47,162 [WARN] ConditionMgr:1039 - genDependencies : Invalid condition id : LAN8742 Phy interface Condition cause : null
2026-09-06 23:33:47,176 [WARN] PackLoader:240 - Cannot read IP mode file for STMicroelectronics.X-CUBE-SFXS2LP1.4.0.0
2026-09-06 23:33:47,186 [WARN] PackLoader:240 - Cannot read IP mode file for STMicroelectronics.X-CUBE-WB05N.2.1.0
2026-09-06 23:33:47,197 [ERROR] Engine:466 - C:\Users\seung\.stm32cubemx\thirdparties\pdsc\STMicroelectronics.X-CUBE-BLEMGR.4.1.0.pdsc: PDSC version is not supported
2026-09-06 23:33:47,214 [WARN] ConditionMgr:438 - getConditionDescription Invalid condition id : UX DEVICE CLASS RTOS Condition cause : null
2026-09-06 23:33:47,214 [WARN] ConditionMgr:438 - getConditionDescription Invalid condition id : UX DEVICE CLASS RTOS Condition cause : null
2026-09-06 23:33:47,215 [WARN] PackLoader:240 - Cannot read IP mode file for STMicroelectronics.X-CUBE-AZRTOS-WB.2.0.0
2026-09-06 23:33:47,215 [WARN] ConditionMgr:1039 - genDependencies : Invalid condition id : UX DEVICE CLASS RTOS Condition cause : null
2026-09-06 23:33:47,215 [WARN] ConditionMgr:1039 - genDependencies : Invalid condition id : UX DEVICE CLASS RTOS Condition cause : null
2026-09-06 23:33:47,215 [WARN] ConditionMgr:1039 - genDependencies : Invalid condition id : UX DEVICE CLASS RTOS Condition cause : null
2026-09-06 23:33:47,215 [WARN] ConditionMgr:1039 - genDependencies : Invalid condition id : UX DEVICE CLASS RTOS Condition cause : null
2026-09-06 23:33:47,215 [WARN] ConditionMgr:1039 - genDependencies : Invalid condition id : UX DEVICE CLASS RTOS Condition cause : null
2026-09-06 23:33:47,224 [WARN] PackLoader:240 - Cannot read IP mode file for STMicroelectronics.X-CUBE-GNSS1.7.0.1
2026-09-06 23:33:47,235 [WARN] PackLoader:240 - Cannot read IP mode file for STMicroelectronics.X-CUBE-TOUCHGFX.4.25.0
2026-09-06 23:33:47,245 [WARN] PackLoader:240 - Cannot read IP mode file for STMicroelectronics.FP-SNS-STBOX1.2.0.0
2026-09-06 23:33:47,254 [ERROR] LogOutputStream:75 - [STDERR_REDIRECT] [Fatal Error] :1:1: Premature end of file.
2026-09-06 23:33:47,254 [ERROR] LogOutputStream:75 - [STDERR_REDIRECT] 
2026-09-06 23:33:47,254 [WARN] PackLoader:240 - Cannot read IP mode file for STMicroelectronics.X-CUBE-STSE01.2.0.0
2026-09-06 23:33:47,265 [WARN] PackLoader:240 - Cannot read IP mode file for STMicroelectronics.X-CUBE-SUBG2.5.0.0
2026-09-06 23:33:47,282 [WARN] PackLoader:240 - Cannot read IP mode file for STMicroelectronics.X-CUBE-AZRTOS-H7RS.1.1.0
2026-09-06 23:33:47,287 [WARN] PackLoader:240 - Cannot read IP mode file for Cesanta.I-CUBE-Mongoose.7.13.0
2026-09-06 23:33:47,301 [WARN] PackLoader:240 - Cannot read IP mode file for STMicroelectronics.X-CUBE-AZRTOS-G4.2.0.0
2026-09-06 23:33:47,304 [WARN] PackLoader:240 - Cannot read IP mode file for wolfSSL.I-CUBE-wolfSSH.1.4.20
2026-09-06 23:33:47,314 [WARN] PackLoader:240 - Cannot read IP mode file for STMicroelectronics.X-CUBE-NFC7.2.0.0
2026-09-06 23:33:47,323 [ERROR] Engine:466 - C:\Users\seung\.stm32cubemx\thirdparties\pdsc\STMicroelectronics.X-CUBE-IPS.3.1.0.pdsc: PDSC version is not supported
2026-09-06 23:33:47,331 [ERROR] Engine:466 - C:\Users\seung\.stm32cubemx\thirdparties\pdsc\STMicroelectronics.X-CUBE-BLEMGR.4.2.0.pdsc: PDSC version is not supported
2026-09-06 23:33:47,341 [WARN] PackLoader:240 - Cannot read IP mode file for STMicroelectronics.X-CUBE-ALS.1.0.2
2026-09-06 23:33:47,352 [WARN] PackLoader:240 - Cannot read IP mode file for STMicroelectronics.X-CUBE-STSE01.1.0.0
2026-09-06 23:33:47,506 [WARN] PackLoader:240 - Cannot read IP mode file for portGmbH.I-Cube-SoM-uGOAL.1.1.0
2026-09-06 23:33:47,517 [ERROR] Engine:466 - C:\Users\seung\.stm32cubemx\thirdparties\pdsc\STMicroelectronics.X-CUBE-TOF1.3.4.3.pdsc: PDSC version is not supported
2026-09-06 23:33:47,517 [INFO] ThirdParty:978 - Integrity check success = true
2026-09-06 23:33:47,517 [INFO] IntegrityCheckThread:100 - exiting critical section [integrity check]
2026-09-06 23:33:47,517 [INFO] IntegrityCheckThread:103 - End integrity checks thread
2026-09-06 23:33:47,643 [INFO] McuFinderGlobals:63 - Set McuFinder mode to 2 (CubeIDE integrated)
2026-09-06 23:33:47,667 [INFO] MainUpdater:2873 - connection check result : 10
2026-09-06 23:33:47,674 [INFO] MainUpdater:2873 - connection check result : 10
2026-09-06 23:33:47,819 [INFO] RulesReader:64 - Compatibility file has been processed (297 Rules)
2026-09-06 23:33:47,824 [INFO] RulesReader:64 - Compatibility file has been processed (297 Rules)
2026-09-06 23:33:47,827 [INFO] MicroXplorer:468 - Change Database Path : 
2026-09-06 23:33:47,827 [INFO] MicroXplorer:498 - Change Database Version : DB.6.0.120
2026-09-06 23:33:47,837 [WARN] ThirdParty:871 - waiting for thirdparty lock release [close project]
2026-09-06 23:33:47,837 [INFO] ThirdParty:873 - entering critical section [close project]
2026-09-06 23:33:47,838 [INFO] ThirdParty:883 - exiting critical section [close project]
2026-09-06 23:33:47,839 [INFO] PinOutPanel:1561 - setPackage(No Configuration,No Configuration)
2026-09-06 23:33:47,841 [INFO] UtilMem:75 - Begin LoadConfig() Used Memory: 200653848 Bytes (285212672)
2026-09-06 23:33:47,842 [INFO] MicroXplorer:468 - Change Database Path : 
2026-09-06 23:33:47,842 [INFO] MicroXplorer:498 - Change Database Version : DB.6.0.120
2026-09-06 23:33:47,842 [INFO] OpenFileManager:332 - Change cursor
2026-09-06 23:33:47,864 [INFO] Mcu:2032 - Initializing MCU STM32F103R(C-D-E)Tx STM32F103RCTx STM32F103RCT6
2026-09-06 23:33:48,252 [ERROR] LogOutputStream:75 - [STDERR_REDIRECT] [Fatal Error] :1:1: Premature end of file.
2026-09-06 23:33:48,252 [ERROR] LogOutputStream:75 - [STDERR_REDIRECT] 
2026-09-06 23:33:48,793 [INFO] Context:742 - Trying to add GPIOservice into a context  which must be forbidden
2026-09-06 23:33:49,029 [INFO] RtosManager:555 - Registered RTOS mode: class=CMSIS, group=RTOS, mode=CMSIS_V1, owner=FREERTOS
2026-09-06 23:33:49,029 [INFO] RtosManager:555 - Registered RTOS mode: class=CMSIS, group=RTOS2, mode=CMSIS_V2, owner=FREERTOS
2026-09-06 23:33:49,029 [INFO] RtosManager:555 - Registered RTOS mode: class=RTOS, group=Core, mode=CMSIS_V1, owner=FREERTOS
2026-09-06 23:33:49,029 [INFO] RtosManager:555 - Registered RTOS mode: class=RTOS, group=Core, mode=CMSIS_V2, owner=FREERTOS
2026-09-06 23:33:49,030 [WARN] ModelIntegratedComponent:184 - Missing modes for component STMicroelectronics:FreeRTOS:0.0.1:STMicroelectronics:RTOS:FreeRTOS:Core:::10.2.0:
2026-09-06 23:33:49,058 [WARN] ModelIntegratedComponent:63 - No mode defined for component null
2026-09-06 23:33:49,058 [WARN] ModelIntegratedComponent:63 - No mode defined for component null
2026-09-06 23:33:49,058 [WARN] ModelIntegratedComponent:63 - No mode defined for component null
2026-09-06 23:33:49,059 [WARN] ModelIntegratedComponent:63 - No mode defined for component null
2026-09-06 23:33:49,059 [WARN] ModelIntegratedComponent:63 - No mode defined for component null
2026-09-06 23:33:49,059 [WARN] ModelIntegratedComponent:63 - No mode defined for component null
2026-09-06 23:33:49,059 [WARN] ModelIntegratedComponent:63 - No mode defined for component null
2026-09-06 23:33:49,059 [WARN] ModelIntegratedComponent:63 - No mode defined for component null
2026-09-06 23:33:49,059 [WARN] ModelIntegratedComponent:63 - No mode defined for component null
2026-09-06 23:33:49,059 [WARN] ModelIntegratedComponent:63 - No mode defined for component null
2026-09-06 23:33:49,059 [WARN] ModelIntegratedComponent:63 - No mode defined for component null
2026-09-06 23:33:49,059 [WARN] ModelIntegratedComponent:63 - No mode defined for component null
2026-09-06 23:33:49,059 [WARN] ModelIntegratedComponent:63 - No mode defined for component null
2026-09-06 23:33:49,059 [WARN] ModelIntegratedComponent:63 - No mode defined for component null
2026-09-06 23:33:49,059 [WARN] ModelIntegratedComponent:63 - No mode defined for component null
2026-09-06 23:33:49,059 [WARN] ModelIntegratedComponent:63 - No mode defined for component null
2026-09-06 23:33:49,059 [WARN] ModelIntegratedComponent:63 - No mode defined for component null
2026-09-06 23:33:49,059 [WARN] ModelIntegratedComponent:63 - No mode defined for component null
2026-09-06 23:33:49,059 [WARN] ModelIntegratedComponent:63 - No mode defined for component null
2026-09-06 23:33:49,059 [WARN] ModelIntegratedComponent:63 - No mode defined for component null
2026-09-06 23:33:49,059 [WARN] ModelIntegratedComponent:63 - No mode defined for component null
2026-09-06 23:33:49,059 [WARN] ModelIntegratedComponent:63 - No mode defined for component null
2026-09-06 23:33:49,059 [WARN] ModelIntegratedComponent:63 - No mode defined for component null
2026-09-06 23:33:49,059 [WARN] ModelIntegratedComponent:63 - No mode defined for component null
2026-09-06 23:33:49,059 [WARN] ModelIntegratedComponent:63 - No mode defined for component null
2026-09-06 23:33:49,059 [WARN] ModelIntegratedComponent:63 - No mode defined for component null
2026-09-06 23:33:49,059 [WARN] ModelIntegratedComponent:63 - No mode defined for component null
2026-09-06 23:33:49,059 [WARN] ModelIntegratedComponent:63 - No mode defined for component null
2026-09-06 23:33:49,059 [WARN] ModelIntegratedComponent:63 - No mode defined for component null
2026-09-06 23:33:49,059 [WARN] ModelIntegratedComponent:63 - No mode defined for component null
2026-09-06 23:33:49,059 [WARN] ModelIntegratedComponent:63 - No mode defined for component null
2026-09-06 23:33:49,059 [WARN] ModelIntegratedComponent:63 - No mode defined for component null
2026-09-06 23:33:49,059 [WARN] ModelIntegratedComponent:63 - No mode defined for component null
2026-09-06 23:33:49,059 [WARN] ModelIntegratedComponent:63 - No mode defined for component null
2026-09-06 23:33:49,059 [WARN] ModelIntegratedComponent:63 - No mode defined for component null
2026-09-06 23:33:49,059 [WARN] ModelPack:524 - Component already loaded: STMicroelectronics:HAL Drivers:0.0.0:STMicroelectronics:Device:STMicro_Driver:XSPI:HAL::0.0.1:HAL_XSPI
2026-09-06 23:33:49,125 [INFO] ThirdPartyModel:298 - Start build external matchings
2026-09-06 23:33:49,252 [ERROR] LogOutputStream:75 - [STDERR_REDIRECT] [Fatal Error] :1:1: Premature end of file.
2026-09-06 23:33:49,252 [ERROR] LogOutputStream:75 - [STDERR_REDIRECT] 
2026-09-06 23:33:49,540 [INFO] ThirdPartyModel:316 - End build external matchings
2026-09-06 23:33:49,557 [INFO] ImportTextPane:205 - (OptionalMessage_ERROR) IP (RCC) : Invalid parameter (FamilyName)
2026-09-06 23:33:49,814 [INFO] ApiDb:581 - Connected to CubeFinder SQLite database (C:\Users\seung\.stmcufinder\plugins\mcufinder\mcu\cube-finder-db.db)
2026-09-06 23:33:49,899 [INFO] ApiDb:668 - CubeFinder database Data Model version=2.1
2026-09-06 23:33:49,899 [INFO] ApiDb:669 - CubeFinder database Configuration version=3.0.42
2026-09-06 23:33:49,900 [INFO] ApiDb:670 - CubeFinder database generation date=2026-08-04 (1785840812)
2026-09-06 23:33:49,900 [INFO] ApiDb:671 - CubeFinder database FW Pack versions=[FP-ATR-ASTRA1_V2.0.0, FP-SNS-FLIGHT1_V5.1.0, FP-SNS-MOTENV1_V5.1.0, FP-SNS-MOTENVWB1_V1.5.0, FP-SNS-SMARTAG2_V1.2.0, FP-SNS-STBOX1_V2.1.0, STM32Cube_FW_C0_V1.4.1, STM32Cube_FW_F4_V1.28.3, STM32Cube_FW_F7_V1.17.4, STM32Cube_FW_G0_V1.6.3, STM32Cube_FW_G4_V1.6.2, STM32Cube_FW_H5_V1.7.0, STM32Cube_FW_H7RS_V1.3.0, STM32Cube_FW_H7_V1.13.0, STM32Cube_FW_L0_V1.12.2, STM32Cube_FW_L4_V1.18.2, STM32Cube_FW_L5_V1.6.0, STM32Cube_FW_N6_V1.4.0, STM32Cube_FW_U0_V1.3.0, STM32Cube_FW_U3_V1.4.0, STM32Cube_FW_U5_V1.9.0, STM32Cube_FW_WB0_V1.5.0, STM32Cube_FW_WBA_V1.10.0, STM32Cube_FW_WB_V1.24.0, STM32Cube_FW_WL3_V1.5.0, STM32Cube_FW_WL_V1.6.0, X-CUBE-ALGOBUILD_V1.5.0, X-CUBE-ALS_V1.0.2, X-CUBE-AZRTOS-F4_V1.1.0, X-CUBE-AZRTOS-F7_V1.1.0, X-CUBE-AZRTOS-G0_V1.1.0, X-CUBE-AZRTOS-G4_V2.0.0, X-CUBE-AZRTOS-H7RS_V1.3.0, X-CUBE-AZRTOS-H7_V3.5.0, X-CUBE-AZRTOS-L4_V2.0.0, X-CUBE-AZRTOS-L5_V2.0.0, X-CUBE-AZRTOS-WB_V2.0.0, X-CUBE-AZRTOS-WL_V2.0.0, X-CUBE-BLE1_V7.1.0, X-CUBE-BLE2_V3.3.0, X-CUBE-BLEMGR_V4.2.0, X-CUBE-EEPRMA1_V5.2.0, X-CUBE-FREERTOS_V1.6.0, X-CUBE-GNSS1_V7.1.1, X-CUBE-MEMS1_V13.0.0, X-CUBE-NFC4_V3.0.0, X-CUBE-NFC7_V2.0.0, X-CUBE-SFXS2LP1_V4.0.0, X-CUBE-ST67W61_V1.3.0, X-CUBE-SUBG2_V5.0.0, X-CUBE-TOF1_V3.4.3]
2026-09-06 23:33:50,013 [INFO] DbBoardsSqlite:226 - include board P-NUCLEO-WB55-NUCLEO as a kit item of type 'Nucleo-64'
2026-09-06 23:33:50,013 [INFO] DbBoardsSqlite:226 - include board P-NUCLEO-WB55-USBDONGLE as a kit item of type 'Nucleo USB Dongle'
2026-09-06 23:33:50,015 [INFO] DbBoardsSqlite:226 - include board STEVAL-IDP005V1 as a kit item of type 'Evaluation Board'
2026-09-06 23:33:50,015 [INFO] DbBoardsSqlite:226 - include board STEVAL-IDP005V2 as a kit item of type 'Evaluation Board'
2026-09-06 23:33:50,255 [ERROR] LogOutputStream:75 - [STDERR_REDIRECT] [Fatal Error] :1:1: Premature end of file.
2026-09-06 23:33:50,255 [ERROR] LogOutputStream:75 - [STDERR_REDIRECT] 
2026-09-06 23:33:50,745 [INFO] ApiDb:240 - Found 646 in-development CPN: [B-G473E-ZEST1S, B-WB1M-WPAN1, B-WL5M-SUBG1, NUCLEO-C031C6, NUCLEO-C071RB, NUCLEO-H503RB, NUCLEO-H533RE, NUCLEO-H563ZI, NUCLEO-H7S3L8, NUCLEO-U031R8, NUCLEO-U083RC, NUCLEO-U545RE-Q, NUCLEO-U5A5ZJ-Q, NUCLEO-WB05KZ, NUCLEO-WB07CC, NUCLEO-WB09KE, NUCLEO-WBA52CG, NUCLEO-WBA55CG, STEVAL-PROTEUS1, STEVAL-SMARTAG2, STEVAL-STWINBX1, STM320518-EVAL, STM32C0116-DK, STM32C011D6Y3TR, STM32C011D6Y6TR, STM32C011F4P3, STM32C011F4P6, STM32C011F4U3, STM32C011F4U6TR, STM32C011F6P3, STM32C011F6P6, STM32C011F6U3, STM32C011F6U6TR, STM32C011J4M3, STM32C011J4M6, STM32C011J6M3, STM32C011J6M6, STM32C0316-DK, STM32C031C4T3, STM32C031C4T6, STM32C031C4U3, STM32C031C4U6, STM32C031C6T3, STM32C031C6T6, STM32C031C6U3, STM32C031C6U6, STM32C031F4P3, STM32C031F4P6, STM32C031F6P3, STM32C031F6P6, STM32C031G4U3, STM32C031G4U6, STM32C031G6U3, STM32C031G6U6, STM32C031K4T3, STM32C031K4T6, STM32C031K4U3, STM32C031K4U6, STM32C031K6T3, STM32C031K6T6, STM32C031K6U3, STM32C031K6U6, STM32C071C8T6, STM32C071C8T6N, STM32C071C8U6, STM32C071C8U6N, STM32C071CBT6, STM32C071CBT6N, STM32C071CBU6, STM32C071CBU6N, STM32C071F8P6, STM32C071F8P6N, STM32C071FBP6, STM32C071FBP6N, STM32C071FBY6TR, STM32C071G8U6, STM32C071G8U6N, STM32C071GBU6, STM32C071GBU6N, STM32C071K8T6, STM32C071K8T6N, STM32C071K8U6, STM32C071K8U6N, STM32C071KBT6, STM32C071KBT6N, STM32C071KBU6, STM32C071KBU6N, STM32C071R8T6, STM32C071R8T6N, STM32C071RBI6N, STM32C071RBT6, STM32C071RBT6N, STM32G071K8TXN, STM32G071K8UXN, STM32G081GBU6N, STM32G081KBT6N, STM32G081KBUXN, STM32G0B1CCT6N, STM32G0B1KCT6, STM32G0B1NEY6TR, STM32G0B1RCT6N, STM32G0C1CCT6, STM32G0C1CCT6N, STM32G0C1CCU6N, STM32G0C1CET6N, STM32G0C1CEU6N, STM32G0C1KCT6, STM32G0C1NEY6TR, STM32G0C1RCI6N, STM32G0C1RCT6N, STM32G0C1REI6N, STM32G0C1RET6N, STM32G0C1VCI6, STM32G0C1VEI6, STM32G411C6T3, STM32G411C6T6, STM32G411C6U3, STM32G411C6U6, STM32G411C8T3, STM32G411C8T6, STM32G411C8U3, STM32G411C8U6, STM32G411CBT3, STM32G411CBT6, STM32G411CBU3, STM32G411CBU6, STM32G411K6T3, STM32G411K6T6, STM32G411K6U3, STM32G411K6U6, STM32G411K8T3, STM32G411K8T6, STM32G411K8U3, STM32G411K8U6, STM32G411KBT3, STM32G411KBT6, STM32G411KBU3, STM32G411KBU6, STM32G411M6T3, STM32G411M6T6, STM32G411M8T3, STM32G411M8T6, STM32G411MBT3, STM32G411MBT6, STM32G411R6T3, STM32G411R6T6, STM32G411R8T3, STM32G411R8T6, STM32G411RBT3, STM32G411RBT6, STM32G414CBT3, STM32G414CBT6, STM32G414CBU3, STM32G414CBU6, STM32G414CCT3, STM32G414CCT6, STM32G414CCU3, STM32G414CCU6, STM32G414MBT3, STM32G414MBT6, STM32G414MCT3, STM32G414MCT6, STM32G414RBT3, STM32G414RBT6, STM32G414RCT3, STM32G414RCT6, STM32G414VBT3, STM32G414VBT6, STM32G414VCT3, STM32G414VCT6, STM32G431CBT3Z, STM32G431RBT3Z, STM32G471CCT6, STM32G471CCU6, STM32G471CET3, STM32G471CET6, STM32G471CEU3, STM32G471CEU6, STM32G471MCT6, STM32G471MET3, STM32G471MET6, STM32G471MEY6TR, STM32G471QCT6, STM32G471QET3, STM32G471RCT6, STM32G471RET3, STM32G471RET6, STM32G471VCH6, STM32G471VCI6, STM32G471VCT6, STM32G471VEH3, STM32G471VEH6, STM32G471VEI3, STM32G471VEI6, STM32G471VET3, STM32G471VET6, STM32G473QET3Z, STM32G473RET3Z, STM32G474CCT6, STM32G491RET3Z, STM32H503CBT6, STM32H503CBU6, STM32H503EBY6TR, STM32H503KBU6, STM32H503RBT6, STM32H523CCT6, STM32H523CCU6, STM32H523CET6, STM32H523CEU6, STM32H523HEY6TR, STM32H523RCT6, STM32H523RET6, STM32H523VCI6, STM32H523VCT6, STM32H523VEI6, STM32H523VET6, STM32H523ZCJ6, STM32H523ZCT6, STM32H523ZEJ6, STM32H523ZET6, STM32H533CET6, STM32H533CEU6, STM32H533HEY6TR, STM32H533RET6, STM32H533VEI6, STM32H533VET6, STM32H533ZEJ6, STM32H533ZET6, STM32H562AGI6, STM32H562AII6, STM32H562IGK6, STM32H562IGT6, STM32H562IIK6, STM32H562IIT6, STM32H562RGT6, STM32H562RGV6, STM32H562RIT6, STM32H562RIV6, STM32H562VGT6, STM32H562VIT6, STM32H562ZGT6, STM32H562ZIT6, STM32H563AGI6, STM32H563AII3Q, STM32H563AII6, STM32H563IGK6, STM32H563IGT6, STM32H563IIK3Q, STM32H563IIK6, STM32H563IIT3Q, STM32H563IIT6, STM32H563MIY3QTR, STM32H563RGT6, STM32H563RGV6, STM32H563RIT6, STM32H563RIV6, STM32H563VGT6, STM32H563VIT3Q, STM32H563VIT6, STM32H563ZGT6, STM32H563ZIT3Q, STM32H563ZIT6, STM32H573AII3Q, STM32H573AII6, STM32H573I-DK, STM32H573IIK3Q, STM32H573IIK6, STM32H573IIT3Q, STM32H573IIT6, STM32H573MIY3QTR, STM32H573RIT6, STM32H573RIV6, STM32H573VIT3Q, STM32H573VIT6, STM32H573ZIT3Q, STM32H573ZIT6, STM32H7R3A8I6, STM32H7R3I8K6, STM32H7R3I8T6, STM32H7R3L8H6, STM32H7R3L8H6H, STM32H7R3R8V6, STM32H7R3V8H6, STM32H7R3V8T6, STM32H7R3V8Y6TR, STM32H7R3Z8J6, STM32H7R3Z8T6, STM32H7R7A8I6, STM32H7R7I8K6, STM32H7R7I8T6, STM32H7R7L8H6, STM32H7R7L8H6H, STM32H7R7Z8J6, STM32H7S3A8I6, STM32H7S3I8K6, STM32H7S3I8T6, STM32H7S3L8H6, STM32H7S3L8H6H, STM32H7S3R8V6, STM32H7S3V8H6, STM32H7S3V8T6, STM32H7S3V8Y6TR, STM32H7S3Z8J6, STM32H7S3Z8T6, STM32H7S78-DK, STM32H7S7A8I6, STM32H7S7I8K6, STM32H7S7I8T6, STM32H7S7L8H6, STM32H7S7L8H6H, STM32H7S7Z8J6, STM32L4R5QGI6STR, STM32MP131AAE3, STM32MP131AAF3, STM32MP131AAG3, STM32MP131CAE3, STM32MP131CAF3, STM32MP131CAG3, STM32MP131DAE7, STM32MP131DAF7, STM32MP131DAG7, STM32MP131FAE7, STM32MP131FAF7, STM32MP131FAG7, STM32MP133AAE3, STM32MP133AAF3, STM32MP133AAG3, STM32MP133CAE3, STM32MP133CAF3, STM32MP133CAG3, STM32MP133DAE7, STM32MP133DAF7, STM32MP133DAG7, STM32MP133FAE7, STM32MP133FAF7, STM32MP133FAG7, STM32MP135AAE3, STM32MP135AAF3, STM32MP135AAG3, STM32MP135CAE3, STM32MP135CAF3, STM32MP135CAG3, STM32MP135DAE7, STM32MP135DAF7, STM32MP135DAG7, STM32MP135F-DK, STM32MP135FAE7, STM32MP135FAF7, STM32MP135FAF7T, STM32MP135FAF7U, STM32MP135FAG7, STM32MP251AAI3, STM32MP251AAK3, STM32MP251AAL3, STM32MP251CAI3, STM32MP251CAK3, STM32MP251CAL3, STM32MP251DAI3, STM32MP251DAK3, STM32MP251DAL3, STM32MP251FAI3, STM32MP251FAK3, STM32MP251FAL3, STM32MP253AAI3, STM32MP253AAK3, STM32MP253AAL3, STM32MP253CAI3, STM32MP253CAK3, STM32MP253CAL3, STM32MP253DAI3, STM32MP253DAK3, STM32MP253DAL3, STM32MP253FAI3, STM32MP253FAK3, STM32MP253FAL3, STM32MP255AAI3, STM32MP255AAK3, STM32MP255AAL3, STM32MP255CAI3, STM32MP255CAK3, STM32MP255CAL3, STM32MP255DAI3, STM32MP255DAK3, STM32MP255DAL3, STM32MP255FAI3, STM32MP255FAK3, STM32MP255FAL3, STM32MP257AAI3, STM32MP257AAK3, STM32MP257AAL3, STM32MP257CAI3, STM32MP257CAK3, STM32MP257CAL3, STM32MP257DAI3, STM32MP257DAK3, STM32MP257DAL3, STM32MP257F-DK, STM32MP257F-EV1, STM32MP257FAI3, STM32MP257FAK3, STM32MP257FAL3, STM32U031C6T6, STM32U031C6U6, STM32U031C8T6, STM32U031C8U6, STM32U031F4P6, STM32U031F6P6, STM32U031F8P6, STM32U031G6Y6TR, STM32U031G8Y6TR, STM32U031K4U6, STM32U031K6U6, STM32U031K8U6, STM32U031R6I6, STM32U031R6T6, STM32U031R8I6, STM32U031R8T6, STM32U073C8T6, STM32U073C8U6, STM32U073CBT6, STM32U073CBU6, STM32U073CCT6, STM32U073CCU6, STM32U073H8Y6TR, STM32U073HBY6TR, STM32U073HCY6TR, STM32U073K8U6, STM32U073KBU6, STM32U073KCU6, STM32U073M8I6, STM32U073M8T6, STM32U073MBI6, STM32U073MBT6, STM32U073MCI6, STM32U073MCT6, STM32U073R8I6, STM32U073R8T6, STM32U073RBI6, STM32U073RBT6, STM32U073RCI6, STM32U073RCT6, STM32U083C-DK, STM32U083CCT6, STM32U083CCU6, STM32U083HCY6TR, STM32U083KCU6, STM32U083MCI6, STM32U083MCT6, STM32U083RCI6, STM32U083RCT6, STM32U535CBT6, STM32U535CBT6Q, STM32U535CBU6, STM32U535CBU6Q, STM32U535CCT6, STM32U535CCT6Q, STM32U535CCU6, STM32U535CCU6Q, STM32U535CET6, STM32U535CET6Q, STM32U535CEU6, STM32U535CEU6Q, STM32U535JEY6QTR, STM32U535NCY6QTR, STM32U535NEY6QTR, STM32U535RBI6, STM32U535RBI6Q, STM32U535RBT6, STM32U535RBT6Q, STM32U535RCI6, STM32U535RCI6Q, STM32U535RCT6, STM32U535RCT6Q, STM32U535REI6, STM32U535REI6Q, STM32U535RET6, STM32U535RET6Q, STM32U535VCI6, STM32U535VCI6Q, STM32U535VCT6, STM32U535VCT6Q, STM32U535VEI6, STM32U535VEI6Q, STM32U535VET6, STM32U535VET6Q, STM32U545CET6, STM32U545CET6Q, STM32U545CEU6, STM32U545CEU6Q, STM32U545JEY6QTR, STM32U545NEY6QTR, STM32U545REI6, STM32U545REI6Q, STM32U545RET6, STM32U545RET6Q, STM32U545VEI6, STM32U545VEI6Q, STM32U545VET6, STM32U545VET6Q, STM32U595AIH6, STM32U595AIH6Q, STM32U595AJH6, STM32U595AJH6Q, STM32U595QII6, STM32U595QII6Q, STM32U595QJI6, STM32U595QJI6Q, STM32U595RIT6, STM32U595RIT6Q, STM32U595RJT6, STM32U595RJT6Q, STM32U595VIT6, STM32U595VIT6Q, STM32U595VJT6, STM32U595VJT6Q, STM32U595ZIT6, STM32U595ZIT6Q, STM32U595ZIY6QTR, STM32U595ZJT6, STM32U595ZJT6Q, STM32U595ZJY6QTR, STM32U599BJY6QTR, STM32U599NIH6Q, STM32U599NJH6Q, STM32U599VIT6Q, STM32U599VJT6, STM32U599VJT6Q, STM32U599ZIT6Q, STM32U599ZIY6QTR, STM32U599ZJT6Q, STM32U599ZJY6QTR, STM32U5A5AJH6, STM32U5A5AJH6Q, STM32U5A5QII3Q , STM32U5A5QJI6, STM32U5A5QJI6Q, STM32U5A5RJT6, STM32U5A5RJT6Q, STM32U5A5VJT6, STM32U5A5VJT6Q, STM32U5A5ZJT6, STM32U5A5ZJT6Q, STM32U5A5ZJY6QTR, STM32U5A9BJY6QTR, STM32U5A9J-DK, STM32U5A9NJH6Q, STM32U5A9VJT6Q, STM32U5A9ZJT6Q, STM32U5A9ZJY6QTR, STM32U5F7VIT6, STM32U5F7VIT6Q, STM32U5F7VJT6, STM32U5F7VJT6Q, STM32U5F9BJY6QTR, STM32U5F9NJH6Q, STM32U5F9VIT6Q, STM32U5F9VJT6Q, STM32U5F9ZIJ6QTR, STM32U5F9ZIT6Q, STM32U5F9ZJJ6QTR, STM32U5F9ZJT6Q, STM32U5G7VJT6, STM32U5G7VJT6Q, STM32U5G9BJY6QTR, STM32U5G9J-DK1, STM32U5G9J-DK2, STM32U5G9NJH6Q, STM32U5G9VJT6Q, STM32U5G9ZJJ6QTR, STM32U5G9ZJT6Q, STM32WB05KZV6TR, STM32WB05KZV7TR, STM32WB05TZF6TR, STM32WB05TZF7TR, STM32WB06CCF6TR, STM32WB06CCF7TR, STM32WB06CCV6TR, STM32WB06CCV7TR, STM32WB06KCV6TR, STM32WB06KCV7TR, STM32WB07CCF6TR, STM32WB07CCF7TR, STM32WB07CCV6TR, STM32WB07CCV7TR, STM32WB07KCV6TR, STM32WB07KCV7TR, STM32WB09KEV6TR, STM32WB09KEV7TR, STM32WB09TEF6TR, STM32WB09TEF7TR, STM32WB1MMCH6, STM32WBA50KGU6, STM32WBA50KGU6TR, STM32WBA52CEU6, STM32WBA52CEU6TR, STM32WBA52CEU7, STM32WBA52CEU7TR, STM32WBA52CGU6, STM32WBA52CGU6TR, STM32WBA52CGU6U, STM32WBA52CGU7, STM32WBA52CGU7TR, STM32WBA52KEU6, STM32WBA52KEU6TR, STM32WBA52KGU6, STM32WBA52KGU6TR, STM32WBA54CEU6, STM32WBA54CEU6TR, STM32WBA54CEU7, STM32WBA54CEU7TR, STM32WBA54CGU6, STM32WBA54CGU6TR, STM32WBA54CGU7, STM32WBA54CGU7TR, STM32WBA54KEU6, STM32WBA54KEU6TR, STM32WBA54KEU7, STM32WBA54KEU7TR, STM32WBA54KGU6, STM32WBA54KGU6TR, STM32WBA54KGU7, STM32WBA54KGU7TR, STM32WBA55CEU6, STM32WBA55CEU6TR, STM32WBA55CEU7, STM32WBA55CEU7TR, STM32WBA55CGU6, STM32WBA55CGU6TR, STM32WBA55CGU6U, STM32WBA55CGU7, STM32WBA55CGU7TR, STM32WBA55G-DK1, STM32WBA55HEF6, STM32WBA55HEF7, STM32WBA55HGF6, STM32WBA55HGF7, STM32WBA55UEI6, STM32WBA55UEI6TR, STM32WBA55UEI7, STM32WBA55UEI7TR, STM32WBA55UGI6, STM32WBA55UGI6TR, STM32WBA55UGI7, STM32WBA55UGI7TR, STM32WL5MOCH6, STM32WL5MOCH6TR]
2026-09-06 23:33:50,747 [INFO] ApiDb:668 - CubeFinder database Data Model version=2.1
2026-09-06 23:33:50,747 [INFO] ApiDb:669 - CubeFinder database Configuration version=3.0.42
2026-09-06 23:33:50,747 [INFO] ApiDb:670 - CubeFinder database generation date=2026-08-04 (1785840812)
2026-09-06 23:33:50,747 [INFO] ApiDb:671 - CubeFinder database FW Pack versions=[FP-ATR-ASTRA1_V2.0.0, FP-SNS-FLIGHT1_V5.1.0, FP-SNS-MOTENV1_V5.1.0, FP-SNS-MOTENVWB1_V1.5.0, FP-SNS-SMARTAG2_V1.2.0, FP-SNS-STBOX1_V2.1.0, STM32Cube_FW_C0_V1.4.1, STM32Cube_FW_F4_V1.28.3, STM32Cube_FW_F7_V1.17.4, STM32Cube_FW_G0_V1.6.3, STM32Cube_FW_G4_V1.6.2, STM32Cube_FW_H5_V1.7.0, STM32Cube_FW_H7RS_V1.3.0, STM32Cube_FW_H7_V1.13.0, STM32Cube_FW_L0_V1.12.2, STM32Cube_FW_L4_V1.18.2, STM32Cube_FW_L5_V1.6.0, STM32Cube_FW_N6_V1.4.0, STM32Cube_FW_U0_V1.3.0, STM32Cube_FW_U3_V1.4.0, STM32Cube_FW_U5_V1.9.0, STM32Cube_FW_WB0_V1.5.0, STM32Cube_FW_WBA_V1.10.0, STM32Cube_FW_WB_V1.24.0, STM32Cube_FW_WL3_V1.5.0, STM32Cube_FW_WL_V1.6.0, X-CUBE-ALGOBUILD_V1.5.0, X-CUBE-ALS_V1.0.2, X-CUBE-AZRTOS-F4_V1.1.0, X-CUBE-AZRTOS-F7_V1.1.0, X-CUBE-AZRTOS-G0_V1.1.0, X-CUBE-AZRTOS-G4_V2.0.0, X-CUBE-AZRTOS-H7RS_V1.3.0, X-CUBE-AZRTOS-H7_V3.5.0, X-CUBE-AZRTOS-L4_V2.0.0, X-CUBE-AZRTOS-L5_V2.0.0, X-CUBE-AZRTOS-WB_V2.0.0, X-CUBE-AZRTOS-WL_V2.0.0, X-CUBE-BLE1_V7.1.0, X-CUBE-BLE2_V3.3.0, X-CUBE-BLEMGR_V4.2.0, X-CUBE-EEPRMA1_V5.2.0, X-CUBE-FREERTOS_V1.6.0, X-CUBE-GNSS1_V7.1.1, X-CUBE-MEMS1_V13.0.0, X-CUBE-NFC4_V3.0.0, X-CUBE-NFC7_V2.0.0, X-CUBE-SFXS2LP1_V4.0.0, X-CUBE-ST67W61_V1.3.0, X-CUBE-SUBG2_V5.0.0, X-CUBE-TOF1_V3.4.3]
2026-09-06 23:33:51,254 [ERROR] LogOutputStream:75 - [STDERR_REDIRECT] [Fatal Error] :1:1: Premature end of file.
2026-09-06 23:33:51,254 [ERROR] LogOutputStream:75 - [STDERR_REDIRECT] 
2026-09-06 23:33:52,251 [ERROR] LogOutputStream:75 - [STDERR_REDIRECT] [Fatal Error] :1:1: Premature end of file.
2026-09-06 23:33:52,251 [ERROR] LogOutputStream:75 - [STDERR_REDIRECT] 
2026-09-06 23:33:52,577 [INFO] ApiDb:240 - Found 646 in-development CPN: [B-G473E-ZEST1S, B-WB1M-WPAN1, B-WL5M-SUBG1, NUCLEO-C031C6, NUCLEO-C071RB, NUCLEO-H503RB, NUCLEO-H533RE, NUCLEO-H563ZI, NUCLEO-H7S3L8, NUCLEO-U031R8, NUCLEO-U083RC, NUCLEO-U545RE-Q, NUCLEO-U5A5ZJ-Q, NUCLEO-WB05KZ, NUCLEO-WB07CC, NUCLEO-WB09KE, NUCLEO-WBA52CG, NUCLEO-WBA55CG, STEVAL-PROTEUS1, STEVAL-SMARTAG2, STEVAL-STWINBX1, STM320518-EVAL, STM32C0116-DK, STM32C011D6Y3TR, STM32C011D6Y6TR, STM32C011F4P3, STM32C011F4P6, STM32C011F4U3, STM32C011F4U6TR, STM32C011F6P3, STM32C011F6P6, STM32C011F6U3, STM32C011F6U6TR, STM32C011J4M3, STM32C011J4M6, STM32C011J6M3, STM32C011J6M6, STM32C0316-DK, STM32C031C4T3, STM32C031C4T6, STM32C031C4U3, STM32C031C4U6, STM32C031C6T3, STM32C031C6T6, STM32C031C6U3, STM32C031C6U6, STM32C031F4P3, STM32C031F4P6, STM32C031F6P3, STM32C031F6P6, STM32C031G4U3, STM32C031G4U6, STM32C031G6U3, STM32C031G6U6, STM32C031K4T3, STM32C031K4T6, STM32C031K4U3, STM32C031K4U6, STM32C031K6T3, STM32C031K6T6, STM32C031K6U3, STM32C031K6U6, STM32C071C8T6, STM32C071C8T6N, STM32C071C8U6, STM32C071C8U6N, STM32C071CBT6, STM32C071CBT6N, STM32C071CBU6, STM32C071CBU6N, STM32C071F8P6, STM32C071F8P6N, STM32C071FBP6, STM32C071FBP6N, STM32C071FBY6TR, STM32C071G8U6, STM32C071G8U6N, STM32C071GBU6, STM32C071GBU6N, STM32C071K8T6, STM32C071K8T6N, STM32C071K8U6, STM32C071K8U6N, STM32C071KBT6, STM32C071KBT6N, STM32C071KBU6, STM32C071KBU6N, STM32C071R8T6, STM32C071R8T6N, STM32C071RBI6N, STM32C071RBT6, STM32C071RBT6N, STM32G071K8TXN, STM32G071K8UXN, STM32G081GBU6N, STM32G081KBT6N, STM32G081KBUXN, STM32G0B1CCT6N, STM32G0B1KCT6, STM32G0B1NEY6TR, STM32G0B1RCT6N, STM32G0C1CCT6, STM32G0C1CCT6N, STM32G0C1CCU6N, STM32G0C1CET6N, STM32G0C1CEU6N, STM32G0C1KCT6, STM32G0C1NEY6TR, STM32G0C1RCI6N, STM32G0C1RCT6N, STM32G0C1REI6N, STM32G0C1RET6N, STM32G0C1VCI6, STM32G0C1VEI6, STM32G411C6T3, STM32G411C6T6, STM32G411C6U3, STM32G411C6U6, STM32G411C8T3, STM32G411C8T6, STM32G411C8U3, STM32G411C8U6, STM32G411CBT3, STM32G411CBT6, STM32G411CBU3, STM32G411CBU6, STM32G411K6T3, STM32G411K6T6, STM32G411K6U3, STM32G411K6U6, STM32G411K8T3, STM32G411K8T6, STM32G411K8U3, STM32G411K8U6, STM32G411KBT3, STM32G411KBT6, STM32G411KBU3, STM32G411KBU6, STM32G411M6T3, STM32G411M6T6, STM32G411M8T3, STM32G411M8T6, STM32G411MBT3, STM32G411MBT6, STM32G411R6T3, STM32G411R6T6, STM32G411R8T3, STM32G411R8T6, STM32G411RBT3, STM32G411RBT6, STM32G414CBT3, STM32G414CBT6, STM32G414CBU3, STM32G414CBU6, STM32G414CCT3, STM32G414CCT6, STM32G414CCU3, STM32G414CCU6, STM32G414MBT3, STM32G414MBT6, STM32G414MCT3, STM32G414MCT6, STM32G414RBT3, STM32G414RBT6, STM32G414RCT3, STM32G414RCT6, STM32G414VBT3, STM32G414VBT6, STM32G414VCT3, STM32G414VCT6, STM32G431CBT3Z, STM32G431RBT3Z, STM32G471CCT6, STM32G471CCU6, STM32G471CET3, STM32G471CET6, STM32G471CEU3, STM32G471CEU6, STM32G471MCT6, STM32G471MET3, STM32G471MET6, STM32G471MEY6TR, STM32G471QCT6, STM32G471QET3, STM32G471RCT6, STM32G471RET3, STM32G471RET6, STM32G471VCH6, STM32G471VCI6, STM32G471VCT6, STM32G471VEH3, STM32G471VEH6, STM32G471VEI3, STM32G471VEI6, STM32G471VET3, STM32G471VET6, STM32G473QET3Z, STM32G473RET3Z, STM32G474CCT6, STM32G491RET3Z, STM32H503CBT6, STM32H503CBU6, STM32H503EBY6TR, STM32H503KBU6, STM32H503RBT6, STM32H523CCT6, STM32H523CCU6, STM32H523CET6, STM32H523CEU6, STM32H523HEY6TR, STM32H523RCT6, STM32H523RET6, STM32H523VCI6, STM32H523VCT6, STM32H523VEI6, STM32H523VET6, STM32H523ZCJ6, STM32H523ZCT6, STM32H523ZEJ6, STM32H523ZET6, STM32H533CET6, STM32H533CEU6, STM32H533HEY6TR, STM32H533RET6, STM32H533VEI6, STM32H533VET6, STM32H533ZEJ6, STM32H533ZET6, STM32H562AGI6, STM32H562AII6, STM32H562IGK6, STM32H562IGT6, STM32H562IIK6, STM32H562IIT6, STM32H562RGT6, STM32H562RGV6, STM32H562RIT6, STM32H562RIV6, STM32H562VGT6, STM32H562VIT6, STM32H562ZGT6, STM32H562ZIT6, STM32H563AGI6, STM32H563AII3Q, STM32H563AII6, STM32H563IGK6, STM32H563IGT6, STM32H563IIK3Q, STM32H563IIK6, STM32H563IIT3Q, STM32H563IIT6, STM32H563MIY3QTR, STM32H563RGT6, STM32H563RGV6, STM32H563RIT6, STM32H563RIV6, STM32H563VGT6, STM32H563VIT3Q, STM32H563VIT6, STM32H563ZGT6, STM32H563ZIT3Q, STM32H563ZIT6, STM32H573AII3Q, STM32H573AII6, STM32H573I-DK, STM32H573IIK3Q, STM32H573IIK6, STM32H573IIT3Q, STM32H573IIT6, STM32H573MIY3QTR, STM32H573RIT6, STM32H573RIV6, STM32H573VIT3Q, STM32H573VIT6, STM32H573ZIT3Q, STM32H573ZIT6, STM32H7R3A8I6, STM32H7R3I8K6, STM32H7R3I8T6, STM32H7R3L8H6, STM32H7R3L8H6H, STM32H7R3R8V6, STM32H7R3V8H6, STM32H7R3V8T6, STM32H7R3V8Y6TR, STM32H7R3Z8J6, STM32H7R3Z8T6, STM32H7R7A8I6, STM32H7R7I8K6, STM32H7R7I8T6, STM32H7R7L8H6, STM32H7R7L8H6H, STM32H7R7Z8J6, STM32H7S3A8I6, STM32H7S3I8K6, STM32H7S3I8T6, STM32H7S3L8H6, STM32H7S3L8H6H, STM32H7S3R8V6, STM32H7S3V8H6, STM32H7S3V8T6, STM32H7S3V8Y6TR, STM32H7S3Z8J6, STM32H7S3Z8T6, STM32H7S78-DK, STM32H7S7A8I6, STM32H7S7I8K6, STM32H7S7I8T6, STM32H7S7L8H6, STM32H7S7L8H6H, STM32H7S7Z8J6, STM32L4R5QGI6STR, STM32MP131AAE3, STM32MP131AAF3, STM32MP131AAG3, STM32MP131CAE3, STM32MP131CAF3, STM32MP131CAG3, STM32MP131DAE7, STM32MP131DAF7, STM32MP131DAG7, STM32MP131FAE7, STM32MP131FAF7, STM32MP131FAG7, STM32MP133AAE3, STM32MP133AAF3, STM32MP133AAG3, STM32MP133CAE3, STM32MP133CAF3, STM32MP133CAG3, STM32MP133DAE7, STM32MP133DAF7, STM32MP133DAG7, STM32MP133FAE7, STM32MP133FAF7, STM32MP133FAG7, STM32MP135AAE3, STM32MP135AAF3, STM32MP135AAG3, STM32MP135CAE3, STM32MP135CAF3, STM32MP135CAG3, STM32MP135DAE7, STM32MP135DAF7, STM32MP135DAG7, STM32MP135F-DK, STM32MP135FAE7, STM32MP135FAF7, STM32MP135FAF7T, STM32MP135FAF7U, STM32MP135FAG7, STM32MP251AAI3, STM32MP251AAK3, STM32MP251AAL3, STM32MP251CAI3, STM32MP251CAK3, STM32MP251CAL3, STM32MP251DAI3, STM32MP251DAK3, STM32MP251DAL3, STM32MP251FAI3, STM32MP251FAK3, STM32MP251FAL3, STM32MP253AAI3, STM32MP253AAK3, STM32MP253AAL3, STM32MP253CAI3, STM32MP253CAK3, STM32MP253CAL3, STM32MP253DAI3, STM32MP253DAK3, STM32MP253DAL3, STM32MP253FAI3, STM32MP253FAK3, STM32MP253FAL3, STM32MP255AAI3, STM32MP255AAK3, STM32MP255AAL3, STM32MP255CAI3, STM32MP255CAK3, STM32MP255CAL3, STM32MP255DAI3, STM32MP255DAK3, STM32MP255DAL3, STM32MP255FAI3, STM32MP255FAK3, STM32MP255FAL3, STM32MP257AAI3, STM32MP257AAK3, STM32MP257AAL3, STM32MP257CAI3, STM32MP257CAK3, STM32MP257CAL3, STM32MP257DAI3, STM32MP257DAK3, STM32MP257DAL3, STM32MP257F-DK, STM32MP257F-EV1, STM32MP257FAI3, STM32MP257FAK3, STM32MP257FAL3, STM32U031C6T6, STM32U031C6U6, STM32U031C8T6, STM32U031C8U6, STM32U031F4P6, STM32U031F6P6, STM32U031F8P6, STM32U031G6Y6TR, STM32U031G8Y6TR, STM32U031K4U6, STM32U031K6U6, STM32U031K8U6, STM32U031R6I6, STM32U031R6T6, STM32U031R8I6, STM32U031R8T6, STM32U073C8T6, STM32U073C8U6, STM32U073CBT6, STM32U073CBU6, STM32U073CCT6, STM32U073CCU6, STM32U073H8Y6TR, STM32U073HBY6TR, STM32U073HCY6TR, STM32U073K8U6, STM32U073KBU6, STM32U073KCU6, STM32U073M8I6, STM32U073M8T6, STM32U073MBI6, STM32U073MBT6, STM32U073MCI6, STM32U073MCT6, STM32U073R8I6, STM32U073R8T6, STM32U073RBI6, STM32U073RBT6, STM32U073RCI6, STM32U073RCT6, STM32U083C-DK, STM32U083CCT6, STM32U083CCU6, STM32U083HCY6TR, STM32U083KCU6, STM32U083MCI6, STM32U083MCT6, STM32U083RCI6, STM32U083RCT6, STM32U535CBT6, STM32U535CBT6Q, STM32U535CBU6, STM32U535CBU6Q, STM32U535CCT6, STM32U535CCT6Q, STM32U535CCU6, STM32U535CCU6Q, STM32U535CET6, STM32U535CET6Q, STM32U535CEU6, STM32U535CEU6Q, STM32U535JEY6QTR, STM32U535NCY6QTR, STM32U535NEY6QTR, STM32U535RBI6, STM32U535RBI6Q, STM32U535RBT6, STM32U535RBT6Q, STM32U535RCI6, STM32U535RCI6Q, STM32U535RCT6, STM32U535RCT6Q, STM32U535REI6, STM32U535REI6Q, STM32U535RET6, STM32U535RET6Q, STM32U535VCI6, STM32U535VCI6Q, STM32U535VCT6, STM32U535VCT6Q, STM32U535VEI6, STM32U535VEI6Q, STM32U535VET6, STM32U535VET6Q, STM32U545CET6, STM32U545CET6Q, STM32U545CEU6, STM32U545CEU6Q, STM32U545JEY6QTR, STM32U545NEY6QTR, STM32U545REI6, STM32U545REI6Q, STM32U545RET6, STM32U545RET6Q, STM32U545VEI6, STM32U545VEI6Q, STM32U545VET6, STM32U545VET6Q, STM32U595AIH6, STM32U595AIH6Q, STM32U595AJH6, STM32U595AJH6Q, STM32U595QII6, STM32U595QII6Q, STM32U595QJI6, STM32U595QJI6Q, STM32U595RIT6, STM32U595RIT6Q, STM32U595RJT6, STM32U595RJT6Q, STM32U595VIT6, STM32U595VIT6Q, STM32U595VJT6, STM32U595VJT6Q, STM32U595ZIT6, STM32U595ZIT6Q, STM32U595ZIY6QTR, STM32U595ZJT6, STM32U595ZJT6Q, STM32U595ZJY6QTR, STM32U599BJY6QTR, STM32U599NIH6Q, STM32U599NJH6Q, STM32U599VIT6Q, STM32U599VJT6, STM32U599VJT6Q, STM32U599ZIT6Q, STM32U599ZIY6QTR, STM32U599ZJT6Q, STM32U599ZJY6QTR, STM32U5A5AJH6, STM32U5A5AJH6Q, STM32U5A5QII3Q , STM32U5A5QJI6, STM32U5A5QJI6Q, STM32U5A5RJT6, STM32U5A5RJT6Q, STM32U5A5VJT6, STM32U5A5VJT6Q, STM32U5A5ZJT6, STM32U5A5ZJT6Q, STM32U5A5ZJY6QTR, STM32U5A9BJY6QTR, STM32U5A9J-DK, STM32U5A9NJH6Q, STM32U5A9VJT6Q, STM32U5A9ZJT6Q, STM32U5A9ZJY6QTR, STM32U5F7VIT6, STM32U5F7VIT6Q, STM32U5F7VJT6, STM32U5F7VJT6Q, STM32U5F9BJY6QTR, STM32U5F9NJH6Q, STM32U5F9VIT6Q, STM32U5F9VJT6Q, STM32U5F9ZIJ6QTR, STM32U5F9ZIT6Q, STM32U5F9ZJJ6QTR, STM32U5F9ZJT6Q, STM32U5G7VJT6, STM32U5G7VJT6Q, STM32U5G9BJY6QTR, STM32U5G9J-DK1, STM32U5G9J-DK2, STM32U5G9NJH6Q, STM32U5G9VJT6Q, STM32U5G9ZJJ6QTR, STM32U5G9ZJT6Q, STM32WB05KZV6TR, STM32WB05KZV7TR, STM32WB05TZF6TR, STM32WB05TZF7TR, STM32WB06CCF6TR, STM32WB06CCF7TR, STM32WB06CCV6TR, STM32WB06CCV7TR, STM32WB06KCV6TR, STM32WB06KCV7TR, STM32WB07CCF6TR, STM32WB07CCF7TR, STM32WB07CCV6TR, STM32WB07CCV7TR, STM32WB07KCV6TR, STM32WB07KCV7TR, STM32WB09KEV6TR, STM32WB09KEV7TR, STM32WB09TEF6TR, STM32WB09TEF7TR, STM32WB1MMCH6, STM32WBA50KGU6, STM32WBA50KGU6TR, STM32WBA52CEU6, STM32WBA52CEU6TR, STM32WBA52CEU7, STM32WBA52CEU7TR, STM32WBA52CGU6, STM32WBA52CGU6TR, STM32WBA52CGU6U, STM32WBA52CGU7, STM32WBA52CGU7TR, STM32WBA52KEU6, STM32WBA52KEU6TR, STM32WBA52KGU6, STM32WBA52KGU6TR, STM32WBA54CEU6, STM32WBA54CEU6TR, STM32WBA54CEU7, STM32WBA54CEU7TR, STM32WBA54CGU6, STM32WBA54CGU6TR, STM32WBA54CGU7, STM32WBA54CGU7TR, STM32WBA54KEU6, STM32WBA54KEU6TR, STM32WBA54KEU7, STM32WBA54KEU7TR, STM32WBA54KGU6, STM32WBA54KGU6TR, STM32WBA54KGU7, STM32WBA54KGU7TR, STM32WBA55CEU6, STM32WBA55CEU6TR, STM32WBA55CEU7, STM32WBA55CEU7TR, STM32WBA55CGU6, STM32WBA55CGU6TR, STM32WBA55CGU6U, STM32WBA55CGU7, STM32WBA55CGU7TR, STM32WBA55G-DK1, STM32WBA55HEF6, STM32WBA55HEF7, STM32WBA55HGF6, STM32WBA55HGF7, STM32WBA55UEI6, STM32WBA55UEI6TR, STM32WBA55UEI7, STM32WBA55UEI7TR, STM32WBA55UGI6, STM32WBA55UGI6TR, STM32WBA55UGI7, STM32WBA55UGI7TR, STM32WL5MOCH6, STM32WL5MOCH6TR]
2026-09-06 23:33:52,581 [INFO] DbMcus:218 - Found 5304 MCUs, 5116 are supported
2026-09-06 23:33:52,582 [INFO] ApiDb:423 - Load user favorites file C:\Users\seung/.stm32cubeide/favorites.mcus.txt: 0 item(s)
2026-09-06 23:33:52,582 [INFO] ApiDb:427 - User favorites MCUs=[]
2026-09-06 23:33:52,582 [INFO] DbMcus:224 - Set 0 / 0 favorites MCUs
2026-09-06 23:33:52,828 [INFO] BoardInfo:889 - No configuration file found for board B-WBA5M-WPAN
2026-09-06 23:33:52,829 [INFO] DbBoards:161 - Board is not supported: B-WBA5M-WPAN
2026-09-06 23:33:52,831 [INFO] BoardInfo:889 - No configuration file found for board NUCLEO-C051C8
2026-09-06 23:33:52,831 [INFO] DbBoards:161 - Board is not supported: NUCLEO-C051C8
2026-09-06 23:33:52,833 [INFO] BoardInfo:889 - No configuration file found for board NUCLEO-C092RC
2026-09-06 23:33:52,833 [INFO] DbBoards:161 - Board is not supported: NUCLEO-C092RC
2026-09-06 23:33:52,866 [INFO] BoardInfo:889 - No configuration file found for board NUCLEO-H553ZG
2026-09-06 23:33:52,866 [INFO] DbBoards:161 - Board is not supported: NUCLEO-H553ZG
2026-09-06 23:33:52,868 [INFO] BoardInfo:889 - No configuration file found for board NUCLEO-H5E5ZJ
2026-09-06 23:33:52,868 [INFO] DbBoards:161 - Board is not supported: NUCLEO-H5E5ZJ
2026-09-06 23:33:52,893 [INFO] BoardInfo:889 - No configuration file found for board NUCLEO-N657X0-Q
2026-09-06 23:33:52,894 [INFO] DbBoards:161 - Board is not supported: NUCLEO-N657X0-Q
2026-09-06 23:33:52,896 [INFO] BoardInfo:889 - No configuration file found for board NUCLEO-U385RG-Q
2026-09-06 23:33:52,896 [INFO] DbBoards:161 - Board is not supported: NUCLEO-U385RG-Q
2026-09-06 23:33:52,897 [INFO] BoardInfo:889 - No configuration file found for board NUCLEO-U3C5ZI-Q
2026-09-06 23:33:52,897 [INFO] DbBoards:161 - Board is not supported: NUCLEO-U3C5ZI-Q
2026-09-06 23:33:52,905 [INFO] BoardInfo:889 - No configuration file found for board NUCLEO-WBA25CE1
2026-09-06 23:33:52,905 [INFO] DbBoards:161 - Board is not supported: NUCLEO-WBA25CE1
2026-09-06 23:33:52,908 [INFO] BoardInfo:889 - No configuration file found for board NUCLEO-WBA65RI
2026-09-06 23:33:52,908 [INFO] DbBoards:161 - Board is not supported: NUCLEO-WBA65RI
2026-09-06 23:33:52,909 [INFO] BoardInfo:889 - No configuration file found for board NUCLEO-WL33CC1
2026-09-06 23:33:52,909 [INFO] DbBoards:161 - Board is not supported: NUCLEO-WL33CC1
2026-09-06 23:33:52,910 [INFO] BoardInfo:889 - No configuration file found for board NUCLEO-WL33CC2
2026-09-06 23:33:52,910 [INFO] DbBoards:161 - Board is not supported: NUCLEO-WL33CC2
2026-09-06 23:33:52,911 [INFO] BoardInfo:889 - No configuration file found for board NUCLEO-WL3RKB1
2026-09-06 23:33:52,911 [INFO] DbBoards:161 - Board is not supported: NUCLEO-WL3RKB1
2026-09-06 23:33:52,912 [INFO] BoardInfo:889 - No configuration file found for board NUCLEO-WL3RKB2
2026-09-06 23:33:52,912 [INFO] DbBoards:161 - Board is not supported: NUCLEO-WL3RKB2
2026-09-06 23:33:52,917 [INFO] BoardInfo:889 - No configuration file found for board P-NUCLEO-WB55
2026-09-06 23:33:52,917 [INFO] DbBoards:161 - Kit is not supported: P-NUCLEO-WB55
2026-09-06 23:33:52,920 [INFO] BoardInfo:889 - No configuration file found for board STEVAL-BFA001V1B
2026-09-06 23:33:52,920 [INFO] DbBoards:161 - Kit is not supported: STEVAL-BFA001V1B
2026-09-06 23:33:52,921 [INFO] BoardInfo:889 - No configuration file found for board STEVAL-BFA001V2B
2026-09-06 23:33:52,922 [INFO] DbBoards:161 - Kit is not supported: STEVAL-BFA001V2B
2026-09-06 23:33:52,989 [INFO] BoardInfo:889 - No configuration file found for board STM32H5F5J-DK
2026-09-06 23:33:52,989 [INFO] DbBoards:161 - Board is not supported: STM32H5F5J-DK
2026-09-06 23:33:53,022 [INFO] BoardInfo:889 - No configuration file found for board STM32MP215F-DK
2026-09-06 23:33:53,023 [INFO] DbBoards:161 - Board is not supported: STM32MP215F-DK
2026-09-06 23:33:53,025 [INFO] BoardInfo:889 - No configuration file found for board STM32N6570-DK
2026-09-06 23:33:53,026 [INFO] DbBoards:161 - Board is not supported: STM32N6570-DK
2026-09-06 23:33:53,035 [INFO] BoardInfo:889 - No configuration file found for board STM32WBA65I-DK1
2026-09-06 23:33:53,035 [INFO] DbBoards:161 - Board is not supported: STM32WBA65I-DK1
2026-09-06 23:33:53,036 [INFO] DbBoards:168 - Found 219 boards, 198 are supported
2026-09-06 23:33:53,036 [INFO] DbBoards:169 - Found 219 boards, 25 of them is supported for  Bsp
2026-09-06 23:33:53,040 [INFO] ApiDb:423 - Load user favorites file C:\Users\seung/.stm32cubeide/favorites.boards.txt: 0 item(s)
2026-09-06 23:33:53,040 [INFO] ApiDb:427 - User favorites Boards=[]
2026-09-06 23:33:53,040 [INFO] DbBoards:198 - Set 0 / 0 favorites Boards
2026-09-06 23:33:53,090 [INFO] UtilMem:75 - End LoadConfig() Used Memory: 186598608 Bytes (361758720)
2026-09-06 23:33:53,193 [WARN] ThirdParty:833 - waiting for thirdparty lock release [change project]
2026-09-06 23:33:53,194 [INFO] ThirdParty:835 - entering critical section [change project]
2026-09-06 23:33:53,194 [INFO] ThirdParty:1030 - CMSIS Pack Vendor :STMicroelectronics X-CUBE-AZRTOS-H7 3.5.0
2026-09-06 23:33:53,194 [INFO] ThirdParty:1030 - CMSIS Pack Vendor :STMicroelectronics X-CUBE-PM33A1 1.0.0
2026-09-06 23:33:53,194 [INFO] ThirdParty:1030 - CMSIS Pack Vendor :STMicroelectronics USBPD 4.1
2026-09-06 23:33:53,194 [INFO] ThirdParty:1030 - CMSIS Pack Vendor :STMicroelectronics X-CUBE-NFC9 1.0.0
2026-09-06 23:33:53,194 [INFO] ThirdParty:1030 - CMSIS Pack Vendor :wolfSSL I-CUBE-wolfSSL 5.8.0
2026-09-06 23:33:53,194 [INFO] ThirdParty:1030 - CMSIS Pack Vendor :STMicroelectronics USB_HOST 2.0.0
2026-09-06 23:33:53,194 [INFO] ThirdParty:1030 - CMSIS Pack Vendor :STMicroelectronics FP-SNS-MOTENVWB1 1.4.0
2026-09-06 23:33:53,194 [INFO] ThirdParty:1030 - CMSIS Pack Vendor :STMicroelectronics FP-ATR-ASTRA1 2.0.3
2026-09-06 23:33:53,194 [INFO] ThirdParty:1030 - CMSIS Pack Vendor :STMicroelectronics X-CUBE-AZRTOS-F4 1.1.0
2026-09-06 23:33:53,194 [INFO] ThirdParty:1030 - CMSIS Pack Vendor :STMicroelectronics LIBJPEG 8.0.0
2026-09-06 23:33:53,194 [INFO] ThirdParty:1030 - CMSIS Pack Vendor :STMicroelectronics FP-ATR-ASTRA1 2.0.2
2026-09-06 23:33:53,194 [INFO] ThirdParty:1030 - CMSIS Pack Vendor :STMicroelectronics X-CUBE-BLE1 7.1.0
2026-09-06 23:33:53,194 [INFO] ThirdParty:1030 - CMSIS Pack Vendor :STMicroelectronics X-CUBE-SMBUS 2.1.0
2026-09-06 23:33:53,194 [INFO] ThirdParty:1030 - CMSIS Pack Vendor :wolfSSL I-CUBE-wolfMQTT 1.19.2
2026-09-06 23:33:53,194 [INFO] ThirdParty:1030 - CMSIS Pack Vendor :STMicroelectronics USB_DEVICE 3.0.0
2026-09-06 23:33:53,194 [INFO] ThirdParty:1030 - CMSIS Pack Vendor :STMicroelectronics X-CUBE-ISPU 2.1.0
2026-09-06 23:33:53,194 [INFO] ThirdParty:1030 - CMSIS Pack Vendor :STMicroelectronics X-CUBE-EEPRMA1 5.2.0
2026-09-06 23:33:53,194 [INFO] ThirdParty:1030 - CMSIS Pack Vendor :STMicroelectronics X-CUBE-AZRTOS-WB 2.0.0
2026-09-06 23:33:53,194 [INFO] ThirdParty:1030 - CMSIS Pack Vendor :STMicroelectronics X-CUBE-GNSS1 7.0.1
2026-09-06 23:33:53,194 [INFO] ThirdParty:1030 - CMSIS Pack Vendor :STMicroelectronics X-CUBE-NFC12 1.0.0
2026-09-06 23:33:53,194 [INFO] ThirdParty:1030 - CMSIS Pack Vendor :STMicroelectronics X-CUBE-AZRTOS-F7 1.1.0
2026-09-06 23:33:53,194 [INFO] ThirdParty:1030 - CMSIS Pack Vendor :STMicroelectronics X-CUBE-AZRTOS-L5 2.0.0
2026-09-06 23:33:53,194 [INFO] ThirdParty:1030 - CMSIS Pack Vendor :STMicroelectronics X-CUBE-TOUCHGFX 4.25.0
2026-09-06 23:33:53,194 [INFO] ThirdParty:1030 - CMSIS Pack Vendor :STMicroelectronics USB_DEVICE 2.0.0
2026-09-06 23:33:53,194 [INFO] ThirdParty:1030 - CMSIS Pack Vendor :STMicroelectronics X-CUBE-NFC6 3.1.0
2026-09-06 23:33:53,194 [INFO] ThirdParty:1030 - CMSIS Pack Vendor :STMicroelectronics X-CUBE-AI 10.1.0
2026-09-06 23:33:53,194 [INFO] ThirdParty:1030 - CMSIS Pack Vendor :STMicroelectronics FP-SNS-STBOX1 2.0.0
2026-09-06 23:33:53,194 [INFO] ThirdParty:1030 - CMSIS Pack Vendor :STMicroelectronics X-CUBE-MEMS1 12.0.0
2026-09-06 23:33:53,194 [INFO] ThirdParty:1030 - CMSIS Pack Vendor :STMicroelectronics X-CUBE-STSE01 2.0.0
2026-09-06 23:33:53,194 [INFO] ThirdParty:1030 - CMSIS Pack Vendor :STMicroelectronics X-CUBE-ALGOBUILD 1.5.0
2026-09-06 23:33:53,194 [INFO] ThirdParty:1030 - CMSIS Pack Vendor :STMicroelectronics FreeRTOS 0.0.1
2026-09-06 23:33:53,194 [INFO] ThirdParty:1030 - CMSIS Pack Vendor :STMicroelectronics X-CUBE-AZRTOS-H7RS 1.3.0
2026-09-06 23:33:53,194 [INFO] ThirdParty:1030 - CMSIS Pack Vendor :STMicroelectronics X-CUBE-AZRTOS-G0 1.1.0
2026-09-06 23:33:53,194 [INFO] ThirdParty:1030 - CMSIS Pack Vendor :STMicroelectronics X-CUBE-SAFEA1 1.2.2
2026-09-06 23:33:53,194 [INFO] ThirdParty:1030 - CMSIS Pack Vendor :STMicroelectronics X-CUBE-NFC4 3.0.0
2026-09-06 23:33:53,194 [INFO] ThirdParty:1030 - CMSIS Pack Vendor :STMicroelectronics X-CUBE-SUBG2 5.0.0
2026-09-06 23:33:53,194 [INFO] ThirdParty:1030 - CMSIS Pack Vendor :STMicroelectronics X-CUBE-AZRTOS-H7RS 1.1.0
2026-09-06 23:33:53,194 [INFO] ThirdParty:1030 - CMSIS Pack Vendor :STMicroelectronics STM32_WPAN 1.0.0
2026-09-06 23:33:53,194 [INFO] ThirdParty:1030 - CMSIS Pack Vendor :EmbeddedOffice I-CUBE-FS-RTOS 1.0.1
2026-09-06 23:33:53,194 [INFO] ThirdParty:1030 - CMSIS Pack Vendor :STMicroelectronics lwIP 2.0.3
2026-09-06 23:33:53,194 [INFO] ThirdParty:1030 - CMSIS Pack Vendor :STMicroelectronics X-CUBE-MEMS1 13.0.0
2026-09-06 23:33:53,195 [INFO] ThirdParty:1030 - CMSIS Pack Vendor :Cesanta I-CUBE-Mongoose 7.13.0
2026-09-06 23:33:53,195 [INFO] ThirdParty:1030 - CMSIS Pack Vendor :STMicroelectronics USB_HOST 1.0.0
2026-09-06 23:33:53,195 [INFO] ThirdParty:1030 - CMSIS Pack Vendor :Infineon AIROC-Wi-Fi-Bluetooth-STM32 1.7.0
2026-09-06 23:33:53,195 [INFO] ThirdParty:1030 - CMSIS Pack Vendor :STMicroelectronics X-CUBE-AZRTOS-G4 2.0.0
2026-09-06 23:33:53,195 [INFO] ThirdParty:1030 - CMSIS Pack Vendor :STMicroelectronics X-CUBE-WB05N 2.0.0
2026-09-06 23:33:53,195 [INFO] ThirdParty:1030 - CMSIS Pack Vendor :STMicroelectronics PDM2PCM 3.1.0
2026-09-06 23:33:53,195 [INFO] ThirdParty:1030 - CMSIS Pack Vendor :STMicroelectronics PDM2PCM 3.3.0
2026-09-06 23:33:53,195 [INFO] ThirdParty:1030 - CMSIS Pack Vendor :wolfSSL I-CUBE-wolfTPM 3.8.0
2026-09-06 23:33:53,195 [INFO] ThirdParty:1030 - CMSIS Pack Vendor :STMicroelectronics X-CUBE-AZRTOS-H7 3.4.0
2026-09-06 23:33:53,195 [INFO] ThirdParty:1030 - CMSIS Pack Vendor :STMicroelectronics X-CUBE-DISPLAY 3.0.0
2026-09-06 23:33:53,195 [INFO] ThirdParty:1030 - CMSIS Pack Vendor :wolfSSL I-CUBE-wolfSSH 1.4.20
2026-09-06 23:33:53,195 [INFO] ThirdParty:1030 - CMSIS Pack Vendor :STMicroelectronics X-CUBE-NFC7 2.0.0
2026-09-06 23:33:53,195 [INFO] ThirdParty:1030 - CMSIS Pack Vendor :STMicroelectronics X-CUBE-GNSS1 7.1.1
2026-09-06 23:33:53,195 [INFO] ThirdParty:1030 - CMSIS Pack Vendor :RealThread X-CUBE-RT-Thread_Nano 4.1.1
2026-09-06 23:33:53,195 [INFO] ThirdParty:1030 - CMSIS Pack Vendor :STMicroelectronics FP-ATR-SIGFOX1 3.2.0
2026-09-06 23:33:53,195 [INFO] ThirdParty:1030 - CMSIS Pack Vendor :STMicroelectronics X-CUBE-NFC10 1.0.0
2026-09-06 23:33:53,195 [INFO] ThirdParty:1030 - CMSIS Pack Vendor :STMicroelectronics X-CUBE-BLEMGR 4.0.0
2026-09-06 23:33:53,195 [INFO] ThirdParty:1030 - CMSIS Pack Vendor :STMicroelectronics X-CUBE-EEPRMA1 5.1.0
2026-09-06 23:33:53,195 [INFO] ThirdParty:1030 - CMSIS Pack Vendor :STMicroelectronics X-CUBE-FREERTOS 1.3.1
2026-09-06 23:33:53,195 [INFO] ThirdParty:1030 - CMSIS Pack Vendor :STMicroelectronics HAL Drivers 0.0.0
2026-09-06 23:33:53,195 [INFO] ThirdParty:1030 - CMSIS Pack Vendor :STMicroelectronics MBEDTLS 2.16.2
2026-09-06 23:33:53,195 [INFO] ThirdParty:1030 - CMSIS Pack Vendor :STMicroelectronics X-CUBE-ALS 1.0.2
2026-09-06 23:33:53,195 [INFO] ThirdParty:1030 - CMSIS Pack Vendor :emotas I-CUBE-CANOPEN 1.3.0
2026-09-06 23:33:53,195 [INFO] ThirdParty:1030 - CMSIS Pack Vendor :STMicroelectronics MBEDTLS 2.14.1
2026-09-06 23:33:53,195 [INFO] ThirdParty:1030 - CMSIS Pack Vendor :STMicroelectronics X-CUBE-GNSS1 7.1.0
2026-09-06 23:33:53,195 [INFO] ThirdParty:1030 - CMSIS Pack Vendor :ITTIA_DB I-CUBE-ITTIADB 8.9.0
2026-09-06 23:33:53,195 [INFO] ThirdParty:1030 - CMSIS Pack Vendor :STMicroelectronics X-CUBE-TOUCHGFX 4.26.0
2026-09-06 23:33:53,195 [INFO] ThirdParty:1030 - CMSIS Pack Vendor :STMicroelectronics X-CUBE-STSE01 1.0.0
2026-09-06 23:33:53,195 [INFO] ThirdParty:1030 - CMSIS Pack Vendor :STMicroelectronics X-CUBE-TOUCHGFX 4.26.1
2026-09-06 23:33:53,195 [INFO] ThirdParty:1030 - CMSIS Pack Vendor :portGmbH I-Cube-SoM-uGOAL 1.1.0
2026-09-06 23:33:53,195 [INFO] ThirdParty:1030 - CMSIS Pack Vendor :STMicroelectronics X-CUBE-NFC6 3.2.0
2026-09-06 23:33:53,195 [INFO] ThirdParty:1030 - CMSIS Pack Vendor :quantropi X-CUBE-qispace-sdk-base 2.0.0
2026-09-06 23:33:53,195 [INFO] ThirdParty:1030 - CMSIS Pack Vendor :STMicroelectronics X-CUBE-AI 10.0.0
2026-09-06 23:33:53,195 [INFO] ThirdParty:1030 - CMSIS Pack Vendor :STMicroelectronics X-CUBE-AI 10.2.1
2026-09-06 23:33:53,195 [INFO] ThirdParty:1030 - CMSIS Pack Vendor :STMicroelectronics X-CUBE-AI 10.2.0
2026-09-06 23:33:53,195 [INFO] ThirdParty:1030 - CMSIS Pack Vendor :STMicroelectronics ThreadX 1.0.0
2026-09-06 23:33:53,195 [INFO] ThirdParty:1030 - CMSIS Pack Vendor :STMicroelectronics FP-SNS-SMARTAG2 1.2.0
2026-09-06 23:33:53,195 [INFO] ThirdParty:1030 - CMSIS Pack Vendor :STMicroelectronics X-CUBE-MEMS1 12.1.0
2026-09-06 23:33:53,195 [INFO] ThirdParty:1030 - CMSIS Pack Vendor :STMicroelectronics X-CUBE-AZRTOS-WL 2.0.0
2026-09-06 23:33:53,195 [INFO] ThirdParty:1030 - CMSIS Pack Vendor :SEGGER I-CUBE-embOS 1.3.1
2026-09-06 23:33:53,195 [INFO] ThirdParty:1030 - CMSIS Pack Vendor :STMicroelectronics X-CUBE-ALGOBUILD 1.4.0
2026-09-06 23:33:53,195 [INFO] ThirdParty:1030 - CMSIS Pack Vendor :STMicroelectronics X-CUBE-DPower 1.3.0
2026-09-06 23:33:53,195 [INFO] ThirdParty:1030 - CMSIS Pack Vendor :STMicroelectronics X-CUBE-MEMS1 11.3.0
2026-09-06 23:33:53,195 [INFO] ThirdParty:1030 - CMSIS Pack Vendor :STMicroelectronics FP-SNS-MOTENV1 5.0.0
2026-09-06 23:33:53,195 [INFO] ThirdParty:1030 - CMSIS Pack Vendor :STMicroelectronics USB_DEVICE 1.0.0
2026-09-06 23:33:53,195 [INFO] ThirdParty:1030 - CMSIS Pack Vendor :STMicroelectronics X-CUBE-AZRTOS-H7RS 1.2.0
2026-09-06 23:33:53,195 [INFO] ThirdParty:1030 - CMSIS Pack Vendor :STMicroelectronics X-CUBE-AZRTOS-L4 2.0.0
2026-09-06 23:33:53,195 [INFO] ThirdParty:1030 - CMSIS Pack Vendor :STMicroelectronics ThreadX 0.0.2
2026-09-06 23:33:53,195 [INFO] ThirdParty:1030 - CMSIS Pack Vendor :WES I-CUBE-Cesium 1.3.0
2026-09-06 23:33:53,195 [INFO] ThirdParty:1030 - CMSIS Pack Vendor :STMicroelectronics lwIP 2.1.2
2026-09-06 23:33:53,195 [INFO] ThirdParty:1030 - CMSIS Pack Vendor :STMicroelectronics X-CUBE-SFXS2LP1 4.0.0
2026-09-06 23:33:53,195 [INFO] ThirdParty:1030 - CMSIS Pack Vendor :STMicroelectronics X-CUBE-BLE2 3.3.0
2026-09-06 23:33:53,195 [INFO] ThirdParty:1030 - CMSIS Pack Vendor :STMicroelectronics X-CUBE-NFC13 1.0.0
2026-09-06 23:33:53,195 [INFO] ThirdParty:1030 - CMSIS Pack Vendor :STMicroelectronics PDM2PCM 3.2.0
2026-09-06 23:33:53,195 [INFO] ThirdParty:1030 - CMSIS Pack Vendor :STMicroelectronics X-CUBE-WB05N 2.1.0
2026-09-06 23:33:53,195 [INFO] ThirdParty:841 - exiting critical section [change project]
2026-09-06 23:33:53,258 [ERROR] LogOutputStream:75 - [STDERR_REDIRECT] [Fatal Error] :1:1: Premature end of file.
2026-09-06 23:33:53,258 [ERROR] LogOutputStream:75 - [STDERR_REDIRECT] 
2026-09-06 23:33:53,378 [INFO] PinOutPanel:1561 - setPackage(No Configuration,No Configuration)
2026-09-06 23:33:53,379 [INFO] PinOutPanel:1561 - setPackage(STM32F103RCTx,LQFP64)
2026-09-06 23:33:53,634 [INFO] UtilMem:75 - Before build in PCC Used Memory: 312005160 Bytes (361758720)
2026-09-06 23:33:54,167 [INFO] UtilMem:75 - After build in PCC Used Memory: 242129568 Bytes (361758720)
2026-09-06 23:33:54,184 [INFO] IPUIPlugin:80 - create IPUIPlugin
2026-09-06 23:33:54,185 [INFO] IPUIPlugin:80 - create IPUIPlugin
2026-09-06 23:33:54,185 [INFO] IPUIPlugin:80 - create IPUIPlugin
2026-09-06 23:33:54,185 [INFO] IPUIPlugin:80 - create IPUIPlugin
2026-09-06 23:33:54,185 [INFO] IPUIPlugin:80 - create IPUIPlugin
2026-09-06 23:33:54,185 [INFO] IPUIPlugin:80 - create IPUIPlugin
2026-09-06 23:33:54,185 [INFO] IPUIPlugin:80 - create IPUIPlugin
2026-09-06 23:33:54,185 [INFO] IPUIPlugin:80 - create IPUIPlugin
2026-09-06 23:33:54,185 [INFO] IPUIPlugin:80 - create IPUIPlugin
2026-09-06 23:33:54,185 [INFO] IPUIPlugin:80 - create IPUIPlugin
2026-09-06 23:33:54,185 [INFO] IPUIPlugin:80 - create IPUIPlugin
2026-09-06 23:33:54,185 [INFO] IPUIPlugin:80 - create IPUIPlugin
2026-09-06 23:33:54,185 [INFO] IPUIPlugin:80 - create IPUIPlugin
2026-09-06 23:33:54,185 [INFO] IPUIPlugin:80 - create IPUIPlugin
2026-09-06 23:33:54,185 [INFO] IPUIPlugin:80 - create IPUIPlugin
2026-09-06 23:33:54,185 [INFO] IPUIPlugin:80 - create IPUIPlugin
2026-09-06 23:33:54,185 [INFO] IPUIPlugin:80 - create IPUIPlugin
2026-09-06 23:33:54,185 [INFO] IPUIPlugin:80 - create IPUIPlugin
2026-09-06 23:33:54,185 [INFO] IPUIPlugin:80 - create IPUIPlugin
2026-09-06 23:33:54,185 [INFO] IPUIPlugin:80 - create IPUIPlugin
2026-09-06 23:33:54,186 [INFO] IPUIPlugin:80 - create IPUIPlugin
2026-09-06 23:33:54,186 [INFO] IPUIPlugin:80 - create IPUIPlugin
2026-09-06 23:33:54,186 [INFO] IPUIPlugin:80 - create IPUIPlugin
2026-09-06 23:33:54,186 [INFO] IPUIPlugin:80 - create IPUIPlugin
2026-09-06 23:33:54,186 [INFO] IPUIPlugin:80 - create IPUIPlugin
2026-09-06 23:33:54,186 [INFO] IPUIPlugin:80 - create IPUIPlugin
2026-09-06 23:33:54,186 [INFO] IPUIPlugin:80 - create IPUIPlugin
2026-09-06 23:33:54,186 [INFO] IPUIPlugin:80 - create IPUIPlugin
2026-09-06 23:33:54,186 [INFO] IPUIPlugin:80 - create IPUIPlugin
2026-09-06 23:33:54,186 [INFO] IPUIPlugin:80 - create IPUIPlugin
2026-09-06 23:33:54,186 [INFO] IPUIPlugin:80 - create IPUIPlugin
2026-09-06 23:33:54,186 [INFO] IPUIPlugin:80 - create IPUIPlugin
2026-09-06 23:33:54,187 [INFO] IPUIPlugin:80 - create IPUIPlugin
2026-09-06 23:33:54,187 [INFO] IPUIPlugin:80 - create IPUIPlugin
2026-09-06 23:33:54,187 [INFO] IPUIPlugin:80 - create IPUIPlugin
2026-09-06 23:33:54,187 [INFO] IPUIPlugin:80 - create IPUIPlugin
2026-09-06 23:33:54,187 [INFO] IPUIPlugin:80 - create IPUIPlugin
2026-09-06 23:33:54,187 [INFO] IPUIPlugin:80 - create IPUIPlugin
2026-09-06 23:33:54,187 [INFO] IPUIPlugin:80 - create IPUIPlugin
2026-09-06 23:33:54,255 [ERROR] LogOutputStream:75 - [STDERR_REDIRECT] [Fatal Error] :1:1: Premature end of file.
2026-09-06 23:33:54,255 [ERROR] LogOutputStream:75 - [STDERR_REDIRECT] 
2026-09-06 23:33:54,309 [INFO] CADModel:165 - CPN selected for project levelSTM32F103RCT6
2026-09-06 23:33:54,309 [INFO] CADModel:114 - Register for checkConnection events
2026-09-06 23:33:54,346 [INFO] OpenFileManager:363 - Restore cursor
2026-09-06 23:33:55,250 [ERROR] LogOutputStream:75 - [STDERR_REDIRECT] [Fatal Error] :1:1: Premature end of file.
2026-09-06 23:33:55,251 [ERROR] LogOutputStream:75 - [STDERR_REDIRECT] 
2026-09-06 23:33:56,250 [ERROR] LogOutputStream:75 - [STDERR_REDIRECT] [Fatal Error] :1:1: Premature end of file.
2026-09-06 23:33:56,250 [ERROR] LogOutputStream:75 - [STDERR_REDIRECT] 
2026-09-06 23:33:57,250 [ERROR] LogOutputStream:75 - [STDERR_REDIRECT] [Fatal Error] :1:1: Premature end of file.
2026-09-06 23:33:57,251 [ERROR] LogOutputStream:75 - [STDERR_REDIRECT] 
2026-09-06 23:33:58,248 [ERROR] LogOutputStream:75 - [STDERR_REDIRECT] [Fatal Error] :1:1: Premature end of file.
2026-09-06 23:33:58,249 [ERROR] LogOutputStream:75 - [STDERR_REDIRECT] 
2026-09-06 23:33:59,253 [ERROR] LogOutputStream:75 - [STDERR_REDIRECT] [Fatal Error] :1:1: Premature end of file.
2026-09-06 23:33:59,253 [ERROR] LogOutputStream:75 - [STDERR_REDIRECT] 
2026-09-06 23:34:00,249 [ERROR] LogOutputStream:75 - [STDERR_REDIRECT] [Fatal Error] :1:1: Premature end of file.
2026-09-06 23:34:00,249 [ERROR] LogOutputStream:75 - [STDERR_REDIRECT] 
2026-09-06 23:34:01,250 [ERROR] LogOutputStream:75 - [STDERR_REDIRECT] [Fatal Error] :1:1: Premature end of file.
2026-09-06 23:34:01,250 [ERROR] LogOutputStream:75 - [STDERR_REDIRECT] 
2026-09-06 23:34:02,252 [ERROR] LogOutputStream:75 - [STDERR_REDIRECT] [Fatal Error] :1:1: Premature end of file.
2026-09-06 23:34:02,252 [ERROR] LogOutputStream:75 - [STDERR_REDIRECT] 
2026-09-06 23:34:03,254 [ERROR] LogOutputStream:75 - [STDERR_REDIRECT] [Fatal Error] :1:1: Premature end of file.
2026-09-06 23:34:03,254 [ERROR] LogOutputStream:75 - [STDERR_REDIRECT] 
2026-09-06 23:34:04,263 [ERROR] LogOutputStream:75 - [STDERR_REDIRECT] [Fatal Error] :1:1: Premature end of file.
2026-09-06 23:34:04,264 [ERROR] LogOutputStream:75 - [STDERR_REDIRECT] 
2026-09-06 23:34:05,259 [ERROR] LogOutputStream:75 - [STDERR_REDIRECT] [Fatal Error] :1:1: Premature end of file.
2026-09-06 23:34:05,260 [ERROR] LogOutputStream:75 - [STDERR_REDIRECT] 
2026-09-06 23:34:06,256 [ERROR] LogOutputStream:75 - [STDERR_REDIRECT] [Fatal Error] :1:1: Premature end of file.
2026-09-06 23:34:06,256 [ERROR] LogOutputStream:75 - [STDERR_REDIRECT] 
2026-09-06 23:34:07,254 [ERROR] LogOutputStream:75 - [STDERR_REDIRECT] [Fatal Error] :1:1: Premature end of file.
2026-09-06 23:34:07,254 [ERROR] LogOutputStream:75 - [STDERR_REDIRECT] 
2026-09-06 23:34:08,250 [ERROR] LogOutputStream:75 - [STDERR_REDIRECT] [Fatal Error] :1:1: Premature end of file.
2026-09-06 23:34:08,250 [ERROR] LogOutputStream:75 - [STDERR_REDIRECT] 
2026-09-06 23:34:09,250 [ERROR] LogOutputStream:75 - [STDERR_REDIRECT] [Fatal Error] :1:1: Premature end of file.
2026-09-06 23:34:09,250 [ERROR] LogOutputStream:75 - [STDERR_REDIRECT] 
2026-09-06 23:34:10,248 [ERROR] LogOutputStream:75 - [STDERR_REDIRECT] [Fatal Error] :1:1: Premature end of file.
2026-09-06 23:34:10,248 [ERROR] LogOutputStream:75 - [STDERR_REDIRECT] 
2026-09-06 23:34:11,263 [ERROR] LogOutputStream:75 - [STDERR_REDIRECT] [Fatal Error] :1:1: Premature end of file.
2026-09-06 23:34:11,263 [ERROR] LogOutputStream:75 - [STDERR_REDIRECT] 
2026-09-06 23:34:12,250 [ERROR] LogOutputStream:75 - [STDERR_REDIRECT] [Fatal Error] :1:1: Premature end of file.
2026-09-06 23:34:12,250 [ERROR] LogOutputStream:75 - [STDERR_REDIRECT] 
2026-09-06 23:34:13,249 [ERROR] LogOutputStream:75 - [STDERR_REDIRECT] [Fatal Error] :1:1: Premature end of file.
2026-09-06 23:34:13,250 [ERROR] LogOutputStream:75 - [STDERR_REDIRECT] 
2026-09-06 23:34:14,251 [ERROR] LogOutputStream:75 - [STDERR_REDIRECT] [Fatal Error] :1:1: Premature end of file.
2026-09-06 23:34:14,251 [ERROR] LogOutputStream:75 - [STDERR_REDIRECT] 
2026-09-06 23:34:15,252 [ERROR] LogOutputStream:75 - [STDERR_REDIRECT] [Fatal Error] :1:1: Premature end of file.
2026-09-06 23:34:15,252 [ERROR] LogOutputStream:75 - [STDERR_REDIRECT] 
2026-09-06 23:34:16,252 [ERROR] LogOutputStream:75 - [STDERR_REDIRECT] [Fatal Error] :1:1: Premature end of file.
2026-09-06 23:34:16,252 [ERROR] LogOutputStream:75 - [STDERR_REDIRECT] 
2026-09-06 23:34:17,259 [ERROR] LogOutputStream:75 - [STDERR_REDIRECT] [Fatal Error] :1:1: Premature end of file.
2026-09-06 23:34:17,259 [ERROR] LogOutputStream:75 - [STDERR_REDIRECT] 
2026-09-06 23:34:18,257 [ERROR] LogOutputStream:75 - [STDERR_REDIRECT] [Fatal Error] :1:1: Premature end of file.
2026-09-06 23:34:18,257 [ERROR] LogOutputStream:75 - [STDERR_REDIRECT] 
2026-09-06 23:34:19,256 [ERROR] LogOutputStream:75 - [STDERR_REDIRECT] [Fatal Error] :1:1: Premature end of file.
2026-09-06 23:34:19,256 [ERROR] LogOutputStream:75 - [STDERR_REDIRECT] 
2026-09-06 23:34:20,257 [ERROR] LogOutputStream:75 - [STDERR_REDIRECT] [Fatal Error] :1:1: Premature end of file.
2026-09-06 23:34:20,257 [ERROR] LogOutputStream:75 - [STDERR_REDIRECT] 
2026-09-06 23:34:21,264 [ERROR] LogOutputStream:75 - [STDERR_REDIRECT] [Fatal Error] :1:1: Premature end of file.
2026-09-06 23:34:21,264 [ERROR] LogOutputStream:75 - [STDERR_REDIRECT] 
2026-09-06 23:34:22,262 [ERROR] LogOutputStream:75 - [STDERR_REDIRECT] [Fatal Error] :1:1: Premature end of file.
2026-09-06 23:34:22,262 [ERROR] LogOutputStream:75 - [STDERR_REDIRECT] 
2026-09-06 23:34:23,249 [ERROR] LogOutputStream:75 - [STDERR_REDIRECT] [Fatal Error] :1:1: Premature end of file.
2026-09-06 23:34:23,249 [ERROR] LogOutputStream:75 - [STDERR_REDIRECT] 
2026-09-06 23:34:24,249 [ERROR] LogOutputStream:75 - [STDERR_REDIRECT] [Fatal Error] :1:1: Premature end of file.
2026-09-06 23:34:24,250 [ERROR] LogOutputStream:75 - [STDERR_REDIRECT] 
2026-09-06 23:34:25,249 [ERROR] LogOutputStream:75 - [STDERR_REDIRECT] [Fatal Error] :1:1: Premature end of file.
2026-09-06 23:34:25,249 [ERROR] LogOutputStream:75 - [STDERR_REDIRECT] 
2026-09-06 23:34:26,254 [ERROR] LogOutputStream:75 - [STDERR_REDIRECT] [Fatal Error] :1:1: Premature end of file.
2026-09-06 23:34:26,254 [ERROR] LogOutputStream:75 - [STDERR_REDIRECT] 
2026-09-06 23:34:27,249 [ERROR] LogOutputStream:75 - [STDERR_REDIRECT] [Fatal Error] :1:1: Premature end of file.
2026-09-06 23:34:27,250 [ERROR] LogOutputStream:75 - [STDERR_REDIRECT] 
2026-09-06 23:34:28,251 [ERROR] LogOutputStream:75 - [STDERR_REDIRECT] [Fatal Error] :1:1: Premature end of file.
2026-09-06 23:34:28,251 [ERROR] LogOutputStream:75 - [STDERR_REDIRECT] 
2026-09-06 23:34:29,252 [ERROR] LogOutputStream:75 - [STDERR_REDIRECT] [Fatal Error] :1:1: Premature end of file.
2026-09-06 23:34:29,253 [ERROR] LogOutputStream:75 - [STDERR_REDIRECT] 
2026-09-06 23:34:30,256 [ERROR] LogOutputStream:75 - [STDERR_REDIRECT] [Fatal Error] :1:1: Premature end of file.
2026-09-06 23:34:30,256 [ERROR] LogOutputStream:75 - [STDERR_REDIRECT] 
2026-09-06 23:34:31,251 [ERROR] LogOutputStream:75 - [STDERR_REDIRECT] [Fatal Error] :1:1: Premature end of file.
2026-09-06 23:34:31,251 [ERROR] LogOutputStream:75 - [STDERR_REDIRECT] 
2026-09-06 23:34:32,263 [ERROR] LogOutputStream:75 - [STDERR_REDIRECT] [Fatal Error] :1:1: Premature end of file.
2026-09-06 23:34:32,263 [ERROR] LogOutputStream:75 - [STDERR_REDIRECT] 
2026-09-06 23:34:33,261 [ERROR] LogOutputStream:75 - [STDERR_REDIRECT] [Fatal Error] :1:1: Premature end of file.
2026-09-06 23:34:33,261 [ERROR] LogOutputStream:75 - [STDERR_REDIRECT] 
2026-09-06 23:34:34,255 [ERROR] LogOutputStream:75 - [STDERR_REDIRECT] [Fatal Error] :1:1: Premature end of file.
2026-09-06 23:34:34,255 [ERROR] LogOutputStream:75 - [STDERR_REDIRECT] 
2026-09-06 23:34:35,261 [ERROR] LogOutputStream:75 - [STDERR_REDIRECT] [Fatal Error] :1:1: Premature end of file.
2026-09-06 23:34:35,261 [ERROR] LogOutputStream:75 - [STDERR_REDIRECT] 
2026-09-06 23:34:36,257 [ERROR] LogOutputStream:75 - [STDERR_REDIRECT] [Fatal Error] :1:1: Premature end of file.
2026-09-06 23:34:36,257 [ERROR] LogOutputStream:75 - [STDERR_REDIRECT] 
2026-09-06 23:34:37,253 [ERROR] LogOutputStream:75 - [STDERR_REDIRECT] [Fatal Error] :1:1: Premature end of file.
2026-09-06 23:34:37,254 [ERROR] LogOutputStream:75 - [STDERR_REDIRECT] 
2026-09-06 23:34:38,263 [ERROR] LogOutputStream:75 - [STDERR_REDIRECT] [Fatal Error] :1:1: Premature end of file.
2026-09-06 23:34:38,263 [ERROR] LogOutputStream:75 - [STDERR_REDIRECT] 
2026-09-06 23:34:39,262 [ERROR] LogOutputStream:75 - [STDERR_REDIRECT] [Fatal Error] :1:1: Premature end of file.
2026-09-06 23:34:39,262 [ERROR] LogOutputStream:75 - [STDERR_REDIRECT] 
2026-09-06 23:34:40,249 [ERROR] LogOutputStream:75 - [STDERR_REDIRECT] [Fatal Error] :1:1: Premature end of file.
2026-09-06 23:34:40,250 [ERROR] LogOutputStream:75 - [STDERR_REDIRECT] 
2026-09-06 23:34:41,249 [ERROR] LogOutputStream:75 - [STDERR_REDIRECT] [Fatal Error] :1:1: Premature end of file.
2026-09-06 23:34:41,249 [ERROR] LogOutputStream:75 - [STDERR_REDIRECT] 
2026-09-06 23:34:42,250 [ERROR] LogOutputStream:75 - [STDERR_REDIRECT] [Fatal Error] :1:1: Premature end of file.
2026-09-06 23:34:42,250 [ERROR] LogOutputStream:75 - [STDERR_REDIRECT] 
2026-09-06 23:34:43,252 [ERROR] LogOutputStream:75 - [STDERR_REDIRECT] [Fatal Error] :1:1: Premature end of file.
2026-09-06 23:34:43,253 [ERROR] LogOutputStream:75 - [STDERR_REDIRECT] 
2026-09-06 23:34:44,250 [ERROR] LogOutputStream:75 - [STDERR_REDIRECT] [Fatal Error] :1:1: Premature end of file.
2026-09-06 23:34:44,251 [ERROR] LogOutputStream:75 - [STDERR_REDIRECT] 
2026-09-06 23:34:45,251 [ERROR] LogOutputStream:75 - [STDERR_REDIRECT] [Fatal Error] :1:1: Premature end of file.
2026-09-06 23:34:45,251 [ERROR] LogOutputStream:75 - [STDERR_REDIRECT] 
2026-09-06 23:34:46,249 [ERROR] LogOutputStream:75 - [STDERR_REDIRECT] [Fatal Error] :1:1: Premature end of file.
2026-09-06 23:34:46,249 [ERROR] LogOutputStream:75 - [STDERR_REDIRECT] 
2026-09-06 23:34:47,250 [ERROR] LogOutputStream:75 - [STDERR_REDIRECT] [Fatal Error] :1:1: Premature end of file.
2026-09-06 23:34:47,250 [ERROR] LogOutputStream:75 - [STDERR_REDIRECT] 
2026-09-06 23:34:48,252 [ERROR] LogOutputStream:75 - [STDERR_REDIRECT] [Fatal Error] :1:1: Premature end of file.
2026-09-06 23:34:48,252 [ERROR] LogOutputStream:75 - [STDERR_REDIRECT] 
2026-09-06 23:34:49,250 [ERROR] LogOutputStream:75 - [STDERR_REDIRECT] [Fatal Error] :1:1: Premature end of file.
2026-09-06 23:34:49,250 [ERROR] LogOutputStream:75 - [STDERR_REDIRECT] 
2026-09-06 23:34:50,249 [ERROR] LogOutputStream:75 - [STDERR_REDIRECT] [Fatal Error] :1:1: Premature end of file.
2026-09-06 23:34:50,249 [ERROR] LogOutputStream:75 - [STDERR_REDIRECT] 
2026-09-06 23:34:51,249 [ERROR] LogOutputStream:75 - [STDERR_REDIRECT] [Fatal Error] :1:1: Premature end of file.
2026-09-06 23:34:51,249 [ERROR] LogOutputStream:75 - [STDERR_REDIRECT] 
2026-09-06 23:34:52,258 [ERROR] LogOutputStream:75 - [STDERR_REDIRECT] [Fatal Error] :1:1: Premature end of file.
2026-09-06 23:34:52,258 [ERROR] LogOutputStream:75 - [STDERR_REDIRECT] 
2026-09-06 23:34:53,250 [ERROR] LogOutputStream:75 - [STDERR_REDIRECT] [Fatal Error] :1:1: Premature end of file.
2026-09-06 23:34:53,250 [ERROR] LogOutputStream:75 - [STDERR_REDIRECT] 
2026-09-06 23:34:54,249 [ERROR] LogOutputStream:75 - [STDERR_REDIRECT] [Fatal Error] :1:1: Premature end of file.
2026-09-06 23:34:54,250 [ERROR] LogOutputStream:75 - [STDERR_REDIRECT] 
2026-09-06 23:34:55,253 [ERROR] LogOutputStream:75 - [STDERR_REDIRECT] [Fatal Error] :1:1: Premature end of file.
2026-09-06 23:34:55,254 [ERROR] LogOutputStream:75 - [STDERR_REDIRECT] 
2026-09-06 23:34:56,249 [ERROR] LogOutputStream:75 - [STDERR_REDIRECT] [Fatal Error] :1:1: Premature end of file.
2026-09-06 23:34:56,250 [ERROR] LogOutputStream:75 - [STDERR_REDIRECT] 
2026-09-06 23:34:57,252 [ERROR] LogOutputStream:75 - [STDERR_REDIRECT] [Fatal Error] :1:1: Premature end of file.
2026-09-06 23:34:57,252 [ERROR] LogOutputStream:75 - [STDERR_REDIRECT] 
2026-09-06 23:34:58,249 [ERROR] LogOutputStream:75 - [STDERR_REDIRECT] [Fatal Error] :1:1: Premature end of file.
2026-09-06 23:34:58,250 [ERROR] LogOutputStream:75 - [STDERR_REDIRECT] 
2026-09-06 23:34:59,249 [ERROR] LogOutputStream:75 - [STDERR_REDIRECT] [Fatal Error] :1:1: Premature end of file.
2026-09-06 23:34:59,249 [ERROR] LogOutputStream:75 - [STDERR_REDIRECT] 
2026-09-06 23:35:00,260 [ERROR] LogOutputStream:75 - [STDERR_REDIRECT] [Fatal Error] :1:1: Premature end of file.
2026-09-06 23:35:00,260 [ERROR] LogOutputStream:75 - [STDERR_REDIRECT] 
2026-09-06 23:35:01,249 [ERROR] LogOutputStream:75 - [STDERR_REDIRECT] [Fatal Error] :1:1: Premature end of file.
2026-09-06 23:35:01,249 [ERROR] LogOutputStream:75 - [STDERR_REDIRECT] 
2026-09-06 23:35:02,262 [ERROR] LogOutputStream:75 - [STDERR_REDIRECT] [Fatal Error] :1:1: Premature end of file.
2026-09-06 23:35:02,263 [ERROR] LogOutputStream:75 - [STDERR_REDIRECT] 
2026-09-06 23:35:03,250 [ERROR] LogOutputStream:75 - [STDERR_REDIRECT] [Fatal Error] :1:1: Premature end of file.
2026-09-06 23:35:03,250 [ERROR] LogOutputStream:75 - [STDERR_REDIRECT] 
2026-09-06 23:35:04,250 [ERROR] LogOutputStream:75 - [STDERR_REDIRECT] [Fatal Error] :1:1: Premature end of file.
2026-09-06 23:35:04,250 [ERROR] LogOutputStream:75 - [STDERR_REDIRECT] 
2026-09-06 23:35:05,249 [ERROR] LogOutputStream:75 - [STDERR_REDIRECT] [Fatal Error] :1:1: Premature end of file.
2026-09-06 23:35:05,249 [ERROR] LogOutputStream:75 - [STDERR_REDIRECT] 
2026-09-06 23:35:06,249 [ERROR] LogOutputStream:75 - [STDERR_REDIRECT] [Fatal Error] :1:1: Premature end of file.
2026-09-06 23:35:06,249 [ERROR] LogOutputStream:75 - [STDERR_REDIRECT] 
2026-09-06 23:35:07,251 [ERROR] LogOutputStream:75 - [STDERR_REDIRECT] [Fatal Error] :1:1: Premature end of file.
2026-09-06 23:35:07,251 [ERROR] LogOutputStream:75 - [STDERR_REDIRECT] 
2026-09-06 23:35:08,249 [ERROR] LogOutputStream:75 - [STDERR_REDIRECT] [Fatal Error] :1:1: Premature end of file.
2026-09-06 23:35:08,249 [ERROR] LogOutputStream:75 - [STDERR_REDIRECT] 
2026-09-06 23:35:09,252 [ERROR] LogOutputStream:75 - [STDERR_REDIRECT] [Fatal Error] :1:1: Premature end of file.
2026-09-06 23:35:09,252 [ERROR] LogOutputStream:75 - [STDERR_REDIRECT] 
2026-09-06 23:35:10,250 [ERROR] LogOutputStream:75 - [STDERR_REDIRECT] [Fatal Error] :1:1: Premature end of file.
2026-09-06 23:35:10,250 [ERROR] LogOutputStream:75 - [STDERR_REDIRECT] 
2026-09-06 23:35:11,256 [ERROR] LogOutputStream:75 - [STDERR_REDIRECT] [Fatal Error] :1:1: Premature end of file.
2026-09-06 23:35:11,257 [ERROR] LogOutputStream:75 - [STDERR_REDIRECT] 
2026-09-06 23:35:12,250 [ERROR] LogOutputStream:75 - [STDERR_REDIRECT] [Fatal Error] :1:1: Premature end of file.
2026-09-06 23:35:12,251 [ERROR] LogOutputStream:75 - [STDERR_REDIRECT] 
2026-09-06 23:35:13,249 [ERROR] LogOutputStream:75 - [STDERR_REDIRECT] [Fatal Error] :1:1: Premature end of file.
2026-09-06 23:35:13,249 [ERROR] LogOutputStream:75 - [STDERR_REDIRECT] 
2026-09-06 23:35:14,250 [ERROR] LogOutputStream:75 - [STDERR_REDIRECT] [Fatal Error] :1:1: Premature end of file.
2026-09-06 23:35:14,250 [ERROR] LogOutputStream:75 - [STDERR_REDIRECT] 
2026-09-06 23:35:15,249 [ERROR] LogOutputStream:75 - [STDERR_REDIRECT] [Fatal Error] :1:1: Premature end of file.
2026-09-06 23:35:15,250 [ERROR] LogOutputStream:75 - [STDERR_REDIRECT] 
2026-09-06 23:35:16,249 [ERROR] LogOutputStream:75 - [STDERR_REDIRECT] [Fatal Error] :1:1: Premature end of file.
2026-09-06 23:35:16,249 [ERROR] LogOutputStream:75 - [STDERR_REDIRECT] 
2026-09-06 23:35:17,251 [ERROR] LogOutputStream:75 - [STDERR_REDIRECT] [Fatal Error] :1:1: Premature end of file.
2026-09-06 23:35:17,251 [ERROR] LogOutputStream:75 - [STDERR_REDIRECT] 
2026-09-06 23:35:18,252 [ERROR] LogOutputStream:75 - [STDERR_REDIRECT] [Fatal Error] :1:1: Premature end of file.
2026-09-06 23:35:18,253 [ERROR] LogOutputStream:75 - [STDERR_REDIRECT] 
2026-09-06 23:35:19,249 [ERROR] LogOutputStream:75 - [STDERR_REDIRECT] [Fatal Error] :1:1: Premature end of file.
2026-09-06 23:35:19,250 [ERROR] LogOutputStream:75 - [STDERR_REDIRECT] 
2026-09-06 23:35:20,250 [ERROR] LogOutputStream:75 - [STDERR_REDIRECT] [Fatal Error] :1:1: Premature end of file.
2026-09-06 23:35:20,250 [ERROR] LogOutputStream:75 - [STDERR_REDIRECT] 
2026-09-06 23:35:21,249 [ERROR] LogOutputStream:75 - [STDERR_REDIRECT] [Fatal Error] :1:1: Premature end of file.
2026-09-06 23:35:21,249 [ERROR] LogOutputStream:75 - [STDERR_REDIRECT] 
2026-09-06 23:35:22,255 [ERROR] LogOutputStream:75 - [STDERR_REDIRECT] [Fatal Error] :1:1: Premature end of file.
2026-09-06 23:35:22,255 [ERROR] LogOutputStream:75 - [STDERR_REDIRECT] 
2026-09-06 23:35:23,248 [ERROR] LogOutputStream:75 - [STDERR_REDIRECT] [Fatal Error] :1:1: Premature end of file.
2026-09-06 23:35:23,249 [ERROR] LogOutputStream:75 - [STDERR_REDIRECT] 
2026-09-06 23:35:24,251 [ERROR] LogOutputStream:75 - [STDERR_REDIRECT] [Fatal Error] :1:1: Premature end of file.
2026-09-06 23:35:24,251 [ERROR] LogOutputStream:75 - [STDERR_REDIRECT] 
2026-09-06 23:35:25,252 [ERROR] LogOutputStream:75 - [STDERR_REDIRECT] [Fatal Error] :1:1: Premature end of file.
2026-09-06 23:35:25,253 [ERROR] LogOutputStream:75 - [STDERR_REDIRECT] 
2026-09-06 23:35:26,250 [ERROR] LogOutputStream:75 - [STDERR_REDIRECT] [Fatal Error] :1:1: Premature end of file.
2026-09-06 23:35:26,250 [ERROR] LogOutputStream:75 - [STDERR_REDIRECT] 
2026-09-06 23:35:27,248 [ERROR] LogOutputStream:75 - [STDERR_REDIRECT] [Fatal Error] :1:1: Premature end of file.
2026-09-06 23:35:27,248 [ERROR] LogOutputStream:75 - [STDERR_REDIRECT] 
2026-09-06 23:35:28,250 [ERROR] LogOutputStream:75 - [STDERR_REDIRECT] [Fatal Error] :1:1: Premature end of file.
2026-09-06 23:35:28,250 [ERROR] LogOutputStream:75 - [STDERR_REDIRECT] 
2026-09-06 23:35:29,250 [ERROR] LogOutputStream:75 - [STDERR_REDIRECT] [Fatal Error] :1:1: Premature end of file.
2026-09-06 23:35:29,250 [ERROR] LogOutputStream:75 - [STDERR_REDIRECT] 
2026-09-06 23:35:30,249 [ERROR] LogOutputStream:75 - [STDERR_REDIRECT] [Fatal Error] :1:1: Premature end of file.
2026-09-06 23:35:30,249 [ERROR] LogOutputStream:75 - [STDERR_REDIRECT] 
2026-09-06 23:35:31,251 [ERROR] LogOutputStream:75 - [STDERR_REDIRECT] [Fatal Error] :1:1: Premature end of file.
2026-09-06 23:35:31,251 [ERROR] LogOutputStream:75 - [STDERR_REDIRECT] 
2026-09-06 23:35:32,250 [ERROR] LogOutputStream:75 - [STDERR_REDIRECT] [Fatal Error] :1:1: Premature end of file.
2026-09-06 23:35:32,250 [ERROR] LogOutputStream:75 - [STDERR_REDIRECT] 
2026-09-06 23:35:33,251 [ERROR] LogOutputStream:75 - [STDERR_REDIRECT] [Fatal Error] :1:1: Premature end of file.
2026-09-06 23:35:33,251 [ERROR] LogOutputStream:75 - [STDERR_REDIRECT] 
2026-09-06 23:35:34,249 [ERROR] LogOutputStream:75 - [STDERR_REDIRECT] [Fatal Error] :1:1: Premature end of file.
2026-09-06 23:35:34,249 [ERROR] LogOutputStream:75 - [STDERR_REDIRECT] 
2026-09-06 23:35:35,249 [ERROR] LogOutputStream:75 - [STDERR_REDIRECT] [Fatal Error] :1:1: Premature end of file.
2026-09-06 23:35:35,249 [ERROR] LogOutputStream:75 - [STDERR_REDIRECT] 
2026-09-06 23:35:36,249 [ERROR] LogOutputStream:75 - [STDERR_REDIRECT] [Fatal Error] :1:1: Premature end of file.
2026-09-06 23:35:36,249 [ERROR] LogOutputStream:75 - [STDERR_REDIRECT] 
2026-09-06 23:35:37,249 [ERROR] LogOutputStream:75 - [STDERR_REDIRECT] [Fatal Error] :1:1: Premature end of file.
2026-09-06 23:35:37,249 [ERROR] LogOutputStream:75 - [STDERR_REDIRECT] 
2026-09-06 23:35:38,250 [ERROR] LogOutputStream:75 - [STDERR_REDIRECT] [Fatal Error] :1:1: Premature end of file.
2026-09-06 23:35:38,250 [ERROR] LogOutputStream:75 - [STDERR_REDIRECT] 
2026-09-06 23:35:39,250 [ERROR] LogOutputStream:75 - [STDERR_REDIRECT] [Fatal Error] :1:1: Premature end of file.
2026-09-06 23:35:39,250 [ERROR] LogOutputStream:75 - [STDERR_REDIRECT] 
2026-09-06 23:35:40,250 [ERROR] LogOutputStream:75 - [STDERR_REDIRECT] [Fatal Error] :1:1: Premature end of file.
2026-09-06 23:35:40,251 [ERROR] LogOutputStream:75 - [STDERR_REDIRECT] 
2026-09-06 23:35:41,250 [ERROR] LogOutputStream:75 - [STDERR_REDIRECT] [Fatal Error] :1:1: Premature end of file.
2026-09-06 23:35:41,250 [ERROR] LogOutputStream:75 - [STDERR_REDIRECT] 
2026-09-06 23:35:42,249 [ERROR] LogOutputStream:75 - [STDERR_REDIRECT] [Fatal Error] :1:1: Premature end of file.
2026-09-06 23:35:42,249 [ERROR] LogOutputStream:75 - [STDERR_REDIRECT] 
2026-09-06 23:35:43,249 [ERROR] LogOutputStream:75 - [STDERR_REDIRECT] [Fatal Error] :1:1: Premature end of file.
2026-09-06 23:35:43,249 [ERROR] LogOutputStream:75 - [STDERR_REDIRECT] 
2026-09-06 23:35:44,249 [ERROR] LogOutputStream:75 - [STDERR_REDIRECT] [Fatal Error] :1:1: Premature end of file.
2026-09-06 23:35:44,250 [ERROR] LogOutputStream:75 - [STDERR_REDIRECT] 
2026-09-06 23:35:45,251 [ERROR] LogOutputStream:75 - [STDERR_REDIRECT] [Fatal Error] :1:1: Premature end of file.
2026-09-06 23:35:45,251 [ERROR] LogOutputStream:75 - [STDERR_REDIRECT] 
2026-09-06 23:35:46,249 [ERROR] LogOutputStream:75 - [STDERR_REDIRECT] [Fatal Error] :1:1: Premature end of file.
2026-09-06 23:35:46,250 [ERROR] LogOutputStream:75 - [STDERR_REDIRECT] 
2026-09-06 23:35:47,249 [ERROR] LogOutputStream:75 - [STDERR_REDIRECT] [Fatal Error] :1:1: Premature end of file.
2026-09-06 23:35:47,249 [ERROR] LogOutputStream:75 - [STDERR_REDIRECT] 
2026-09-06 23:35:48,248 [ERROR] LogOutputStream:75 - [STDERR_REDIRECT] [Fatal Error] :1:1: Premature end of file.
2026-09-06 23:35:48,248 [ERROR] LogOutputStream:75 - [STDERR_REDIRECT] 
2026-09-06 23:35:49,250 [ERROR] LogOutputStream:75 - [STDERR_REDIRECT] [Fatal Error] :1:1: Premature end of file.
2026-09-06 23:35:49,250 [ERROR] LogOutputStream:75 - [STDERR_REDIRECT] 
2026-09-06 23:35:50,249 [ERROR] LogOutputStream:75 - [STDERR_REDIRECT] [Fatal Error] :1:1: Premature end of file.
2026-09-06 23:35:50,249 [ERROR] LogOutputStream:75 - [STDERR_REDIRECT] 
2026-09-06 23:35:51,249 [ERROR] LogOutputStream:75 - [STDERR_REDIRECT] [Fatal Error] :1:1: Premature end of file.
2026-09-06 23:35:51,249 [ERROR] LogOutputStream:75 - [STDERR_REDIRECT] 
2026-09-06 23:35:52,249 [ERROR] LogOutputStream:75 - [STDERR_REDIRECT] [Fatal Error] :1:1: Premature end of file.
2026-09-06 23:35:52,249 [ERROR] LogOutputStream:75 - [STDERR_REDIRECT] 
2026-09-06 23:35:53,249 [ERROR] LogOutputStream:75 - [STDERR_REDIRECT] [Fatal Error] :1:1: Premature end of file.
2026-09-06 23:35:53,249 [ERROR] LogOutputStream:75 - [STDERR_REDIRECT] 
2026-09-06 23:35:54,250 [ERROR] LogOutputStream:75 - [STDERR_REDIRECT] [Fatal Error] :1:1: Premature end of file.
2026-09-06 23:35:54,250 [ERROR] LogOutputStream:75 - [STDERR_REDIRECT] 
2026-09-06 23:35:55,249 [ERROR] LogOutputStream:75 - [STDERR_REDIRECT] [Fatal Error] :1:1: Premature end of file.
2026-09-06 23:35:55,249 [ERROR] LogOutputStream:75 - [STDERR_REDIRECT] 
2026-09-06 23:35:56,249 [ERROR] LogOutputStream:75 - [STDERR_REDIRECT] [Fatal Error] :1:1: Premature end of file.
2026-09-06 23:35:56,250 [ERROR] LogOutputStream:75 - [STDERR_REDIRECT] 
2026-09-06 23:35:57,250 [ERROR] LogOutputStream:75 - [STDERR_REDIRECT] [Fatal Error] :1:1: Premature end of file.
2026-09-06 23:35:57,250 [ERROR] LogOutputStream:75 - [STDERR_REDIRECT] 
2026-09-06 23:35:58,250 [ERROR] LogOutputStream:75 - [STDERR_REDIRECT] [Fatal Error] :1:1: Premature end of file.
2026-09-06 23:35:58,250 [ERROR] LogOutputStream:75 - [STDERR_REDIRECT] 
2026-09-06 23:35:59,248 [ERROR] LogOutputStream:75 - [STDERR_REDIRECT] [Fatal Error] :1:1: Premature end of file.
2026-09-06 23:35:59,248 [ERROR] LogOutputStream:75 - [STDERR_REDIRECT] 
2026-09-06 23:36:00,249 [ERROR] LogOutputStream:75 - [STDERR_REDIRECT] [Fatal Error] :1:1: Premature end of file.
2026-09-06 23:36:00,249 [ERROR] LogOutputStream:75 - [STDERR_REDIRECT] 
2026-09-06 23:36:01,250 [ERROR] LogOutputStream:75 - [STDERR_REDIRECT] [Fatal Error] :1:1: Premature end of file.
2026-09-06 23:36:01,251 [ERROR] LogOutputStream:75 - [STDERR_REDIRECT] 
2026-09-06 23:36:02,249 [ERROR] LogOutputStream:75 - [STDERR_REDIRECT] [Fatal Error] :1:1: Premature end of file.
2026-09-06 23:36:02,249 [ERROR] LogOutputStream:75 - [STDERR_REDIRECT] 
2026-09-06 23:36:03,249 [ERROR] LogOutputStream:75 - [STDERR_REDIRECT] [Fatal Error] :1:1: Premature end of file.
2026-09-06 23:36:03,249 [ERROR] LogOutputStream:75 - [STDERR_REDIRECT] 
2026-09-06 23:36:04,250 [ERROR] LogOutputStream:75 - [STDERR_REDIRECT] [Fatal Error] :1:1: Premature end of file.
2026-09-06 23:36:04,250 [ERROR] LogOutputStream:75 - [STDERR_REDIRECT] 
2026-09-06 23:36:05,249 [ERROR] LogOutputStream:75 - [STDERR_REDIRECT] [Fatal Error] :1:1: Premature end of file.
2026-09-06 23:36:05,249 [ERROR] LogOutputStream:75 - [STDERR_REDIRECT] 
2026-09-06 23:36:06,251 [ERROR] LogOutputStream:75 - [STDERR_REDIRECT] [Fatal Error] :1:1: Premature end of file.
2026-09-06 23:36:06,251 [ERROR] LogOutputStream:75 - [STDERR_REDIRECT] 
2026-09-06 23:36:07,249 [ERROR] LogOutputStream:75 - [STDERR_REDIRECT] [Fatal Error] :1:1: Premature end of file.
2026-09-06 23:36:07,249 [ERROR] LogOutputStream:75 - [STDERR_REDIRECT] 
2026-09-06 23:36:08,249 [ERROR] LogOutputStream:75 - [STDERR_REDIRECT] [Fatal Error] :1:1: Premature end of file.
2026-09-06 23:36:08,250 [ERROR] LogOutputStream:75 - [STDERR_REDIRECT] 
2026-09-06 23:36:09,249 [ERROR] LogOutputStream:75 - [STDERR_REDIRECT] [Fatal Error] :1:1: Premature end of file.
2026-09-06 23:36:09,250 [ERROR] LogOutputStream:75 - [STDERR_REDIRECT] 
2026-09-06 23:36:10,249 [ERROR] LogOutputStream:75 - [STDERR_REDIRECT] [Fatal Error] :1:1: Premature end of file.
2026-09-06 23:36:10,249 [ERROR] LogOutputStream:75 - [STDERR_REDIRECT] 
2026-09-06 23:36:11,249 [ERROR] LogOutputStream:75 - [STDERR_REDIRECT] [Fatal Error] :1:1: Premature end of file.
2026-09-06 23:36:11,249 [ERROR] LogOutputStream:75 - [STDERR_REDIRECT] 
2026-09-06 23:36:12,251 [ERROR] LogOutputStream:75 - [STDERR_REDIRECT] [Fatal Error] :1:1: Premature end of file.
2026-09-06 23:36:12,251 [ERROR] LogOutputStream:75 - [STDERR_REDIRECT] 
2026-09-06 23:36:13,248 [ERROR] LogOutputStream:75 - [STDERR_REDIRECT] [Fatal Error] :1:1: Premature end of file.
2026-09-06 23:36:13,248 [ERROR] LogOutputStream:75 - [STDERR_REDIRECT] 
2026-09-06 23:36:14,248 [ERROR] LogOutputStream:75 - [STDERR_REDIRECT] [Fatal Error] :1:1: Premature end of file.
2026-09-06 23:36:14,249 [ERROR] LogOutputStream:75 - [STDERR_REDIRECT] 
2026-09-06 23:36:15,249 [ERROR] LogOutputStream:75 - [STDERR_REDIRECT] [Fatal Error] :1:1: Premature end of file.
2026-09-06 23:36:15,249 [ERROR] LogOutputStream:75 - [STDERR_REDIRECT] 
2026-09-06 23:36:16,250 [ERROR] LogOutputStream:75 - [STDERR_REDIRECT] [Fatal Error] :1:1: Premature end of file.
2026-09-06 23:36:16,250 [ERROR] LogOutputStream:75 - [STDERR_REDIRECT] 
2026-09-06 23:36:17,249 [ERROR] LogOutputStream:75 - [STDERR_REDIRECT] [Fatal Error] :1:1: Premature end of file.
2026-09-06 23:36:17,249 [ERROR] LogOutputStream:75 - [STDERR_REDIRECT] 
2026-09-06 23:36:18,250 [ERROR] LogOutputStream:75 - [STDERR_REDIRECT] [Fatal Error] :1:1: Premature end of file.
2026-09-06 23:36:18,250 [ERROR] LogOutputStream:75 - [STDERR_REDIRECT] 
2026-09-06 23:36:19,249 [ERROR] LogOutputStream:75 - [STDERR_REDIRECT] [Fatal Error] :1:1: Premature end of file.
2026-09-06 23:36:19,250 [ERROR] LogOutputStream:75 - [STDERR_REDIRECT] 
2026-09-06 23:36:20,250 [ERROR] LogOutputStream:75 - [STDERR_REDIRECT] [Fatal Error] :1:1: Premature end of file.
2026-09-06 23:36:20,250 [ERROR] LogOutputStream:75 - [STDERR_REDIRECT] 
2026-09-06 23:36:21,248 [ERROR] LogOutputStream:75 - [STDERR_REDIRECT] [Fatal Error] :1:1: Premature end of file.
2026-09-06 23:36:21,248 [ERROR] LogOutputStream:75 - [STDERR_REDIRECT] 
2026-09-06 23:36:22,250 [ERROR] LogOutputStream:75 - [STDERR_REDIRECT] [Fatal Error] :1:1: Premature end of file.
2026-09-06 23:36:22,251 [ERROR] LogOutputStream:75 - [STDERR_REDIRECT] 
2026-09-06 23:36:23,250 [ERROR] LogOutputStream:75 - [STDERR_REDIRECT] [Fatal Error] :1:1: Premature end of file.
2026-09-06 23:36:23,250 [ERROR] LogOutputStream:75 - [STDERR_REDIRECT] 
2026-09-06 23:36:24,249 [ERROR] LogOutputStream:75 - [STDERR_REDIRECT] [Fatal Error] :1:1: Premature end of file.
2026-09-06 23:36:24,250 [ERROR] LogOutputStream:75 - [STDERR_REDIRECT] 
2026-09-06 23:36:25,250 [ERROR] LogOutputStream:75 - [STDERR_REDIRECT] [Fatal Error] :1:1: Premature end of file.
2026-09-06 23:36:25,250 [ERROR] LogOutputStream:75 - [STDERR_REDIRECT] 
2026-09-06 23:36:26,250 [ERROR] LogOutputStream:75 - [STDERR_REDIRECT] [Fatal Error] :1:1: Premature end of file.
2026-09-06 23:36:26,250 [ERROR] LogOutputStream:75 - [STDERR_REDIRECT] 
2026-09-06 23:36:27,249 [ERROR] LogOutputStream:75 - [STDERR_REDIRECT] [Fatal Error] :1:1: Premature end of file.
2026-09-06 23:36:27,249 [ERROR] LogOutputStream:75 - [STDERR_REDIRECT] 
2026-09-06 23:36:28,250 [ERROR] LogOutputStream:75 - [STDERR_REDIRECT] [Fatal Error] :1:1: Premature end of file.
2026-09-06 23:36:28,250 [ERROR] LogOutputStream:75 - [STDERR_REDIRECT] 
2026-09-06 23:36:29,250 [ERROR] LogOutputStream:75 - [STDERR_REDIRECT] [Fatal Error] :1:1: Premature end of file.
2026-09-06 23:36:29,250 [ERROR] LogOutputStream:75 - [STDERR_REDIRECT] 
2026-09-06 23:36:30,248 [ERROR] LogOutputStream:75 - [STDERR_REDIRECT] [Fatal Error] :1:1: Premature end of file.
2026-09-06 23:36:30,248 [ERROR] LogOutputStream:75 - [STDERR_REDIRECT] 
2026-09-06 23:36:31,248 [ERROR] LogOutputStream:75 - [STDERR_REDIRECT] [Fatal Error] :1:1: Premature end of file.
2026-09-06 23:36:31,250 [ERROR] LogOutputStream:75 - [STDERR_REDIRECT] 
2026-09-06 23:36:32,250 [ERROR] LogOutputStream:75 - [STDERR_REDIRECT] [Fatal Error] :1:1: Premature end of file.
2026-09-06 23:36:32,250 [ERROR] LogOutputStream:75 - [STDERR_REDIRECT] 
2026-09-06 23:36:33,248 [ERROR] LogOutputStream:75 - [STDERR_REDIRECT] [Fatal Error] :1:1: Premature end of file.
2026-09-06 23:36:33,248 [ERROR] LogOutputStream:75 - [STDERR_REDIRECT] 
2026-09-06 23:36:34,250 [ERROR] LogOutputStream:75 - [STDERR_REDIRECT] [Fatal Error] :1:1: Premature end of file.
2026-09-06 23:36:34,250 [ERROR] LogOutputStream:75 - [STDERR_REDIRECT] 
2026-09-06 23:36:35,248 [ERROR] LogOutputStream:75 - [STDERR_REDIRECT] [Fatal Error] :1:1: Premature end of file.
2026-09-06 23:36:35,248 [ERROR] LogOutputStream:75 - [STDERR_REDIRECT] 
2026-09-06 23:36:36,248 [ERROR] LogOutputStream:75 - [STDERR_REDIRECT] [Fatal Error] :1:1: Premature end of file.
2026-09-06 23:36:36,248 [ERROR] LogOutputStream:75 - [STDERR_REDIRECT] 
2026-09-06 23:36:37,250 [ERROR] LogOutputStream:75 - [STDERR_REDIRECT] [Fatal Error] :1:1: Premature end of file.
2026-09-06 23:36:37,250 [ERROR] LogOutputStream:75 - [STDERR_REDIRECT] 
2026-09-06 23:36:38,248 [ERROR] LogOutputStream:75 - [STDERR_REDIRECT] [Fatal Error] :1:1: Premature end of file.
2026-09-06 23:36:38,248 [ERROR] LogOutputStream:75 - [STDERR_REDIRECT] 
2026-09-06 23:36:39,248 [ERROR] LogOutputStream:75 - [STDERR_REDIRECT] [Fatal Error] :1:1: Premature end of file.
2026-09-06 23:36:39,248 [ERROR] LogOutputStream:75 - [STDERR_REDIRECT] 
2026-09-06 23:36:40,250 [ERROR] LogOutputStream:75 - [STDERR_REDIRECT] [Fatal Error] :1:1: Premature end of file.
2026-09-06 23:36:40,250 [ERROR] LogOutputStream:75 - [STDERR_REDIRECT] 
2026-09-06 23:36:41,249 [ERROR] LogOutputStream:75 - [STDERR_REDIRECT] [Fatal Error] :1:1: Premature end of file.
2026-09-06 23:36:41,249 [ERROR] LogOutputStream:75 - [STDERR_REDIRECT] 
2026-09-06 23:36:42,249 [ERROR] LogOutputStream:75 - [STDERR_REDIRECT] [Fatal Error] :1:1: Premature end of file.
2026-09-06 23:36:42,250 [ERROR] LogOutputStream:75 - [STDERR_REDIRECT] 
2026-09-06 23:36:43,250 [ERROR] LogOutputStream:75 - [STDERR_REDIRECT] [Fatal Error] :1:1: Premature end of file.
2026-09-06 23:36:43,251 [ERROR] LogOutputStream:75 - [STDERR_REDIRECT] 
2026-09-06 23:36:44,249 [ERROR] LogOutputStream:75 - [STDERR_REDIRECT] [Fatal Error] :1:1: Premature end of file.
2026-09-06 23:36:44,249 [ERROR] LogOutputStream:75 - [STDERR_REDIRECT] 
2026-09-06 23:36:45,249 [ERROR] LogOutputStream:75 - [STDERR_REDIRECT] [Fatal Error] :1:1: Premature end of file.
2026-09-06 23:36:45,249 [ERROR] LogOutputStream:75 - [STDERR_REDIRECT] 
2026-09-06 23:36:46,249 [ERROR] LogOutputStream:75 - [STDERR_REDIRECT] [Fatal Error] :1:1: Premature end of file.
2026-09-06 23:36:46,249 [ERROR] LogOutputStream:75 - [STDERR_REDIRECT] 
2026-09-06 23:36:47,250 [ERROR] LogOutputStream:75 - [STDERR_REDIRECT] [Fatal Error] :1:1: Premature end of file.
2026-09-06 23:36:47,250 [ERROR] LogOutputStream:75 - [STDERR_REDIRECT] 
2026-09-06 23:36:48,250 [ERROR] LogOutputStream:75 - [STDERR_REDIRECT] [Fatal Error] :1:1: Premature end of file.
2026-09-06 23:36:48,250 [ERROR] LogOutputStream:75 - [STDERR_REDIRECT] 
2026-09-06 23:36:49,250 [ERROR] LogOutputStream:75 - [STDERR_REDIRECT] [Fatal Error] :1:1: Premature end of file.
2026-09-06 23:36:49,250 [ERROR] LogOutputStream:75 - [STDERR_REDIRECT] 
2026-09-06 23:36:50,249 [ERROR] LogOutputStream:75 - [STDERR_REDIRECT] [Fatal Error] :1:1: Premature end of file.
2026-09-06 23:36:50,249 [ERROR] LogOutputStream:75 - [STDERR_REDIRECT] 
2026-09-06 23:36:51,250 [ERROR] LogOutputStream:75 - [STDERR_REDIRECT] [Fatal Error] :1:1: Premature end of file.
2026-09-06 23:36:51,250 [ERROR] LogOutputStream:75 - [STDERR_REDIRECT] 
2026-09-06 23:36:52,249 [ERROR] LogOutputStream:75 - [STDERR_REDIRECT] [Fatal Error] :1:1: Premature end of file.
2026-09-06 23:36:52,249 [ERROR] LogOutputStream:75 - [STDERR_REDIRECT] 
2026-09-06 23:36:53,250 [ERROR] LogOutputStream:75 - [STDERR_REDIRECT] [Fatal Error] :1:1: Premature end of file.
2026-09-06 23:36:53,250 [ERROR] LogOutputStream:75 - [STDERR_REDIRECT] 
2026-09-06 23:36:54,250 [ERROR] LogOutputStream:75 - [STDERR_REDIRECT] [Fatal Error] :1:1: Premature end of file.
2026-09-06 23:36:54,250 [ERROR] LogOutputStream:75 - [STDERR_REDIRECT] 
2026-09-06 23:36:55,250 [ERROR] LogOutputStream:75 - [STDERR_REDIRECT] [Fatal Error] :1:1: Premature end of file.
2026-09-06 23:36:55,251 [ERROR] LogOutputStream:75 - [STDERR_REDIRECT] 
2026-09-06 23:36:56,248 [ERROR] LogOutputStream:75 - [STDERR_REDIRECT] [Fatal Error] :1:1: Premature end of file.
2026-09-06 23:36:56,248 [ERROR] LogOutputStream:75 - [STDERR_REDIRECT] 
2026-09-06 23:36:57,249 [ERROR] LogOutputStream:75 - [STDERR_REDIRECT] [Fatal Error] :1:1: Premature end of file.
2026-09-06 23:36:57,249 [ERROR] LogOutputStream:75 - [STDERR_REDIRECT] 
2026-09-06 23:36:58,249 [ERROR] LogOutputStream:75 - [STDERR_REDIRECT] [Fatal Error] :1:1: Premature end of file.
2026-09-06 23:36:58,249 [ERROR] LogOutputStream:75 - [STDERR_REDIRECT] 
2026-09-06 23:36:59,249 [ERROR] LogOutputStream:75 - [STDERR_REDIRECT] [Fatal Error] :1:1: Premature end of file.
2026-09-06 23:36:59,249 [ERROR] LogOutputStream:75 - [STDERR_REDIRECT] 
2026-09-06 23:37:00,249 [ERROR] LogOutputStream:75 - [STDERR_REDIRECT] [Fatal Error] :1:1: Premature end of file.
2026-09-06 23:37:00,250 [ERROR] LogOutputStream:75 - [STDERR_REDIRECT] 
2026-09-06 23:37:01,249 [ERROR] LogOutputStream:75 - [STDERR_REDIRECT] [Fatal Error] :1:1: Premature end of file.
2026-09-06 23:37:01,249 [ERROR] LogOutputStream:75 - [STDERR_REDIRECT] 
2026-09-06 23:37:02,248 [ERROR] LogOutputStream:75 - [STDERR_REDIRECT] [Fatal Error] :1:1: Premature end of file.
2026-09-06 23:37:02,248 [ERROR] LogOutputStream:75 - [STDERR_REDIRECT] 
2026-09-06 23:37:03,251 [ERROR] LogOutputStream:75 - [STDERR_REDIRECT] [Fatal Error] :1:1: Premature end of file.
2026-09-06 23:37:03,251 [ERROR] LogOutputStream:75 - [STDERR_REDIRECT] 
2026-09-06 23:37:04,249 [ERROR] LogOutputStream:75 - [STDERR_REDIRECT] [Fatal Error] :1:1: Premature end of file.
2026-09-06 23:37:04,249 [ERROR] LogOutputStream:75 - [STDERR_REDIRECT] 
2026-09-06 23:37:05,250 [ERROR] LogOutputStream:75 - [STDERR_REDIRECT] [Fatal Error] :1:1: Premature end of file.
2026-09-06 23:37:05,250 [ERROR] LogOutputStream:75 - [STDERR_REDIRECT] 
2026-09-06 23:37:06,249 [ERROR] LogOutputStream:75 - [STDERR_REDIRECT] [Fatal Error] :1:1: Premature end of file.
2026-09-06 23:37:06,249 [ERROR] LogOutputStream:75 - [STDERR_REDIRECT] 
2026-09-06 23:37:07,250 [ERROR] LogOutputStream:75 - [STDERR_REDIRECT] [Fatal Error] :1:1: Premature end of file.
2026-09-06 23:37:07,250 [ERROR] LogOutputStream:75 - [STDERR_REDIRECT] 
2026-09-06 23:37:08,250 [ERROR] LogOutputStream:75 - [STDERR_REDIRECT] [Fatal Error] :1:1: Premature end of file.
2026-09-06 23:37:08,250 [ERROR] LogOutputStream:75 - [STDERR_REDIRECT] 
2026-09-06 23:37:09,249 [ERROR] LogOutputStream:75 - [STDERR_REDIRECT] [Fatal Error] :1:1: Premature end of file.
2026-09-06 23:37:09,249 [ERROR] LogOutputStream:75 - [STDERR_REDIRECT] 
2026-09-06 23:37:10,250 [ERROR] LogOutputStream:75 - [STDERR_REDIRECT] [Fatal Error] :1:1: Premature end of file.
2026-09-06 23:37:10,250 [ERROR] LogOutputStream:75 - [STDERR_REDIRECT] 
2026-09-06 23:37:11,251 [ERROR] LogOutputStream:75 - [STDERR_REDIRECT] [Fatal Error] :1:1: Premature end of file.
2026-09-06 23:37:11,251 [ERROR] LogOutputStream:75 - [STDERR_REDIRECT] 
2026-09-06 23:37:12,250 [ERROR] LogOutputStream:75 - [STDERR_REDIRECT] [Fatal Error] :1:1: Premature end of file.
2026-09-06 23:37:12,250 [ERROR] LogOutputStream:75 - [STDERR_REDIRECT] 
2026-09-06 23:37:13,249 [ERROR] LogOutputStream:75 - [STDERR_REDIRECT] [Fatal Error] :1:1: Premature end of file.
2026-09-06 23:37:13,249 [ERROR] LogOutputStream:75 - [STDERR_REDIRECT] 
2026-09-06 23:37:14,248 [ERROR] LogOutputStream:75 - [STDERR_REDIRECT] [Fatal Error] :1:1: Premature end of file.
2026-09-06 23:37:14,249 [ERROR] LogOutputStream:75 - [STDERR_REDIRECT] 
2026-09-06 23:37:15,250 [ERROR] LogOutputStream:75 - [STDERR_REDIRECT] [Fatal Error] :1:1: Premature end of file.
2026-09-06 23:37:15,251 [ERROR] LogOutputStream:75 - [STDERR_REDIRECT] 
2026-09-06 23:37:16,250 [ERROR] LogOutputStream:75 - [STDERR_REDIRECT] [Fatal Error] :1:1: Premature end of file.
2026-09-06 23:37:16,250 [ERROR] LogOutputStream:75 - [STDERR_REDIRECT] 
2026-09-06 23:37:17,250 [ERROR] LogOutputStream:75 - [STDERR_REDIRECT] [Fatal Error] :1:1: Premature end of file.
2026-09-06 23:37:17,250 [ERROR] LogOutputStream:75 - [STDERR_REDIRECT] 
2026-09-06 23:37:18,249 [ERROR] LogOutputStream:75 - [STDERR_REDIRECT] [Fatal Error] :1:1: Premature end of file.
2026-09-06 23:37:18,249 [ERROR] LogOutputStream:75 - [STDERR_REDIRECT] 
2026-09-06 23:37:19,249 [ERROR] LogOutputStream:75 - [STDERR_REDIRECT] [Fatal Error] :1:1: Premature end of file.
2026-09-06 23:37:19,249 [ERROR] LogOutputStream:75 - [STDERR_REDIRECT] 
2026-09-06 23:37:20,256 [ERROR] LogOutputStream:75 - [STDERR_REDIRECT] [Fatal Error] :1:1: Premature end of file.
2026-09-06 23:37:20,257 [ERROR] LogOutputStream:75 - [STDERR_REDIRECT] 
2026-09-06 23:37:21,250 [ERROR] LogOutputStream:75 - [STDERR_REDIRECT] [Fatal Error] :1:1: Premature end of file.
2026-09-06 23:37:21,250 [ERROR] LogOutputStream:75 - [STDERR_REDIRECT] 
2026-09-06 23:37:22,258 [ERROR] LogOutputStream:75 - [STDERR_REDIRECT] [Fatal Error] :1:1: Premature end of file.
2026-09-06 23:37:22,258 [ERROR] LogOutputStream:75 - [STDERR_REDIRECT] 
2026-09-06 23:37:22,331 [INFO] UtilMem:75 - End SaveConfig() Used Memory: 850551352 Bytes (1073741824)
2026-09-06 23:37:22,375 [INFO] UtilMem:75 - End SaveConfig() Used Memory: 884285192 Bytes (1073741824)
2026-09-06 23:37:22,882 [INFO] UtilMem:75 - End SaveConfig() Used Memory: 879828120 Bytes (1073741824)
2026-09-06 23:37:23,229 [INFO] BlockDiagram:2766 - set Specific Code input for plugin: NVIC
2026-09-06 23:37:23,229 [INFO] BlockDiagram:2766 - set Specific Code input for plugin: SYS
2026-09-06 23:37:23,229 [INFO] BlockDiagram:2766 - set Specific Code input for plugin: GPIO
2026-09-06 23:37:23,229 [INFO] BlockDiagram:2766 - set Specific Code input for plugin: RCC
2026-09-06 23:37:23,231 [INFO] CodeGenerator:807 - code generatio: config db path: C:\ST\STM32CubeIDE_1.16.0\STM32CubeIDE\plugins\com.st.stm32cube.common.mx_6.12.0.202406281431\\db\
2026-09-06 23:37:23,267 [ERROR] LogOutputStream:75 - [STDERR_REDIRECT] [Fatal Error] :1:1: Premature end of file.
2026-09-06 23:37:23,267 [ERROR] LogOutputStream:75 - [STDERR_REDIRECT] 
2026-09-06 23:37:23,426 [INFO] CodeEngine:255 - oldGeneratedFile, C:\study\balancing\balancing_robot\MXTmpFiles\license.tmp_save
2026-09-06 23:37:23,711 [INFO] CodeEngine:279 - Generated code: C:\study\balancing\balancing_robot\MXTmpFiles\license.tmp
2026-09-06 23:37:23,791 [INFO] CodeEngine:255 - oldGeneratedFile, C:\study\balancing\balancing_robot\MXTmpFiles\gpio.tmp_save
2026-09-06 23:37:23,888 [INFO] CodeEngine:279 - Generated code: C:\study\balancing\balancing_robot\MXTmpFiles\gpio.tmp
2026-09-06 23:37:23,938 [INFO] CodeEngine:255 - oldGeneratedFile, C:\study\balancing\balancing_robot\Core\Src\stm32f1xx_it.c_save
2026-09-06 23:37:24,027 [INFO] CodeEngine:279 - Generated code: C:\study\balancing\balancing_robot\Core\Src\stm32f1xx_it.c
2026-09-06 23:37:24,043 [INFO] CodeEngine:255 - oldGeneratedFile, C:\study\balancing\balancing_robot\Core\Inc\stm32f1xx_it.h_save
2026-09-06 23:37:24,109 [INFO] CodeEngine:279 - Generated code: C:\study\balancing\balancing_robot\Core\Inc\stm32f1xx_it.h
2026-09-06 23:37:24,133 [INFO] CodeEngine:255 - oldGeneratedFile, C:\study\balancing\balancing_robot\Core\Src\stm32f1xx_hal_msp.c_save
2026-09-06 23:37:24,225 [INFO] CodeEngine:279 - Generated code: C:\study\balancing\balancing_robot\Core\Src\stm32f1xx_hal_msp.c
2026-09-06 23:37:24,237 [INFO] CodeEngine:255 - oldGeneratedFile, C:\study\balancing\balancing_robot\MXTmpFiles\system.tmp_save
2026-09-06 23:37:24,261 [ERROR] LogOutputStream:75 - [STDERR_REDIRECT] [Fatal Error] :1:1: Premature end of file.
2026-09-06 23:37:24,261 [ERROR] LogOutputStream:75 - [STDERR_REDIRECT] 
2026-09-06 23:37:24,294 [INFO] CodeEngine:279 - Generated code: C:\study\balancing\balancing_robot\MXTmpFiles\system.tmp
2026-09-06 23:37:24,316 [INFO] CodeEngine:311 - oldGeneratedFile, C:\study\balancing\balancing_robot\Core\Inc\stm32f1xx_hal_conf.h_save
2026-09-06 23:37:24,389 [INFO] CodeEngine:335 - Generated code: C:\study\balancing\balancing_robot\Core\Inc\stm32f1xx_hal_conf.h
2026-09-06 23:37:24,443 [INFO] CodeEngine:255 - oldGeneratedFile, C:\study\balancing\balancing_robot\Core\Inc\main.h_save
2026-09-06 23:37:24,537 [INFO] CodeEngine:279 - Generated code: C:\study\balancing\balancing_robot\Core\Inc\main.h
2026-09-06 23:37:24,554 [INFO] CodeEngine:255 - oldGeneratedFile, C:\study\balancing\balancing_robot\Core\Src\main.c_save
2026-09-06 23:37:24,664 [INFO] CodeEngine:279 - Generated code: C:\study\balancing\balancing_robot\Core\Src\main.c
2026-09-06 23:37:25,000 [INFO] ProjectBuilder:3249 - Time for Copy HAL[1] : 200mS.
2026-09-06 23:37:25,005 [INFO] ProjectBuilder:4828 - Project Generator version: 4.4.0-B60
2026-09-06 23:37:25,078 [INFO] ConfigFileManager:1531 - The Die is : DIE414
2026-09-06 23:37:25,099 [INFO] ApiDbMcu:508 - Load IP Config File for FATFS
2026-09-06 23:37:25,115 [INFO] ApiDbMcu:508 - Load IP Config File for FREERTOS
2026-09-06 23:37:25,129 [INFO] ApiDbMcu:508 - Load IP Config File for USB_DEVICE
2026-09-06 23:37:25,259 [ERROR] LogOutputStream:75 - [STDERR_REDIRECT] [Fatal Error] :1:1: Premature end of file.
2026-09-06 23:37:25,259 [ERROR] LogOutputStream:75 - [STDERR_REDIRECT] 
2026-09-06 23:37:25,696 [INFO] LogOutputStream:77 - [STDOUT_REDIRECT] 
2026-09-06 23:37:26,252 [ERROR] LogOutputStream:75 - [STDERR_REDIRECT] [Fatal Error] :1:1: Premature end of file.
2026-09-06 23:37:26,252 [ERROR] LogOutputStream:75 - [STDERR_REDIRECT] 
2026-09-06 23:37:26,919 [INFO] ProjectBuilder:5097 - Time for Generating toolchain IDE Files: 1914mS.
2026-09-06 23:37:26,920 [INFO] ProjectBuilder:3107 - Time for Copy CMSIS : 1mS.
2026-09-06 23:37:26,922 [INFO] ProjectBuilder:3107 - Time for Copy CMSIS : 0mS.
2026-09-06 23:37:27,257 [ERROR] LogOutputStream:75 - [STDERR_REDIRECT] [Fatal Error] :1:1: Premature end of file.
2026-09-06 23:37:27,257 [ERROR] LogOutputStream:75 - [STDERR_REDIRECT] 
2026-09-06 23:37:28,255 [ERROR] LogOutputStream:75 - [STDERR_REDIRECT] [Fatal Error] :1:1: Premature end of file.
2026-09-06 23:37:28,255 [ERROR] LogOutputStream:75 - [STDERR_REDIRECT] 
2026-09-06 23:37:29,257 [ERROR] LogOutputStream:75 - [STDERR_REDIRECT] [Fatal Error] :1:1: Premature end of file.
2026-09-06 23:37:29,257 [ERROR] LogOutputStream:75 - [STDERR_REDIRECT] 
2026-09-06 23:37:30,252 [ERROR] LogOutputStream:75 - [STDERR_REDIRECT] [Fatal Error] :1:1: Premature end of file.
2026-09-06 23:37:30,252 [ERROR] LogOutputStream:75 - [STDERR_REDIRECT] 
2026-09-06 23:37:31,262 [ERROR] LogOutputStream:75 - [STDERR_REDIRECT] [Fatal Error] :1:1: Premature end of file.
2026-09-06 23:37:31,262 [ERROR] LogOutputStream:75 - [STDERR_REDIRECT] 
2026-09-06 23:37:32,258 [ERROR] LogOutputStream:75 - [STDERR_REDIRECT] [Fatal Error] :1:1: Premature end of file.
2026-09-06 23:37:32,258 [ERROR] LogOutputStream:75 - [STDERR_REDIRECT] 
2026-09-06 23:37:33,256 [ERROR] LogOutputStream:75 - [STDERR_REDIRECT] [Fatal Error] :1:1: Premature end of file.
2026-09-06 23:37:33,256 [ERROR] LogOutputStream:75 - [STDERR_REDIRECT] 
2026-09-06 23:37:34,253 [ERROR] LogOutputStream:75 - [STDERR_REDIRECT] [Fatal Error] :1:1: Premature end of file.
2026-09-06 23:37:34,253 [ERROR] LogOutputStream:75 - [STDERR_REDIRECT] 
2026-09-06 23:37:35,264 [ERROR] LogOutputStream:75 - [STDERR_REDIRECT] [Fatal Error] :1:1: Premature end of file.
2026-09-06 23:37:35,264 [ERROR] LogOutputStream:75 - [STDERR_REDIRECT] 
2026-09-06 23:37:36,264 [ERROR] LogOutputStream:75 - [STDERR_REDIRECT] [Fatal Error] :1:1: Premature end of file.
2026-09-06 23:37:36,264 [ERROR] LogOutputStream:75 - [STDERR_REDIRECT] 
2026-09-06 23:37:37,263 [ERROR] LogOutputStream:75 - [STDERR_REDIRECT] [Fatal Error] :1:1: Premature end of file.
2026-09-06 23:37:37,263 [ERROR] LogOutputStream:75 - [STDERR_REDIRECT] 
2026-09-06 23:37:38,254 [ERROR] LogOutputStream:75 - [STDERR_REDIRECT] [Fatal Error] :1:1: Premature end of file.
2026-09-06 23:37:38,254 [ERROR] LogOutputStream:75 - [STDERR_REDIRECT] 
2026-09-06 23:37:39,249 [ERROR] LogOutputStream:75 - [STDERR_REDIRECT] [Fatal Error] :1:1: Premature end of file.
2026-09-06 23:37:39,249 [ERROR] LogOutputStream:75 - [STDERR_REDIRECT] 
2026-09-06 23:37:40,254 [ERROR] LogOutputStream:75 - [STDERR_REDIRECT] [Fatal Error] :1:1: Premature end of file.
2026-09-06 23:37:40,254 [ERROR] LogOutputStream:75 - [STDERR_REDIRECT] 
2026-09-06 23:37:41,250 [ERROR] LogOutputStream:75 - [STDERR_REDIRECT] [Fatal Error] :1:1: Premature end of file.
2026-09-06 23:37:41,250 [ERROR] LogOutputStream:75 - [STDERR_REDIRECT] 
2026-09-06 23:37:42,251 [ERROR] LogOutputStream:75 - [STDERR_REDIRECT] [Fatal Error] :1:1: Premature end of file.
2026-09-06 23:37:42,251 [ERROR] LogOutputStream:75 - [STDERR_REDIRECT] 
2026-09-06 23:37:43,252 [ERROR] LogOutputStream:75 - [STDERR_REDIRECT] [Fatal Error] :1:1: Premature end of file.
2026-09-06 23:37:43,252 [ERROR] LogOutputStream:75 - [STDERR_REDIRECT] 
2026-09-06 23:37:44,250 [ERROR] LogOutputStream:75 - [STDERR_REDIRECT] [Fatal Error] :1:1: Premature end of file.
2026-09-06 23:37:44,251 [ERROR] LogOutputStream:75 - [STDERR_REDIRECT] 
2026-09-06 23:37:45,250 [ERROR] LogOutputStream:75 - [STDERR_REDIRECT] [Fatal Error] :1:1: Premature end of file.
2026-09-06 23:37:45,250 [ERROR] LogOutputStream:75 - [STDERR_REDIRECT] 
2026-09-06 23:37:46,260 [ERROR] LogOutputStream:75 - [STDERR_REDIRECT] [Fatal Error] :1:1: Premature end of file.
2026-09-06 23:37:46,260 [ERROR] LogOutputStream:75 - [STDERR_REDIRECT] 
2026-09-06 23:37:47,258 [ERROR] LogOutputStream:75 - [STDERR_REDIRECT] [Fatal Error] :1:1: Premature end of file.
2026-09-06 23:37:47,258 [ERROR] LogOutputStream:75 - [STDERR_REDIRECT] 
2026-09-06 23:37:48,250 [ERROR] LogOutputStream:75 - [STDERR_REDIRECT] [Fatal Error] :1:1: Premature end of file.
2026-09-06 23:37:48,251 [ERROR] LogOutputStream:75 - [STDERR_REDIRECT] 
2026-09-06 23:37:49,262 [ERROR] LogOutputStream:75 - [STDERR_REDIRECT] [Fatal Error] :1:1: Premature end of file.
2026-09-06 23:37:49,262 [ERROR] LogOutputStream:75 - [STDERR_REDIRECT] 
2026-09-06 23:37:50,257 [ERROR] LogOutputStream:75 - [STDERR_REDIRECT] [Fatal Error] :1:1: Premature end of file.
2026-09-06 23:37:50,257 [ERROR] LogOutputStream:75 - [STDERR_REDIRECT] 
2026-09-06 23:37:51,252 [ERROR] LogOutputStream:75 - [STDERR_REDIRECT] [Fatal Error] :1:1: Premature end of file.
2026-09-06 23:37:51,252 [ERROR] LogOutputStream:75 - [STDERR_REDIRECT] 
2026-09-06 23:37:52,262 [ERROR] LogOutputStream:75 - [STDERR_REDIRECT] [Fatal Error] :1:1: Premature end of file.
2026-09-06 23:37:52,262 [ERROR] LogOutputStream:75 - [STDERR_REDIRECT] 
2026-09-06 23:37:53,259 [ERROR] LogOutputStream:75 - [STDERR_REDIRECT] [Fatal Error] :1:1: Premature end of file.
2026-09-06 23:37:53,261 [ERROR] LogOutputStream:75 - [STDERR_REDIRECT] 
2026-09-06 23:37:54,254 [ERROR] LogOutputStream:75 - [STDERR_REDIRECT] [Fatal Error] :1:1: Premature end of file.
2026-09-06 23:37:54,255 [ERROR] LogOutputStream:75 - [STDERR_REDIRECT] 
2026-09-06 23:37:55,264 [ERROR] LogOutputStream:75 - [STDERR_REDIRECT] [Fatal Error] :1:1: Premature end of file.
2026-09-06 23:37:55,264 [ERROR] LogOutputStream:75 - [STDERR_REDIRECT] 
2026-09-06 23:37:56,259 [ERROR] LogOutputStream:75 - [STDERR_REDIRECT] [Fatal Error] :1:1: Premature end of file.
2026-09-06 23:37:56,259 [ERROR] LogOutputStream:75 - [STDERR_REDIRECT] 
2026-09-06 23:37:57,256 [ERROR] LogOutputStream:75 - [STDERR_REDIRECT] [Fatal Error] :1:1: Premature end of file.
2026-09-06 23:37:57,256 [ERROR] LogOutputStream:75 - [STDERR_REDIRECT] 
2026-09-06 23:37:58,252 [ERROR] LogOutputStream:75 - [STDERR_REDIRECT] [Fatal Error] :1:1: Premature end of file.
2026-09-06 23:37:58,252 [ERROR] LogOutputStream:75 - [STDERR_REDIRECT] 
2026-09-06 23:37:59,260 [ERROR] LogOutputStream:75 - [STDERR_REDIRECT] [Fatal Error] :1:1: Premature end of file.
2026-09-06 23:37:59,260 [ERROR] LogOutputStream:75 - [STDERR_REDIRECT] 
2026-09-06 23:38:00,253 [ERROR] LogOutputStream:75 - [STDERR_REDIRECT] [Fatal Error] :1:1: Premature end of file.
2026-09-06 23:38:00,254 [ERROR] LogOutputStream:75 - [STDERR_REDIRECT] 
2026-09-06 23:38:01,267 [ERROR] LogOutputStream:75 - [STDERR_REDIRECT] [Fatal Error] :1:1: Premature end of file.
2026-09-06 23:38:01,268 [ERROR] LogOutputStream:75 - [STDERR_REDIRECT] 
2026-09-06 23:38:02,270 [ERROR] LogOutputStream:75 - [STDERR_REDIRECT] [Fatal Error] :1:1: Premature end of file.
2026-09-06 23:38:02,270 [ERROR] LogOutputStream:75 - [STDERR_REDIRECT] 
2026-09-06 23:38:03,263 [ERROR] LogOutputStream:75 - [STDERR_REDIRECT] [Fatal Error] :1:1: Premature end of file.
2026-09-06 23:38:03,263 [ERROR] LogOutputStream:75 - [STDERR_REDIRECT] 
2026-09-06 23:38:04,258 [ERROR] LogOutputStream:75 - [STDERR_REDIRECT] [Fatal Error] :1:1: Premature end of file.
2026-09-06 23:38:04,258 [ERROR] LogOutputStream:75 - [STDERR_REDIRECT] 
2026-09-06 23:38:05,255 [ERROR] LogOutputStream:75 - [STDERR_REDIRECT] [Fatal Error] :1:1: Premature end of file.
2026-09-06 23:38:05,255 [ERROR] LogOutputStream:75 - [STDERR_REDIRECT] 
2026-09-06 23:38:06,253 [ERROR] LogOutputStream:75 - [STDERR_REDIRECT] [Fatal Error] :1:1: Premature end of file.
2026-09-06 23:38:06,253 [ERROR] LogOutputStream:75 - [STDERR_REDIRECT] 
2026-09-06 23:38:07,250 [ERROR] LogOutputStream:75 - [STDERR_REDIRECT] [Fatal Error] :1:1: Premature end of file.
2026-09-06 23:38:07,250 [ERROR] LogOutputStream:75 - [STDERR_REDIRECT] 
2026-09-06 23:38:08,259 [ERROR] LogOutputStream:75 - [STDERR_REDIRECT] [Fatal Error] :1:1: Premature end of file.
2026-09-06 23:38:08,259 [ERROR] LogOutputStream:75 - [STDERR_REDIRECT] 
2026-09-06 23:38:09,254 [ERROR] LogOutputStream:75 - [STDERR_REDIRECT] [Fatal Error] :1:1: Premature end of file.
2026-09-06 23:38:09,254 [ERROR] LogOutputStream:75 - [STDERR_REDIRECT] 
2026-09-06 23:38:10,250 [ERROR] LogOutputStream:75 - [STDERR_REDIRECT] [Fatal Error] :1:1: Premature end of file.
2026-09-06 23:38:10,251 [ERROR] LogOutputStream:75 - [STDERR_REDIRECT] 
2026-09-06 23:38:11,250 [ERROR] LogOutputStream:75 - [STDERR_REDIRECT] [Fatal Error] :1:1: Premature end of file.
2026-09-06 23:38:11,250 [ERROR] LogOutputStream:75 - [STDERR_REDIRECT] 
2026-09-06 23:38:12,262 [ERROR] LogOutputStream:75 - [STDERR_REDIRECT] [Fatal Error] :1:1: Premature end of file.
2026-09-06 23:38:12,262 [ERROR] LogOutputStream:75 - [STDERR_REDIRECT] 
2026-09-06 23:38:13,259 [ERROR] LogOutputStream:75 - [STDERR_REDIRECT] [Fatal Error] :1:1: Premature end of file.
2026-09-06 23:38:13,259 [ERROR] LogOutputStream:75 - [STDERR_REDIRECT] 
2026-09-06 23:38:14,253 [ERROR] LogOutputStream:75 - [STDERR_REDIRECT] [Fatal Error] :1:1: Premature end of file.
2026-09-06 23:38:14,253 [ERROR] LogOutputStream:75 - [STDERR_REDIRECT] 
2026-09-06 23:38:15,263 [ERROR] LogOutputStream:75 - [STDERR_REDIRECT] [Fatal Error] :1:1: Premature end of file.
2026-09-06 23:38:15,263 [ERROR] LogOutputStream:75 - [STDERR_REDIRECT] 
2026-09-06 23:38:16,252 [ERROR] LogOutputStream:75 - [STDERR_REDIRECT] [Fatal Error] :1:1: Premature end of file.
2026-09-06 23:38:16,252 [ERROR] LogOutputStream:75 - [STDERR_REDIRECT] 
2026-09-06 23:38:17,257 [ERROR] LogOutputStream:75 - [STDERR_REDIRECT] [Fatal Error] :1:1: Premature end of file.
2026-09-06 23:38:17,258 [ERROR] LogOutputStream:75 - [STDERR_REDIRECT] 
2026-09-06 23:38:18,250 [ERROR] LogOutputStream:75 - [STDERR_REDIRECT] [Fatal Error] :1:1: Premature end of file.
2026-09-06 23:38:18,250 [ERROR] LogOutputStream:75 - [STDERR_REDIRECT] 
2026-09-06 23:38:19,259 [ERROR] LogOutputStream:75 - [STDERR_REDIRECT] [Fatal Error] :1:1: Premature end of file.
2026-09-06 23:38:19,259 [ERROR] LogOutputStream:75 - [STDERR_REDIRECT] 
2026-09-06 23:38:20,254 [ERROR] LogOutputStream:75 - [STDERR_REDIRECT] [Fatal Error] :1:1: Premature end of file.
2026-09-06 23:38:20,254 [ERROR] LogOutputStream:75 - [STDERR_REDIRECT] 
2026-09-06 23:38:21,250 [ERROR] LogOutputStream:75 - [STDERR_REDIRECT] [Fatal Error] :1:1: Premature end of file.
2026-09-06 23:38:21,250 [ERROR] LogOutputStream:75 - [STDERR_REDIRECT] 
2026-09-06 23:38:22,262 [ERROR] LogOutputStream:75 - [STDERR_REDIRECT] [Fatal Error] :1:1: Premature end of file.
2026-09-06 23:38:22,264 [ERROR] LogOutputStream:75 - [STDERR_REDIRECT] 
2026-09-06 23:38:23,257 [ERROR] LogOutputStream:75 - [STDERR_REDIRECT] [Fatal Error] :1:1: Premature end of file.
2026-09-06 23:38:23,257 [ERROR] LogOutputStream:75 - [STDERR_REDIRECT] 
2026-09-06 23:38:24,251 [ERROR] LogOutputStream:75 - [STDERR_REDIRECT] [Fatal Error] :1:1: Premature end of file.
2026-09-06 23:38:24,251 [ERROR] LogOutputStream:75 - [STDERR_REDIRECT] 
2026-09-06 23:38:25,265 [ERROR] LogOutputStream:75 - [STDERR_REDIRECT] [Fatal Error] :1:1: Premature end of file.
2026-09-06 23:38:25,265 [ERROR] LogOutputStream:75 - [STDERR_REDIRECT] 
2026-09-06 23:38:26,256 [ERROR] LogOutputStream:75 - [STDERR_REDIRECT] [Fatal Error] :1:1: Premature end of file.
2026-09-06 23:38:26,256 [ERROR] LogOutputStream:75 - [STDERR_REDIRECT] 
2026-09-06 23:38:27,251 [ERROR] LogOutputStream:75 - [STDERR_REDIRECT] [Fatal Error] :1:1: Premature end of file.
2026-09-06 23:38:27,251 [ERROR] LogOutputStream:75 - [STDERR_REDIRECT] 
2026-09-06 23:38:28,264 [ERROR] LogOutputStream:75 - [STDERR_REDIRECT] [Fatal Error] :1:1: Premature end of file.
2026-09-06 23:38:28,264 [ERROR] LogOutputStream:75 - [STDERR_REDIRECT] 
2026-09-06 23:38:29,262 [ERROR] LogOutputStream:75 - [STDERR_REDIRECT] [Fatal Error] :1:1: Premature end of file.
2026-09-06 23:38:29,262 [ERROR] LogOutputStream:75 - [STDERR_REDIRECT] 
2026-09-06 23:38:30,252 [ERROR] LogOutputStream:75 - [STDERR_REDIRECT] [Fatal Error] :1:1: Premature end of file.
2026-09-06 23:38:30,252 [ERROR] LogOutputStream:75 - [STDERR_REDIRECT] 
2026-09-06 23:38:31,259 [ERROR] LogOutputStream:75 - [STDERR_REDIRECT] [Fatal Error] :1:1: Premature end of file.
2026-09-06 23:38:31,260 [ERROR] LogOutputStream:75 - [STDERR_REDIRECT] 
2026-09-06 23:38:32,256 [ERROR] LogOutputStream:75 - [STDERR_REDIRECT] [Fatal Error] :1:1: Premature end of file.
2026-09-06 23:38:32,257 [ERROR] LogOutputStream:75 - [STDERR_REDIRECT] 
2026-09-06 23:38:33,252 [ERROR] LogOutputStream:75 - [STDERR_REDIRECT] [Fatal Error] :1:1: Premature end of file.
2026-09-06 23:38:33,252 [ERROR] LogOutputStream:75 - [STDERR_REDIRECT] 
2026-09-06 23:38:34,253 [ERROR] LogOutputStream:75 - [STDERR_REDIRECT] [Fatal Error] :1:1: Premature end of file.
2026-09-06 23:38:34,254 [ERROR] LogOutputStream:75 - [STDERR_REDIRECT] 
2026-09-06 23:38:35,265 [ERROR] LogOutputStream:75 - [STDERR_REDIRECT] [Fatal Error] :1:1: Premature end of file.
2026-09-06 23:38:35,265 [ERROR] LogOutputStream:75 - [STDERR_REDIRECT] 
2026-09-06 23:38:36,265 [ERROR] LogOutputStream:75 - [STDERR_REDIRECT] [Fatal Error] :1:1: Premature end of file.
2026-09-06 23:38:36,265 [ERROR] LogOutputStream:75 - [STDERR_REDIRECT] 
2026-09-06 23:38:37,262 [ERROR] LogOutputStream:75 - [STDERR_REDIRECT] [Fatal Error] :1:1: Premature end of file.
2026-09-06 23:38:37,262 [ERROR] LogOutputStream:75 - [STDERR_REDIRECT] 
2026-09-06 23:38:38,256 [ERROR] LogOutputStream:75 - [STDERR_REDIRECT] [Fatal Error] :1:1: Premature end of file.
2026-09-06 23:38:38,256 [ERROR] LogOutputStream:75 - [STDERR_REDIRECT] 
2026-09-06 23:38:39,265 [ERROR] LogOutputStream:75 - [STDERR_REDIRECT] [Fatal Error] :1:1: Premature end of file.
2026-09-06 23:38:39,266 [ERROR] LogOutputStream:75 - [STDERR_REDIRECT] 
2026-09-06 23:38:40,260 [ERROR] LogOutputStream:75 - [STDERR_REDIRECT] [Fatal Error] :1:1: Premature end of file.
2026-09-06 23:38:40,260 [ERROR] LogOutputStream:75 - [STDERR_REDIRECT] 
2026-09-06 23:38:41,259 [ERROR] LogOutputStream:75 - [STDERR_REDIRECT] [Fatal Error] :1:1: Premature end of file.
2026-09-06 23:38:41,259 [ERROR] LogOutputStream:75 - [STDERR_REDIRECT] 
2026-09-06 23:38:42,251 [ERROR] LogOutputStream:75 - [STDERR_REDIRECT] [Fatal Error] :1:1: Premature end of file.
2026-09-06 23:38:42,252 [ERROR] LogOutputStream:75 - [STDERR_REDIRECT] 
2026-09-06 23:38:43,263 [ERROR] LogOutputStream:75 - [STDERR_REDIRECT] [Fatal Error] :1:1: Premature end of file.
2026-09-06 23:38:43,263 [ERROR] LogOutputStream:75 - [STDERR_REDIRECT] 
2026-09-06 23:38:44,259 [ERROR] LogOutputStream:75 - [STDERR_REDIRECT] [Fatal Error] :1:1: Premature end of file.
2026-09-06 23:38:44,259 [ERROR] LogOutputStream:75 - [STDERR_REDIRECT] 
2026-09-06 23:38:45,254 [ERROR] LogOutputStream:75 - [STDERR_REDIRECT] [Fatal Error] :1:1: Premature end of file.
2026-09-06 23:38:45,254 [ERROR] LogOutputStream:75 - [STDERR_REDIRECT] 
2026-09-06 23:38:46,262 [ERROR] LogOutputStream:75 - [STDERR_REDIRECT] [Fatal Error] :1:1: Premature end of file.
2026-09-06 23:38:46,262 [ERROR] LogOutputStream:75 - [STDERR_REDIRECT] 
2026-09-06 23:38:47,256 [ERROR] LogOutputStream:75 - [STDERR_REDIRECT] [Fatal Error] :1:1: Premature end of file.
2026-09-06 23:38:47,257 [ERROR] LogOutputStream:75 - [STDERR_REDIRECT] 
2026-09-06 23:38:48,252 [ERROR] LogOutputStream:75 - [STDERR_REDIRECT] [Fatal Error] :1:1: Premature end of file.
2026-09-06 23:38:48,252 [ERROR] LogOutputStream:75 - [STDERR_REDIRECT] 
2026-09-06 23:38:49,265 [ERROR] LogOutputStream:75 - [STDERR_REDIRECT] [Fatal Error] :1:1: Premature end of file.
2026-09-06 23:38:49,265 [ERROR] LogOutputStream:75 - [STDERR_REDIRECT] 
2026-09-06 23:38:50,259 [ERROR] LogOutputStream:75 - [STDERR_REDIRECT] [Fatal Error] :1:1: Premature end of file.
2026-09-06 23:38:50,259 [ERROR] LogOutputStream:75 - [STDERR_REDIRECT] 
2026-09-06 23:38:51,253 [ERROR] LogOutputStream:75 - [STDERR_REDIRECT] [Fatal Error] :1:1: Premature end of file.
2026-09-06 23:38:51,253 [ERROR] LogOutputStream:75 - [STDERR_REDIRECT] 
2026-09-06 23:38:52,263 [ERROR] LogOutputStream:75 - [STDERR_REDIRECT] [Fatal Error] :1:1: Premature end of file.
2026-09-06 23:38:52,264 [ERROR] LogOutputStream:75 - [STDERR_REDIRECT] 
2026-09-06 23:38:53,258 [ERROR] LogOutputStream:75 - [STDERR_REDIRECT] [Fatal Error] :1:1: Premature end of file.
2026-09-06 23:38:53,259 [ERROR] LogOutputStream:75 - [STDERR_REDIRECT] 
2026-09-06 23:38:54,251 [ERROR] LogOutputStream:75 - [STDERR_REDIRECT] [Fatal Error] :1:1: Premature end of file.
2026-09-06 23:38:54,252 [ERROR] LogOutputStream:75 - [STDERR_REDIRECT] 
2026-09-06 23:38:55,263 [ERROR] LogOutputStream:75 - [STDERR_REDIRECT] [Fatal Error] :1:1: Premature end of file.
2026-09-06 23:38:55,263 [ERROR] LogOutputStream:75 - [STDERR_REDIRECT] 
2026-09-06 23:38:56,255 [ERROR] LogOutputStream:75 - [STDERR_REDIRECT] [Fatal Error] :1:1: Premature end of file.
2026-09-06 23:38:56,255 [ERROR] LogOutputStream:75 - [STDERR_REDIRECT] 
2026-09-06 23:38:57,261 [ERROR] LogOutputStream:75 - [STDERR_REDIRECT] [Fatal Error] :1:1: Premature end of file.
2026-09-06 23:38:57,261 [ERROR] LogOutputStream:75 - [STDERR_REDIRECT] 
2026-09-06 23:38:58,250 [ERROR] LogOutputStream:75 - [STDERR_REDIRECT] [Fatal Error] :1:1: Premature end of file.
2026-09-06 23:38:58,250 [ERROR] LogOutputStream:75 - [STDERR_REDIRECT] 
2026-09-06 23:38:59,259 [ERROR] LogOutputStream:75 - [STDERR_REDIRECT] [Fatal Error] :1:1: Premature end of file.
2026-09-06 23:38:59,259 [ERROR] LogOutputStream:75 - [STDERR_REDIRECT] 
2026-09-06 23:39:00,256 [ERROR] LogOutputStream:75 - [STDERR_REDIRECT] [Fatal Error] :1:1: Premature end of file.
2026-09-06 23:39:00,256 [ERROR] LogOutputStream:75 - [STDERR_REDIRECT] 
2026-09-06 23:39:01,255 [ERROR] LogOutputStream:75 - [STDERR_REDIRECT] [Fatal Error] :1:1: Premature end of file.
2026-09-06 23:39:01,255 [ERROR] LogOutputStream:75 - [STDERR_REDIRECT] 
2026-09-06 23:39:02,262 [ERROR] LogOutputStream:75 - [STDERR_REDIRECT] [Fatal Error] :1:1: Premature end of file.
2026-09-06 23:39:02,262 [ERROR] LogOutputStream:75 - [STDERR_REDIRECT] 
2026-09-06 23:39:03,260 [ERROR] LogOutputStream:75 - [STDERR_REDIRECT] [Fatal Error] :1:1: Premature end of file.
2026-09-06 23:39:03,260 [ERROR] LogOutputStream:75 - [STDERR_REDIRECT] 
2026-09-06 23:39:04,259 [ERROR] LogOutputStream:75 - [STDERR_REDIRECT] [Fatal Error] :1:1: Premature end of file.
2026-09-06 23:39:04,259 [ERROR] LogOutputStream:75 - [STDERR_REDIRECT] 
2026-09-06 23:39:05,255 [ERROR] LogOutputStream:75 - [STDERR_REDIRECT] [Fatal Error] :1:1: Premature end of file.
2026-09-06 23:39:05,255 [ERROR] LogOutputStream:75 - [STDERR_REDIRECT] 
2026-09-06 23:39:06,262 [ERROR] LogOutputStream:75 - [STDERR_REDIRECT] [Fatal Error] :1:1: Premature end of file.
2026-09-06 23:39:06,262 [ERROR] LogOutputStream:75 - [STDERR_REDIRECT] 
2026-09-06 23:39:07,258 [ERROR] LogOutputStream:75 - [STDERR_REDIRECT] [Fatal Error] :1:1: Premature end of file.
2026-09-06 23:39:07,258 [ERROR] LogOutputStream:75 - [STDERR_REDIRECT] 
2026-09-06 23:39:08,255 [ERROR] LogOutputStream:75 - [STDERR_REDIRECT] [Fatal Error] :1:1: Premature end of file.
2026-09-06 23:39:08,255 [ERROR] LogOutputStream:75 - [STDERR_REDIRECT] 
2026-09-06 23:39:09,263 [ERROR] LogOutputStream:75 - [STDERR_REDIRECT] [Fatal Error] :1:1: Premature end of file.
2026-09-06 23:39:09,263 [ERROR] LogOutputStream:75 - [STDERR_REDIRECT] 
2026-09-06 23:39:10,261 [ERROR] LogOutputStream:75 - [STDERR_REDIRECT] [Fatal Error] :1:1: Premature end of file.
2026-09-06 23:39:10,261 [ERROR] LogOutputStream:75 - [STDERR_REDIRECT] 
2026-09-06 23:39:11,260 [ERROR] LogOutputStream:75 - [STDERR_REDIRECT] [Fatal Error] :1:1: Premature end of file.
2026-09-06 23:39:11,260 [ERROR] LogOutputStream:75 - [STDERR_REDIRECT] 
2026-09-06 23:39:12,252 [ERROR] LogOutputStream:75 - [STDERR_REDIRECT] [Fatal Error] :1:1: Premature end of file.
2026-09-06 23:39:12,252 [ERROR] LogOutputStream:75 - [STDERR_REDIRECT] 
2026-09-06 23:39:13,262 [ERROR] LogOutputStream:75 - [STDERR_REDIRECT] [Fatal Error] :1:1: Premature end of file.
2026-09-06 23:39:13,262 [ERROR] LogOutputStream:75 - [STDERR_REDIRECT] 
2026-09-06 23:39:14,256 [ERROR] LogOutputStream:75 - [STDERR_REDIRECT] [Fatal Error] :1:1: Premature end of file.
2026-09-06 23:39:14,256 [ERROR] LogOutputStream:75 - [STDERR_REDIRECT] 
2026-09-06 23:39:15,249 [ERROR] LogOutputStream:75 - [STDERR_REDIRECT] [Fatal Error] :1:1: Premature end of file.
2026-09-06 23:39:15,250 [ERROR] LogOutputStream:75 - [STDERR_REDIRECT] 
2026-09-06 23:39:16,259 [ERROR] LogOutputStream:75 - [STDERR_REDIRECT] [Fatal Error] :1:1: Premature end of file.
2026-09-06 23:39:16,259 [ERROR] LogOutputStream:75 - [STDERR_REDIRECT] 
2026-09-06 23:39:17,252 [ERROR] LogOutputStream:75 - [STDERR_REDIRECT] [Fatal Error] :1:1: Premature end of file.
2026-09-06 23:39:17,252 [ERROR] LogOutputStream:75 - [STDERR_REDIRECT] 
2026-09-06 23:39:18,261 [ERROR] LogOutputStream:75 - [STDERR_REDIRECT] [Fatal Error] :1:1: Premature end of file.
2026-09-06 23:39:18,261 [ERROR] LogOutputStream:75 - [STDERR_REDIRECT] 
2026-09-06 23:39:19,253 [ERROR] LogOutputStream:75 - [STDERR_REDIRECT] [Fatal Error] :1:1: Premature end of file.
2026-09-06 23:39:19,253 [ERROR] LogOutputStream:75 - [STDERR_REDIRECT] 
2026-09-06 23:39:20,264 [ERROR] LogOutputStream:75 - [STDERR_REDIRECT] [Fatal Error] :1:1: Premature end of file.
2026-09-06 23:39:20,264 [ERROR] LogOutputStream:75 - [STDERR_REDIRECT] 
2026-09-06 23:39:21,255 [ERROR] LogOutputStream:75 - [STDERR_REDIRECT] [Fatal Error] :1:1: Premature end of file.
2026-09-06 23:39:21,255 [ERROR] LogOutputStream:75 - [STDERR_REDIRECT] 
2026-09-06 23:39:22,251 [ERROR] LogOutputStream:75 - [STDERR_REDIRECT] [Fatal Error] :1:1: Premature end of file.
2026-09-06 23:39:22,251 [ERROR] LogOutputStream:75 - [STDERR_REDIRECT] 
2026-09-06 23:39:23,259 [ERROR] LogOutputStream:75 - [STDERR_REDIRECT] [Fatal Error] :1:1: Premature end of file.
2026-09-06 23:39:23,259 [ERROR] LogOutputStream:75 - [STDERR_REDIRECT] 
2026-09-06 23:39:24,254 [ERROR] LogOutputStream:75 - [STDERR_REDIRECT] [Fatal Error] :1:1: Premature end of file.
2026-09-06 23:39:24,254 [ERROR] LogOutputStream:75 - [STDERR_REDIRECT] 
2026-09-06 23:39:25,264 [ERROR] LogOutputStream:75 - [STDERR_REDIRECT] [Fatal Error] :1:1: Premature end of file.
2026-09-06 23:39:25,264 [ERROR] LogOutputStream:75 - [STDERR_REDIRECT] 
2026-09-06 23:39:26,260 [ERROR] LogOutputStream:75 - [STDERR_REDIRECT] [Fatal Error] :1:1: Premature end of file.
2026-09-06 23:39:26,260 [ERROR] LogOutputStream:75 - [STDERR_REDIRECT] 
2026-09-06 23:39:27,255 [ERROR] LogOutputStream:75 - [STDERR_REDIRECT] [Fatal Error] :1:1: Premature end of file.
2026-09-06 23:39:27,255 [ERROR] LogOutputStream:75 - [STDERR_REDIRECT] 
2026-09-06 23:39:28,251 [ERROR] LogOutputStream:75 - [STDERR_REDIRECT] [Fatal Error] :1:1: Premature end of file.
2026-09-06 23:39:28,252 [ERROR] LogOutputStream:75 - [STDERR_REDIRECT] 
2026-09-06 23:39:29,262 [ERROR] LogOutputStream:75 - [STDERR_REDIRECT] [Fatal Error] :1:1: Premature end of file.
2026-09-06 23:39:29,262 [ERROR] LogOutputStream:75 - [STDERR_REDIRECT] 
2026-09-06 23:39:30,261 [ERROR] LogOutputStream:75 - [STDERR_REDIRECT] [Fatal Error] :1:1: Premature end of file.
2026-09-06 23:39:30,261 [ERROR] LogOutputStream:75 - [STDERR_REDIRECT] 
2026-09-06 23:39:31,255 [ERROR] LogOutputStream:75 - [STDERR_REDIRECT] [Fatal Error] :1:1: Premature end of file.
2026-09-06 23:39:31,255 [ERROR] LogOutputStream:75 - [STDERR_REDIRECT] 
2026-09-06 23:39:32,264 [ERROR] LogOutputStream:75 - [STDERR_REDIRECT] [Fatal Error] :1:1: Premature end of file.
2026-09-06 23:39:32,265 [ERROR] LogOutputStream:75 - [STDERR_REDIRECT] 
2026-09-06 23:39:33,259 [ERROR] LogOutputStream:75 - [STDERR_REDIRECT] [Fatal Error] :1:1: Premature end of file.
2026-09-06 23:39:33,259 [ERROR] LogOutputStream:75 - [STDERR_REDIRECT] 
2026-09-06 23:39:34,252 [ERROR] LogOutputStream:75 - [STDERR_REDIRECT] [Fatal Error] :1:1: Premature end of file.
2026-09-06 23:39:34,253 [ERROR] LogOutputStream:75 - [STDERR_REDIRECT] 
2026-09-06 23:39:35,262 [ERROR] LogOutputStream:75 - [STDERR_REDIRECT] [Fatal Error] :1:1: Premature end of file.
2026-09-06 23:39:35,262 [ERROR] LogOutputStream:75 - [STDERR_REDIRECT] 
2026-09-06 23:39:36,255 [ERROR] LogOutputStream:75 - [STDERR_REDIRECT] [Fatal Error] :1:1: Premature end of file.
2026-09-06 23:39:36,256 [ERROR] LogOutputStream:75 - [STDERR_REDIRECT] 
2026-09-06 23:39:37,252 [ERROR] LogOutputStream:75 - [STDERR_REDIRECT] [Fatal Error] :1:1: Premature end of file.
2026-09-06 23:39:37,252 [ERROR] LogOutputStream:75 - [STDERR_REDIRECT] 
2026-09-06 23:39:38,260 [ERROR] LogOutputStream:75 - [STDERR_REDIRECT] [Fatal Error] :1:1: Premature end of file.
2026-09-06 23:39:38,260 [ERROR] LogOutputStream:75 - [STDERR_REDIRECT] 
2026-09-06 23:39:39,256 [ERROR] LogOutputStream:75 - [STDERR_REDIRECT] [Fatal Error] :1:1: Premature end of file.
2026-09-06 23:39:39,256 [ERROR] LogOutputStream:75 - [STDERR_REDIRECT] 
2026-09-06 23:39:40,251 [ERROR] LogOutputStream:75 - [STDERR_REDIRECT] [Fatal Error] :1:1: Premature end of file.
2026-09-06 23:39:40,251 [ERROR] LogOutputStream:75 - [STDERR_REDIRECT] 
2026-09-06 23:39:41,262 [ERROR] LogOutputStream:75 - [STDERR_REDIRECT] [Fatal Error] :1:1: Premature end of file.
2026-09-06 23:39:41,263 [ERROR] LogOutputStream:75 - [STDERR_REDIRECT] 
2026-09-06 23:39:42,260 [ERROR] LogOutputStream:75 - [STDERR_REDIRECT] [Fatal Error] :1:1: Premature end of file.
2026-09-06 23:39:42,260 [ERROR] LogOutputStream:75 - [STDERR_REDIRECT] 
2026-09-06 23:39:43,255 [ERROR] LogOutputStream:75 - [STDERR_REDIRECT] [Fatal Error] :1:1: Premature end of file.
2026-09-06 23:39:43,255 [ERROR] LogOutputStream:75 - [STDERR_REDIRECT] 
2026-09-06 23:39:44,250 [ERROR] LogOutputStream:75 - [STDERR_REDIRECT] [Fatal Error] :1:1: Premature end of file.
2026-09-06 23:39:44,250 [ERROR] LogOutputStream:75 - [STDERR_REDIRECT] 
2026-09-06 23:39:45,263 [ERROR] LogOutputStream:75 - [STDERR_REDIRECT] [Fatal Error] :1:1: Premature end of file.
2026-09-06 23:39:45,263 [ERROR] LogOutputStream:75 - [STDERR_REDIRECT] 
2026-09-06 23:39:46,257 [ERROR] LogOutputStream:75 - [STDERR_REDIRECT] [Fatal Error] :1:1: Premature end of file.
2026-09-06 23:39:46,257 [ERROR] LogOutputStream:75 - [STDERR_REDIRECT] 
2026-09-06 23:39:47,261 [ERROR] LogOutputStream:75 - [STDERR_REDIRECT] [Fatal Error] :1:1: Premature end of file.
2026-09-06 23:39:47,261 [ERROR] LogOutputStream:75 - [STDERR_REDIRECT] 
2026-09-06 23:39:48,255 [ERROR] LogOutputStream:75 - [STDERR_REDIRECT] [Fatal Error] :1:1: Premature end of file.
2026-09-06 23:39:48,255 [ERROR] LogOutputStream:75 - [STDERR_REDIRECT] 
2026-09-06 23:39:49,265 [ERROR] LogOutputStream:75 - [STDERR_REDIRECT] [Fatal Error] :1:1: Premature end of file.
2026-09-06 23:39:49,265 [ERROR] LogOutputStream:75 - [STDERR_REDIRECT] 
2026-09-06 23:39:50,259 [ERROR] LogOutputStream:75 - [STDERR_REDIRECT] [Fatal Error] :1:1: Premature end of file.
2026-09-06 23:39:50,260 [ERROR] LogOutputStream:75 - [STDERR_REDIRECT] 
2026-09-06 23:39:51,251 [ERROR] LogOutputStream:75 - [STDERR_REDIRECT] [Fatal Error] :1:1: Premature end of file.
2026-09-06 23:39:51,251 [ERROR] LogOutputStream:75 - [STDERR_REDIRECT] 
2026-09-06 23:39:52,258 [ERROR] LogOutputStream:75 - [STDERR_REDIRECT] [Fatal Error] :1:1: Premature end of file.
2026-09-06 23:39:52,258 [ERROR] LogOutputStream:75 - [STDERR_REDIRECT] 
2026-09-06 23:39:53,262 [ERROR] LogOutputStream:75 - [STDERR_REDIRECT] [Fatal Error] :1:1: Premature end of file.
2026-09-06 23:39:53,262 [ERROR] LogOutputStream:75 - [STDERR_REDIRECT] 
2026-09-06 23:39:54,255 [ERROR] LogOutputStream:75 - [STDERR_REDIRECT] [Fatal Error] :1:1: Premature end of file.
2026-09-06 23:39:54,255 [ERROR] LogOutputStream:75 - [STDERR_REDIRECT] 
2026-09-06 23:39:55,263 [ERROR] LogOutputStream:75 - [STDERR_REDIRECT] [Fatal Error] :1:1: Premature end of file.
2026-09-06 23:39:55,263 [ERROR] LogOutputStream:75 - [STDERR_REDIRECT] 
2026-09-06 23:39:56,258 [ERROR] LogOutputStream:75 - [STDERR_REDIRECT] [Fatal Error] :1:1: Premature end of file.
2026-09-06 23:39:56,258 [ERROR] LogOutputStream:75 - [STDERR_REDIRECT] 
2026-09-06 23:39:57,255 [ERROR] LogOutputStream:75 - [STDERR_REDIRECT] [Fatal Error] :1:1: Premature end of file.
2026-09-06 23:39:57,255 [ERROR] LogOutputStream:75 - [STDERR_REDIRECT] 
2026-09-06 23:39:58,264 [ERROR] LogOutputStream:75 - [STDERR_REDIRECT] [Fatal Error] :1:1: Premature end of file.
2026-09-06 23:39:58,264 [ERROR] LogOutputStream:75 - [STDERR_REDIRECT] 
2026-09-06 23:39:59,264 [ERROR] LogOutputStream:75 - [STDERR_REDIRECT] [Fatal Error] :1:1: Premature end of file.
2026-09-06 23:39:59,264 [ERROR] LogOutputStream:75 - [STDERR_REDIRECT] 
2026-09-06 23:40:00,260 [ERROR] LogOutputStream:75 - [STDERR_REDIRECT] [Fatal Error] :1:1: Premature end of file.
2026-09-06 23:40:00,260 [ERROR] LogOutputStream:75 - [STDERR_REDIRECT] 
2026-09-06 23:40:01,255 [ERROR] LogOutputStream:75 - [STDERR_REDIRECT] [Fatal Error] :1:1: Premature end of file.
2026-09-06 23:40:01,256 [ERROR] LogOutputStream:75 - [STDERR_REDIRECT] 
2026-09-06 23:40:02,251 [ERROR] LogOutputStream:75 - [STDERR_REDIRECT] [Fatal Error] :1:1: Premature end of file.
2026-09-06 23:40:02,251 [ERROR] LogOutputStream:75 - [STDERR_REDIRECT] 
2026-09-06 23:40:03,263 [ERROR] LogOutputStream:75 - [STDERR_REDIRECT] [Fatal Error] :1:1: Premature end of file.
2026-09-06 23:40:03,263 [ERROR] LogOutputStream:75 - [STDERR_REDIRECT] 
2026-09-06 23:40:04,257 [ERROR] LogOutputStream:75 - [STDERR_REDIRECT] [Fatal Error] :1:1: Premature end of file.
2026-09-06 23:40:04,257 [ERROR] LogOutputStream:75 - [STDERR_REDIRECT] 
2026-09-06 23:40:05,264 [ERROR] LogOutputStream:75 - [STDERR_REDIRECT] [Fatal Error] :1:1: Premature end of file.
2026-09-06 23:40:05,264 [ERROR] LogOutputStream:75 - [STDERR_REDIRECT] 
2026-09-06 23:40:06,260 [ERROR] LogOutputStream:75 - [STDERR_REDIRECT] [Fatal Error] :1:1: Premature end of file.
2026-09-06 23:40:06,261 [ERROR] LogOutputStream:75 - [STDERR_REDIRECT] 
2026-09-06 23:40:07,260 [ERROR] LogOutputStream:75 - [STDERR_REDIRECT] [Fatal Error] :1:1: Premature end of file.
2026-09-06 23:40:07,260 [ERROR] LogOutputStream:75 - [STDERR_REDIRECT] 
2026-09-06 23:40:08,257 [ERROR] LogOutputStream:75 - [STDERR_REDIRECT] [Fatal Error] :1:1: Premature end of file.
2026-09-06 23:40:08,257 [ERROR] LogOutputStream:75 - [STDERR_REDIRECT] 
2026-09-06 23:40:09,253 [ERROR] LogOutputStream:75 - [STDERR_REDIRECT] [Fatal Error] :1:1: Premature end of file.
2026-09-06 23:40:09,254 [ERROR] LogOutputStream:75 - [STDERR_REDIRECT] 
2026-09-06 23:40:10,263 [ERROR] LogOutputStream:75 - [STDERR_REDIRECT] [Fatal Error] :1:1: Premature end of file.
2026-09-06 23:40:10,264 [ERROR] LogOutputStream:75 - [STDERR_REDIRECT] 
2026-09-06 23:40:11,263 [ERROR] LogOutputStream:75 - [STDERR_REDIRECT] [Fatal Error] :1:1: Premature end of file.
2026-09-06 23:40:11,263 [ERROR] LogOutputStream:75 - [STDERR_REDIRECT] 
2026-09-06 23:40:12,256 [ERROR] LogOutputStream:75 - [STDERR_REDIRECT] [Fatal Error] :1:1: Premature end of file.
2026-09-06 23:40:12,256 [ERROR] LogOutputStream:75 - [STDERR_REDIRECT] 
2026-09-06 23:40:13,255 [ERROR] LogOutputStream:75 - [STDERR_REDIRECT] [Fatal Error] :1:1: Premature end of file.
2026-09-06 23:40:13,255 [ERROR] LogOutputStream:75 - [STDERR_REDIRECT] 
2026-09-06 23:40:14,264 [ERROR] LogOutputStream:75 - [STDERR_REDIRECT] [Fatal Error] :1:1: Premature end of file.
2026-09-06 23:40:14,264 [ERROR] LogOutputStream:75 - [STDERR_REDIRECT] 
2026-09-06 23:40:15,258 [ERROR] LogOutputStream:75 - [STDERR_REDIRECT] [Fatal Error] :1:1: Premature end of file.
2026-09-06 23:40:15,258 [ERROR] LogOutputStream:75 - [STDERR_REDIRECT] 
2026-09-06 23:40:16,257 [ERROR] LogOutputStream:75 - [STDERR_REDIRECT] [Fatal Error] :1:1: Premature end of file.
2026-09-06 23:40:16,258 [ERROR] LogOutputStream:75 - [STDERR_REDIRECT] 
2026-09-06 23:40:17,256 [ERROR] LogOutputStream:75 - [STDERR_REDIRECT] [Fatal Error] :1:1: Premature end of file.
2026-09-06 23:40:17,256 [ERROR] LogOutputStream:75 - [STDERR_REDIRECT] 
2026-09-06 23:40:18,263 [ERROR] LogOutputStream:75 - [STDERR_REDIRECT] [Fatal Error] :1:1: Premature end of file.
2026-09-06 23:40:18,263 [ERROR] LogOutputStream:75 - [STDERR_REDIRECT] 
2026-09-06 23:40:19,250 [ERROR] LogOutputStream:75 - [STDERR_REDIRECT] [Fatal Error] :1:1: Premature end of file.
2026-09-06 23:40:19,251 [ERROR] LogOutputStream:75 - [STDERR_REDIRECT] 
2026-09-06 23:40:20,248 [ERROR] LogOutputStream:75 - [STDERR_REDIRECT] [Fatal Error] :1:1: Premature end of file.
2026-09-06 23:40:20,248 [ERROR] LogOutputStream:75 - [STDERR_REDIRECT] 
2026-09-06 23:40:21,261 [ERROR] LogOutputStream:75 - [STDERR_REDIRECT] [Fatal Error] :1:1: Premature end of file.
2026-09-06 23:40:21,261 [ERROR] LogOutputStream:75 - [STDERR_REDIRECT] 
2026-09-06 23:40:22,256 [ERROR] LogOutputStream:75 - [STDERR_REDIRECT] [Fatal Error] :1:1: Premature end of file.
2026-09-06 23:40:22,256 [ERROR] LogOutputStream:75 - [STDERR_REDIRECT] 
2026-09-06 23:40:23,249 [ERROR] LogOutputStream:75 - [STDERR_REDIRECT] [Fatal Error] :1:1: Premature end of file.
2026-09-06 23:40:23,249 [ERROR] LogOutputStream:75 - [STDERR_REDIRECT] 
2026-09-06 23:40:24,259 [ERROR] LogOutputStream:75 - [STDERR_REDIRECT] [Fatal Error] :1:1: Premature end of file.
2026-09-06 23:40:24,259 [ERROR] LogOutputStream:75 - [STDERR_REDIRECT] 
2026-09-06 23:40:25,250 [ERROR] LogOutputStream:75 - [STDERR_REDIRECT] [Fatal Error] :1:1: Premature end of file.
2026-09-06 23:40:25,251 [ERROR] LogOutputStream:75 - [STDERR_REDIRECT] 
2026-09-06 23:40:26,258 [ERROR] LogOutputStream:75 - [STDERR_REDIRECT] [Fatal Error] :1:1: Premature end of file.
2026-09-06 23:40:26,258 [ERROR] LogOutputStream:75 - [STDERR_REDIRECT] 
2026-09-06 23:40:27,254 [ERROR] LogOutputStream:75 - [STDERR_REDIRECT] [Fatal Error] :1:1: Premature end of file.
2026-09-06 23:40:27,255 [ERROR] LogOutputStream:75 - [STDERR_REDIRECT] 
2026-09-06 23:40:28,254 [ERROR] LogOutputStream:75 - [STDERR_REDIRECT] [Fatal Error] :1:1: Premature end of file.
2026-09-06 23:40:28,254 [ERROR] LogOutputStream:75 - [STDERR_REDIRECT] 
2026-09-06 23:40:29,259 [ERROR] LogOutputStream:75 - [STDERR_REDIRECT] [Fatal Error] :1:1: Premature end of file.
2026-09-06 23:40:29,259 [ERROR] LogOutputStream:75 - [STDERR_REDIRECT] 
2026-09-06 23:40:30,257 [ERROR] LogOutputStream:75 - [STDERR_REDIRECT] [Fatal Error] :1:1: Premature end of file.
2026-09-06 23:40:30,257 [ERROR] LogOutputStream:75 - [STDERR_REDIRECT] 
2026-09-06 23:40:31,258 [ERROR] LogOutputStream:75 - [STDERR_REDIRECT] [Fatal Error] :1:1: Premature end of file.
2026-09-06 23:40:31,258 [ERROR] LogOutputStream:75 - [STDERR_REDIRECT] 
2026-09-06 23:40:32,249 [ERROR] LogOutputStream:75 - [STDERR_REDIRECT] [Fatal Error] :1:1: Premature end of file.
2026-09-06 23:40:32,249 [ERROR] LogOutputStream:75 - [STDERR_REDIRECT] 
2026-09-06 23:40:33,252 [ERROR] LogOutputStream:75 - [STDERR_REDIRECT] [Fatal Error] :1:1: Premature end of file.
2026-09-06 23:40:33,252 [ERROR] LogOutputStream:75 - [STDERR_REDIRECT] 
2026-09-06 23:40:34,264 [ERROR] LogOutputStream:75 - [STDERR_REDIRECT] [Fatal Error] :1:1: Premature end of file.
2026-09-06 23:40:34,264 [ERROR] LogOutputStream:75 - [STDERR_REDIRECT] 
2026-09-06 23:40:35,261 [ERROR] LogOutputStream:75 - [STDERR_REDIRECT] [Fatal Error] :1:1: Premature end of file.
2026-09-06 23:40:35,261 [ERROR] LogOutputStream:75 - [STDERR_REDIRECT] 
2026-09-06 23:40:36,257 [ERROR] LogOutputStream:75 - [STDERR_REDIRECT] [Fatal Error] :1:1: Premature end of file.
2026-09-06 23:40:36,257 [ERROR] LogOutputStream:75 - [STDERR_REDIRECT] 
2026-09-06 23:40:37,262 [ERROR] LogOutputStream:75 - [STDERR_REDIRECT] [Fatal Error] :1:1: Premature end of file.
2026-09-06 23:40:37,262 [ERROR] LogOutputStream:75 - [STDERR_REDIRECT] 
2026-09-06 23:40:38,256 [ERROR] LogOutputStream:75 - [STDERR_REDIRECT] [Fatal Error] :1:1: Premature end of file.
2026-09-06 23:40:38,257 [ERROR] LogOutputStream:75 - [STDERR_REDIRECT] 
2026-09-06 23:40:39,252 [ERROR] LogOutputStream:75 - [STDERR_REDIRECT] [Fatal Error] :1:1: Premature end of file.
2026-09-06 23:40:39,252 [ERROR] LogOutputStream:75 - [STDERR_REDIRECT] 
2026-09-06 23:40:40,264 [ERROR] LogOutputStream:75 - [STDERR_REDIRECT] [Fatal Error] :1:1: Premature end of file.
2026-09-06 23:40:40,264 [ERROR] LogOutputStream:75 - [STDERR_REDIRECT] 
2026-09-06 23:40:41,263 [ERROR] LogOutputStream:75 - [STDERR_REDIRECT] [Fatal Error] :1:1: Premature end of file.
2026-09-06 23:40:41,264 [ERROR] LogOutputStream:75 - [STDERR_REDIRECT] 
2026-09-06 23:40:42,260 [ERROR] LogOutputStream:75 - [STDERR_REDIRECT] [Fatal Error] :1:1: Premature end of file.
2026-09-06 23:40:42,260 [ERROR] LogOutputStream:75 - [STDERR_REDIRECT] 
2026-09-06 23:40:43,253 [ERROR] LogOutputStream:75 - [STDERR_REDIRECT] [Fatal Error] :1:1: Premature end of file.
2026-09-06 23:40:43,253 [ERROR] LogOutputStream:75 - [STDERR_REDIRECT] 
2026-09-06 23:40:44,248 [ERROR] LogOutputStream:75 - [STDERR_REDIRECT] [Fatal Error] :1:1: Premature end of file.
2026-09-06 23:40:44,249 [ERROR] LogOutputStream:75 - [STDERR_REDIRECT] 
2026-09-06 23:40:45,262 [ERROR] LogOutputStream:75 - [STDERR_REDIRECT] [Fatal Error] :1:1: Premature end of file.
2026-09-06 23:40:45,262 [ERROR] LogOutputStream:75 - [STDERR_REDIRECT] 
2026-09-06 23:40:46,253 [ERROR] LogOutputStream:75 - [STDERR_REDIRECT] [Fatal Error] :1:1: Premature end of file.
2026-09-06 23:40:46,253 [ERROR] LogOutputStream:75 - [STDERR_REDIRECT] 
2026-09-06 23:40:47,265 [ERROR] LogOutputStream:75 - [STDERR_REDIRECT] [Fatal Error] :1:1: Premature end of file.
2026-09-06 23:40:47,266 [ERROR] LogOutputStream:75 - [STDERR_REDIRECT] 
2026-09-06 23:40:48,256 [ERROR] LogOutputStream:75 - [STDERR_REDIRECT] [Fatal Error] :1:1: Premature end of file.
2026-09-06 23:40:48,257 [ERROR] LogOutputStream:75 - [STDERR_REDIRECT] 
2026-09-06 23:40:49,253 [ERROR] LogOutputStream:75 - [STDERR_REDIRECT] [Fatal Error] :1:1: Premature end of file.
2026-09-06 23:40:49,253 [ERROR] LogOutputStream:75 - [STDERR_REDIRECT] 
2026-09-06 23:40:50,250 [ERROR] LogOutputStream:75 - [STDERR_REDIRECT] [Fatal Error] :1:1: Premature end of file.
2026-09-06 23:40:50,250 [ERROR] LogOutputStream:75 - [STDERR_REDIRECT] 
2026-09-06 23:40:51,260 [ERROR] LogOutputStream:75 - [STDERR_REDIRECT] [Fatal Error] :1:1: Premature end of file.
2026-09-06 23:40:51,260 [ERROR] LogOutputStream:75 - [STDERR_REDIRECT] 
2026-09-06 23:40:52,256 [ERROR] LogOutputStream:75 - [STDERR_REDIRECT] [Fatal Error] :1:1: Premature end of file.
2026-09-06 23:40:52,256 [ERROR] LogOutputStream:75 - [STDERR_REDIRECT] 
2026-09-06 23:40:53,263 [ERROR] LogOutputStream:75 - [STDERR_REDIRECT] [Fatal Error] :1:1: Premature end of file.
2026-09-06 23:40:53,264 [ERROR] LogOutputStream:75 - [STDERR_REDIRECT] 
2026-09-06 23:40:54,259 [ERROR] LogOutputStream:75 - [STDERR_REDIRECT] [Fatal Error] :1:1: Premature end of file.
2026-09-06 23:40:54,259 [ERROR] LogOutputStream:75 - [STDERR_REDIRECT] 
2026-09-06 23:40:55,251 [ERROR] LogOutputStream:75 - [STDERR_REDIRECT] [Fatal Error] :1:1: Premature end of file.
2026-09-06 23:40:55,251 [ERROR] LogOutputStream:75 - [STDERR_REDIRECT] 
2026-09-06 23:40:56,260 [ERROR] LogOutputStream:75 - [STDERR_REDIRECT] [Fatal Error] :1:1: Premature end of file.
2026-09-06 23:40:56,260 [ERROR] LogOutputStream:75 - [STDERR_REDIRECT] 
2026-09-06 23:40:57,257 [ERROR] LogOutputStream:75 - [STDERR_REDIRECT] [Fatal Error] :1:1: Premature end of file.
2026-09-06 23:40:57,257 [ERROR] LogOutputStream:75 - [STDERR_REDIRECT] 
2026-09-06 23:40:58,263 [ERROR] LogOutputStream:75 - [STDERR_REDIRECT] [Fatal Error] :1:1: Premature end of file.
2026-09-06 23:40:58,264 [ERROR] LogOutputStream:75 - [STDERR_REDIRECT] 
2026-09-06 23:40:59,259 [ERROR] LogOutputStream:75 - [STDERR_REDIRECT] [Fatal Error] :1:1: Premature end of file.
2026-09-06 23:40:59,259 [ERROR] LogOutputStream:75 - [STDERR_REDIRECT] 
2026-09-06 23:41:00,253 [ERROR] LogOutputStream:75 - [STDERR_REDIRECT] [Fatal Error] :1:1: Premature end of file.
2026-09-06 23:41:00,253 [ERROR] LogOutputStream:75 - [STDERR_REDIRECT] 
2026-09-06 23:41:01,253 [ERROR] LogOutputStream:75 - [STDERR_REDIRECT] [Fatal Error] :1:1: Premature end of file.
2026-09-06 23:41:01,253 [ERROR] LogOutputStream:75 - [STDERR_REDIRECT] 
2026-09-06 23:41:02,261 [ERROR] LogOutputStream:75 - [STDERR_REDIRECT] [Fatal Error] :1:1: Premature end of file.
2026-09-06 23:41:02,262 [ERROR] LogOutputStream:75 - [STDERR_REDIRECT] 
2026-09-06 23:41:03,254 [ERROR] LogOutputStream:75 - [STDERR_REDIRECT] [Fatal Error] :1:1: Premature end of file.
2026-09-06 23:41:03,254 [ERROR] LogOutputStream:75 - [STDERR_REDIRECT] 
2026-09-06 23:41:04,259 [ERROR] LogOutputStream:75 - [STDERR_REDIRECT] [Fatal Error] :1:1: Premature end of file.
2026-09-06 23:41:04,259 [ERROR] LogOutputStream:75 - [STDERR_REDIRECT] 
2026-09-06 23:41:05,254 [ERROR] LogOutputStream:75 - [STDERR_REDIRECT] [Fatal Error] :1:1: Premature end of file.
2026-09-06 23:41:05,254 [ERROR] LogOutputStream:75 - [STDERR_REDIRECT] 
2026-09-06 23:41:06,258 [ERROR] LogOutputStream:75 - [STDERR_REDIRECT] [Fatal Error] :1:1: Premature end of file.
2026-09-06 23:41:06,259 [ERROR] LogOutputStream:75 - [STDERR_REDIRECT] 
2026-09-06 23:41:07,259 [ERROR] LogOutputStream:75 - [STDERR_REDIRECT] [Fatal Error] :1:1: Premature end of file.
2026-09-06 23:41:07,259 [ERROR] LogOutputStream:75 - [STDERR_REDIRECT] 
2026-09-06 23:41:08,251 [ERROR] LogOutputStream:75 - [STDERR_REDIRECT] [Fatal Error] :1:1: Premature end of file.
2026-09-06 23:41:08,252 [ERROR] LogOutputStream:75 - [STDERR_REDIRECT] 
2026-09-06 23:41:09,262 [ERROR] LogOutputStream:75 - [STDERR_REDIRECT] [Fatal Error] :1:1: Premature end of file.
2026-09-06 23:41:09,262 [ERROR] LogOutputStream:75 - [STDERR_REDIRECT] 
2026-09-06 23:41:10,254 [ERROR] LogOutputStream:75 - [STDERR_REDIRECT] [Fatal Error] :1:1: Premature end of file.
2026-09-06 23:41:10,254 [ERROR] LogOutputStream:75 - [STDERR_REDIRECT] 
2026-09-06 23:41:11,251 [ERROR] LogOutputStream:75 - [STDERR_REDIRECT] [Fatal Error] :1:1: Premature end of file.
2026-09-06 23:41:11,251 [ERROR] LogOutputStream:75 - [STDERR_REDIRECT] 
2026-09-06 23:41:12,261 [ERROR] LogOutputStream:75 - [STDERR_REDIRECT] [Fatal Error] :1:1: Premature end of file.
2026-09-06 23:41:12,261 [ERROR] LogOutputStream:75 - [STDERR_REDIRECT] 
2026-09-06 23:41:13,254 [ERROR] LogOutputStream:75 - [STDERR_REDIRECT] [Fatal Error] :1:1: Premature end of file.
2026-09-06 23:41:13,255 [ERROR] LogOutputStream:75 - [STDERR_REDIRECT] 
2026-09-06 23:41:14,248 [ERROR] LogOutputStream:75 - [STDERR_REDIRECT] [Fatal Error] :1:1: Premature end of file.
2026-09-06 23:41:14,249 [ERROR] LogOutputStream:75 - [STDERR_REDIRECT] 
2026-09-06 23:41:15,254 [ERROR] LogOutputStream:75 - [STDERR_REDIRECT] [Fatal Error] :1:1: Premature end of file.
2026-09-06 23:41:15,255 [ERROR] LogOutputStream:75 - [STDERR_REDIRECT] 
2026-09-06 23:41:16,254 [ERROR] LogOutputStream:75 - [STDERR_REDIRECT] [Fatal Error] :1:1: Premature end of file.
2026-09-06 23:41:16,254 [ERROR] LogOutputStream:75 - [STDERR_REDIRECT] 
2026-09-06 23:41:17,263 [ERROR] LogOutputStream:75 - [STDERR_REDIRECT] [Fatal Error] :1:1: Premature end of file.
2026-09-06 23:41:17,264 [ERROR] LogOutputStream:75 - [STDERR_REDIRECT] 
2026-09-06 23:41:18,260 [ERROR] LogOutputStream:75 - [STDERR_REDIRECT] [Fatal Error] :1:1: Premature end of file.
2026-09-06 23:41:18,260 [ERROR] LogOutputStream:75 - [STDERR_REDIRECT] 
2026-09-06 23:41:19,256 [ERROR] LogOutputStream:75 - [STDERR_REDIRECT] [Fatal Error] :1:1: Premature end of file.
2026-09-06 23:41:19,256 [ERROR] LogOutputStream:75 - [STDERR_REDIRECT] 
2026-09-06 23:41:20,262 [ERROR] LogOutputStream:75 - [STDERR_REDIRECT] [Fatal Error] :1:1: Premature end of file.
2026-09-06 23:41:20,262 [ERROR] LogOutputStream:75 - [STDERR_REDIRECT] 
2026-09-06 23:41:21,261 [ERROR] LogOutputStream:75 - [STDERR_REDIRECT] [Fatal Error] :1:1: Premature end of file.
2026-09-06 23:41:21,261 [ERROR] LogOutputStream:75 - [STDERR_REDIRECT] 
2026-09-06 23:41:22,255 [ERROR] LogOutputStream:75 - [STDERR_REDIRECT] [Fatal Error] :1:1: Premature end of file.
2026-09-06 23:41:22,255 [ERROR] LogOutputStream:75 - [STDERR_REDIRECT] 
2026-09-06 23:41:23,262 [ERROR] LogOutputStream:75 - [STDERR_REDIRECT] [Fatal Error] :1:1: Premature end of file.
2026-09-06 23:41:23,262 [ERROR] LogOutputStream:75 - [STDERR_REDIRECT] 
2026-09-06 23:41:24,250 [ERROR] LogOutputStream:75 - [STDERR_REDIRECT] [Fatal Error] :1:1: Premature end of file.
2026-09-06 23:41:24,251 [ERROR] LogOutputStream:75 - [STDERR_REDIRECT] 
2026-09-06 23:41:25,264 [ERROR] LogOutputStream:75 - [STDERR_REDIRECT] [Fatal Error] :1:1: Premature end of file.
2026-09-06 23:41:25,264 [ERROR] LogOutputStream:75 - [STDERR_REDIRECT] 
2026-09-06 23:41:26,261 [ERROR] LogOutputStream:75 - [STDERR_REDIRECT] [Fatal Error] :1:1: Premature end of file.
2026-09-06 23:41:26,261 [ERROR] LogOutputStream:75 - [STDERR_REDIRECT] 
2026-09-06 23:41:27,254 [ERROR] LogOutputStream:75 - [STDERR_REDIRECT] [Fatal Error] :1:1: Premature end of file.
2026-09-06 23:41:27,254 [ERROR] LogOutputStream:75 - [STDERR_REDIRECT] 
2026-09-06 23:41:28,254 [ERROR] LogOutputStream:75 - [STDERR_REDIRECT] [Fatal Error] :1:1: Premature end of file.
2026-09-06 23:41:28,254 [ERROR] LogOutputStream:75 - [STDERR_REDIRECT] 
2026-09-06 23:41:29,262 [ERROR] LogOutputStream:75 - [STDERR_REDIRECT] [Fatal Error] :1:1: Premature end of file.
2026-09-06 23:41:29,262 [ERROR] LogOutputStream:75 - [STDERR_REDIRECT] 
2026-09-06 23:41:30,260 [ERROR] LogOutputStream:75 - [STDERR_REDIRECT] [Fatal Error] :1:1: Premature end of file.
2026-09-06 23:41:30,260 [ERROR] LogOutputStream:75 - [STDERR_REDIRECT] 
2026-09-06 23:41:31,259 [ERROR] LogOutputStream:75 - [STDERR_REDIRECT] [Fatal Error] :1:1: Premature end of file.
2026-09-06 23:41:31,259 [ERROR] LogOutputStream:75 - [STDERR_REDIRECT] 
2026-09-06 23:41:32,253 [ERROR] LogOutputStream:75 - [STDERR_REDIRECT] [Fatal Error] :1:1: Premature end of file.
2026-09-06 23:41:32,253 [ERROR] LogOutputStream:75 - [STDERR_REDIRECT] 
2026-09-06 23:41:33,250 [ERROR] LogOutputStream:75 - [STDERR_REDIRECT] [Fatal Error] :1:1: Premature end of file.
2026-09-06 23:41:33,250 [ERROR] LogOutputStream:75 - [STDERR_REDIRECT] 
2026-09-06 23:41:34,255 [ERROR] LogOutputStream:75 - [STDERR_REDIRECT] [Fatal Error] :1:1: Premature end of file.
2026-09-06 23:41:34,256 [ERROR] LogOutputStream:75 - [STDERR_REDIRECT] 
2026-09-06 23:41:35,249 [ERROR] LogOutputStream:75 - [STDERR_REDIRECT] [Fatal Error] :1:1: Premature end of file.
2026-09-06 23:41:35,249 [ERROR] LogOutputStream:75 - [STDERR_REDIRECT] 
2026-09-06 23:41:36,264 [ERROR] LogOutputStream:75 - [STDERR_REDIRECT] [Fatal Error] :1:1: Premature end of file.
2026-09-06 23:41:36,265 [ERROR] LogOutputStream:75 - [STDERR_REDIRECT] 
2026-09-06 23:41:37,260 [ERROR] LogOutputStream:75 - [STDERR_REDIRECT] [Fatal Error] :1:1: Premature end of file.
2026-09-06 23:41:37,260 [ERROR] LogOutputStream:75 - [STDERR_REDIRECT] 
2026-09-06 23:41:38,257 [ERROR] LogOutputStream:75 - [STDERR_REDIRECT] [Fatal Error] :1:1: Premature end of file.
2026-09-06 23:41:38,257 [ERROR] LogOutputStream:75 - [STDERR_REDIRECT] 
2026-09-06 23:41:39,266 [ERROR] LogOutputStream:75 - [STDERR_REDIRECT] [Fatal Error] :1:1: Premature end of file.
2026-09-06 23:41:39,266 [ERROR] LogOutputStream:75 - [STDERR_REDIRECT] 
2026-09-06 23:41:40,266 [ERROR] LogOutputStream:75 - [STDERR_REDIRECT] [Fatal Error] :1:1: Premature end of file.
2026-09-06 23:41:40,266 [ERROR] LogOutputStream:75 - [STDERR_REDIRECT] 
2026-09-06 23:41:41,254 [ERROR] LogOutputStream:75 - [STDERR_REDIRECT] [Fatal Error] :1:1: Premature end of file.
2026-09-06 23:41:41,254 [ERROR] LogOutputStream:75 - [STDERR_REDIRECT] 
2026-09-06 23:41:42,251 [ERROR] LogOutputStream:75 - [STDERR_REDIRECT] [Fatal Error] :1:1: Premature end of file.
2026-09-06 23:41:42,252 [ERROR] LogOutputStream:75 - [STDERR_REDIRECT] 
2026-09-06 23:41:43,261 [ERROR] LogOutputStream:75 - [STDERR_REDIRECT] [Fatal Error] :1:1: Premature end of file.
2026-09-06 23:41:43,261 [ERROR] LogOutputStream:75 - [STDERR_REDIRECT] 
2026-09-06 23:41:44,256 [ERROR] LogOutputStream:75 - [STDERR_REDIRECT] [Fatal Error] :1:1: Premature end of file.
2026-09-06 23:41:44,256 [ERROR] LogOutputStream:75 - [STDERR_REDIRECT] 
2026-09-06 23:41:45,265 [ERROR] LogOutputStream:75 - [STDERR_REDIRECT] [Fatal Error] :1:1: Premature end of file.
2026-09-06 23:41:45,265 [ERROR] LogOutputStream:75 - [STDERR_REDIRECT] 
2026-09-06 23:41:46,258 [ERROR] LogOutputStream:75 - [STDERR_REDIRECT] [Fatal Error] :1:1: Premature end of file.
2026-09-06 23:41:46,259 [ERROR] LogOutputStream:75 - [STDERR_REDIRECT] 
2026-09-06 23:41:47,254 [ERROR] LogOutputStream:75 - [STDERR_REDIRECT] [Fatal Error] :1:1: Premature end of file.
2026-09-06 23:41:47,254 [ERROR] LogOutputStream:75 - [STDERR_REDIRECT] 
2026-09-06 23:41:48,249 [ERROR] LogOutputStream:75 - [STDERR_REDIRECT] [Fatal Error] :1:1: Premature end of file.
2026-09-06 23:41:48,249 [ERROR] LogOutputStream:75 - [STDERR_REDIRECT] 
2026-09-06 23:41:49,259 [ERROR] LogOutputStream:75 - [STDERR_REDIRECT] [Fatal Error] :1:1: Premature end of file.
2026-09-06 23:41:49,259 [ERROR] LogOutputStream:75 - [STDERR_REDIRECT] 
2026-09-06 23:41:50,257 [ERROR] LogOutputStream:75 - [STDERR_REDIRECT] [Fatal Error] :1:1: Premature end of file.
2026-09-06 23:41:50,257 [ERROR] LogOutputStream:75 - [STDERR_REDIRECT] 
2026-09-06 23:41:51,256 [ERROR] LogOutputStream:75 - [STDERR_REDIRECT] [Fatal Error] :1:1: Premature end of file.
2026-09-06 23:41:51,257 [ERROR] LogOutputStream:75 - [STDERR_REDIRECT] 
2026-09-06 23:41:52,257 [ERROR] LogOutputStream:75 - [STDERR_REDIRECT] [Fatal Error] :1:1: Premature end of file.
2026-09-06 23:41:52,257 [ERROR] LogOutputStream:75 - [STDERR_REDIRECT] 
2026-09-06 23:41:53,254 [ERROR] LogOutputStream:75 - [STDERR_REDIRECT] [Fatal Error] :1:1: Premature end of file.
2026-09-06 23:41:53,254 [ERROR] LogOutputStream:75 - [STDERR_REDIRECT] 
2026-09-06 23:41:54,261 [ERROR] LogOutputStream:75 - [STDERR_REDIRECT] [Fatal Error] :1:1: Premature end of file.
2026-09-06 23:41:54,261 [ERROR] LogOutputStream:75 - [STDERR_REDIRECT] 
2026-09-06 23:41:55,261 [ERROR] LogOutputStream:75 - [STDERR_REDIRECT] [Fatal Error] :1:1: Premature end of file.
2026-09-06 23:41:55,261 [ERROR] LogOutputStream:75 - [STDERR_REDIRECT] 
2026-09-06 23:41:56,261 [ERROR] LogOutputStream:75 - [STDERR_REDIRECT] [Fatal Error] :1:1: Premature end of file.
2026-09-06 23:41:56,261 [ERROR] LogOutputStream:75 - [STDERR_REDIRECT] 
2026-09-06 23:41:57,254 [ERROR] LogOutputStream:75 - [STDERR_REDIRECT] [Fatal Error] :1:1: Premature end of file.
2026-09-06 23:41:57,254 [ERROR] LogOutputStream:75 - [STDERR_REDIRECT] 
2026-09-06 23:41:58,252 [ERROR] LogOutputStream:75 - [STDERR_REDIRECT] [Fatal Error] :1:1: Premature end of file.
2026-09-06 23:41:58,252 [ERROR] LogOutputStream:75 - [STDERR_REDIRECT] 
2026-09-06 23:41:59,258 [ERROR] LogOutputStream:75 - [STDERR_REDIRECT] [Fatal Error] :1:1: Premature end of file.
2026-09-06 23:41:59,259 [ERROR] LogOutputStream:75 - [STDERR_REDIRECT] 
2026-09-06 23:42:00,256 [ERROR] LogOutputStream:75 - [STDERR_REDIRECT] [Fatal Error] :1:1: Premature end of file.
2026-09-06 23:42:00,256 [ERROR] LogOutputStream:75 - [STDERR_REDIRECT] 
2026-09-06 23:42:01,251 [ERROR] LogOutputStream:75 - [STDERR_REDIRECT] [Fatal Error] :1:1: Premature end of file.
2026-09-06 23:42:01,251 [ERROR] LogOutputStream:75 - [STDERR_REDIRECT] 
2026-09-06 23:42:02,262 [ERROR] LogOutputStream:75 - [STDERR_REDIRECT] [Fatal Error] :1:1: Premature end of file.
2026-09-06 23:42:02,262 [ERROR] LogOutputStream:75 - [STDERR_REDIRECT] 
2026-09-06 23:42:03,258 [ERROR] LogOutputStream:75 - [STDERR_REDIRECT] [Fatal Error] :1:1: Premature end of file.
2026-09-06 23:42:03,258 [ERROR] LogOutputStream:75 - [STDERR_REDIRECT] 
2026-09-06 23:42:04,252 [ERROR] LogOutputStream:75 - [STDERR_REDIRECT] [Fatal Error] :1:1: Premature end of file.
2026-09-06 23:42:04,252 [ERROR] LogOutputStream:75 - [STDERR_REDIRECT] 
2026-09-06 23:42:05,264 [ERROR] LogOutputStream:75 - [STDERR_REDIRECT] [Fatal Error] :1:1: Premature end of file.
2026-09-06 23:42:05,264 [ERROR] LogOutputStream:75 - [STDERR_REDIRECT] 
2026-09-06 23:42:06,259 [ERROR] LogOutputStream:75 - [STDERR_REDIRECT] [Fatal Error] :1:1: Premature end of file.
2026-09-06 23:42:06,259 [ERROR] LogOutputStream:75 - [STDERR_REDIRECT] 
2026-09-06 23:42:07,257 [ERROR] LogOutputStream:75 - [STDERR_REDIRECT] [Fatal Error] :1:1: Premature end of file.
2026-09-06 23:42:07,257 [ERROR] LogOutputStream:75 - [STDERR_REDIRECT] 
2026-09-06 23:42:08,253 [ERROR] LogOutputStream:75 - [STDERR_REDIRECT] [Fatal Error] :1:1: Premature end of file.
2026-09-06 23:42:08,253 [ERROR] LogOutputStream:75 - [STDERR_REDIRECT] 
2026-09-06 23:42:09,250 [ERROR] LogOutputStream:75 - [STDERR_REDIRECT] [Fatal Error] :1:1: Premature end of file.
2026-09-06 23:42:09,250 [ERROR] LogOutputStream:75 - [STDERR_REDIRECT] 
2026-09-06 23:42:10,251 [ERROR] LogOutputStream:75 - [STDERR_REDIRECT] [Fatal Error] :1:1: Premature end of file.
2026-09-06 23:42:10,251 [ERROR] LogOutputStream:75 - [STDERR_REDIRECT] 
2026-09-06 23:42:11,249 [ERROR] LogOutputStream:75 - [STDERR_REDIRECT] [Fatal Error] :1:1: Premature end of file.
2026-09-06 23:42:11,249 [ERROR] LogOutputStream:75 - [STDERR_REDIRECT] 
2026-09-06 23:42:12,249 [ERROR] LogOutputStream:75 - [STDERR_REDIRECT] [Fatal Error] :1:1: Premature end of file.
2026-09-06 23:42:12,249 [ERROR] LogOutputStream:75 - [STDERR_REDIRECT] 
2026-09-06 23:42:13,250 [ERROR] LogOutputStream:75 - [STDERR_REDIRECT] [Fatal Error] :1:1: Premature end of file.
2026-09-06 23:42:13,251 [ERROR] LogOutputStream:75 - [STDERR_REDIRECT] 
2026-09-06 23:42:14,249 [ERROR] LogOutputStream:75 - [STDERR_REDIRECT] [Fatal Error] :1:1: Premature end of file.
2026-09-06 23:42:14,249 [ERROR] LogOutputStream:75 - [STDERR_REDIRECT] 
2026-09-06 23:42:15,249 [ERROR] LogOutputStream:75 - [STDERR_REDIRECT] [Fatal Error] :1:1: Premature end of file.
2026-09-06 23:42:15,249 [ERROR] LogOutputStream:75 - [STDERR_REDIRECT] 
2026-09-06 23:42:16,250 [ERROR] LogOutputStream:75 - [STDERR_REDIRECT] [Fatal Error] :1:1: Premature end of file.
2026-09-06 23:42:16,250 [ERROR] LogOutputStream:75 - [STDERR_REDIRECT] 
2026-09-06 23:42:17,251 [ERROR] LogOutputStream:75 - [STDERR_REDIRECT] [Fatal Error] :1:1: Premature end of file.
2026-09-06 23:42:17,251 [ERROR] LogOutputStream:75 - [STDERR_REDIRECT] 
2026-09-06 23:42:18,253 [ERROR] LogOutputStream:75 - [STDERR_REDIRECT] [Fatal Error] :1:1: Premature end of file.
2026-09-06 23:42:18,254 [ERROR] LogOutputStream:75 - [STDERR_REDIRECT] 
2026-09-06 23:42:19,256 [ERROR] LogOutputStream:75 - [STDERR_REDIRECT] [Fatal Error] :1:1: Premature end of file.
2026-09-06 23:42:19,256 [ERROR] LogOutputStream:75 - [STDERR_REDIRECT] 
2026-09-06 23:42:20,250 [ERROR] LogOutputStream:75 - [STDERR_REDIRECT] [Fatal Error] :1:1: Premature end of file.
2026-09-06 23:42:20,250 [ERROR] LogOutputStream:75 - [STDERR_REDIRECT] 
2026-09-06 23:42:21,261 [ERROR] LogOutputStream:75 - [STDERR_REDIRECT] [Fatal Error] :1:1: Premature end of file.
2026-09-06 23:42:21,261 [ERROR] LogOutputStream:75 - [STDERR_REDIRECT] 
2026-09-06 23:42:22,250 [ERROR] LogOutputStream:75 - [STDERR_REDIRECT] [Fatal Error] :1:1: Premature end of file.
2026-09-06 23:42:22,251 [ERROR] LogOutputStream:75 - [STDERR_REDIRECT] 
2026-09-06 23:42:23,250 [ERROR] LogOutputStream:75 - [STDERR_REDIRECT] [Fatal Error] :1:1: Premature end of file.
2026-09-06 23:42:23,251 [ERROR] LogOutputStream:75 - [STDERR_REDIRECT] 
2026-09-06 23:42:24,250 [ERROR] LogOutputStream:75 - [STDERR_REDIRECT] [Fatal Error] :1:1: Premature end of file.
2026-09-06 23:42:24,250 [ERROR] LogOutputStream:75 - [STDERR_REDIRECT] 
2026-09-06 23:42:25,250 [ERROR] LogOutputStream:75 - [STDERR_REDIRECT] [Fatal Error] :1:1: Premature end of file.
2026-09-06 23:42:25,251 [ERROR] LogOutputStream:75 - [STDERR_REDIRECT] 
2026-09-06 23:42:26,251 [ERROR] LogOutputStream:75 - [STDERR_REDIRECT] [Fatal Error] :1:1: Premature end of file.
2026-09-06 23:42:26,251 [ERROR] LogOutputStream:75 - [STDERR_REDIRECT] 
2026-09-06 23:42:27,248 [ERROR] LogOutputStream:75 - [STDERR_REDIRECT] [Fatal Error] :1:1: Premature end of file.
2026-09-06 23:42:27,248 [ERROR] LogOutputStream:75 - [STDERR_REDIRECT] 
2026-09-06 23:42:28,250 [ERROR] LogOutputStream:75 - [STDERR_REDIRECT] [Fatal Error] :1:1: Premature end of file.
2026-09-06 23:42:28,250 [ERROR] LogOutputStream:75 - [STDERR_REDIRECT] 
2026-09-06 23:42:29,249 [ERROR] LogOutputStream:75 - [STDERR_REDIRECT] [Fatal Error] :1:1: Premature end of file.
2026-09-06 23:42:29,249 [ERROR] LogOutputStream:75 - [STDERR_REDIRECT] 
2026-09-06 23:42:30,252 [ERROR] LogOutputStream:75 - [STDERR_REDIRECT] [Fatal Error] :1:1: Premature end of file.
2026-09-06 23:42:30,252 [ERROR] LogOutputStream:75 - [STDERR_REDIRECT] 
2026-09-06 23:42:31,248 [ERROR] LogOutputStream:75 - [STDERR_REDIRECT] [Fatal Error] :1:1: Premature end of file.
2026-09-06 23:42:31,249 [ERROR] LogOutputStream:75 - [STDERR_REDIRECT] 
2026-09-06 23:42:32,251 [ERROR] LogOutputStream:75 - [STDERR_REDIRECT] [Fatal Error] :1:1: Premature end of file.
2026-09-06 23:42:32,251 [ERROR] LogOutputStream:75 - [STDERR_REDIRECT] 
2026-09-06 23:42:33,250 [ERROR] LogOutputStream:75 - [STDERR_REDIRECT] [Fatal Error] :1:1: Premature end of file.
2026-09-06 23:42:33,250 [ERROR] LogOutputStream:75 - [STDERR_REDIRECT] 
2026-09-06 23:42:34,251 [ERROR] LogOutputStream:75 - [STDERR_REDIRECT] [Fatal Error] :1:1: Premature end of file.
2026-09-06 23:42:34,251 [ERROR] LogOutputStream:75 - [STDERR_REDIRECT] 
2026-09-06 23:42:35,251 [ERROR] LogOutputStream:75 - [STDERR_REDIRECT] [Fatal Error] :1:1: Premature end of file.
2026-09-06 23:42:35,251 [ERROR] LogOutputStream:75 - [STDERR_REDIRECT] 
2026-09-06 23:42:36,249 [ERROR] LogOutputStream:75 - [STDERR_REDIRECT] [Fatal Error] :1:1: Premature end of file.
2026-09-06 23:42:36,249 [ERROR] LogOutputStream:75 - [STDERR_REDIRECT] 
2026-09-06 23:42:37,249 [ERROR] LogOutputStream:75 - [STDERR_REDIRECT] [Fatal Error] :1:1: Premature end of file.
2026-09-06 23:42:37,249 [ERROR] LogOutputStream:75 - [STDERR_REDIRECT] 
2026-09-06 23:42:38,251 [ERROR] LogOutputStream:75 - [STDERR_REDIRECT] [Fatal Error] :1:1: Premature end of file.
2026-09-06 23:42:38,251 [ERROR] LogOutputStream:75 - [STDERR_REDIRECT] 
2026-09-06 23:42:39,253 [ERROR] LogOutputStream:75 - [STDERR_REDIRECT] [Fatal Error] :1:1: Premature end of file.
2026-09-06 23:42:39,253 [ERROR] LogOutputStream:75 - [STDERR_REDIRECT] 
2026-09-06 23:42:40,256 [ERROR] LogOutputStream:75 - [STDERR_REDIRECT] [Fatal Error] :1:1: Premature end of file.
2026-09-06 23:42:40,256 [ERROR] LogOutputStream:75 - [STDERR_REDIRECT] 
2026-09-06 23:42:41,259 [ERROR] LogOutputStream:75 - [STDERR_REDIRECT] [Fatal Error] :1:1: Premature end of file.
2026-09-06 23:42:41,259 [ERROR] LogOutputStream:75 - [STDERR_REDIRECT] 
2026-09-06 23:42:42,253 [ERROR] LogOutputStream:75 - [STDERR_REDIRECT] [Fatal Error] :1:1: Premature end of file.
2026-09-06 23:42:42,253 [ERROR] LogOutputStream:75 - [STDERR_REDIRECT] 
2026-09-06 23:42:43,251 [ERROR] LogOutputStream:75 - [STDERR_REDIRECT] [Fatal Error] :1:1: Premature end of file.
2026-09-06 23:42:43,252 [ERROR] LogOutputStream:75 - [STDERR_REDIRECT] 
2026-09-06 23:42:44,249 [ERROR] LogOutputStream:75 - [STDERR_REDIRECT] [Fatal Error] :1:1: Premature end of file.
2026-09-06 23:42:44,249 [ERROR] LogOutputStream:75 - [STDERR_REDIRECT] 
2026-09-06 23:42:45,249 [ERROR] LogOutputStream:75 - [STDERR_REDIRECT] [Fatal Error] :1:1: Premature end of file.
2026-09-06 23:42:45,249 [ERROR] LogOutputStream:75 - [STDERR_REDIRECT] 
2026-09-06 23:42:46,249 [ERROR] LogOutputStream:75 - [STDERR_REDIRECT] [Fatal Error] :1:1: Premature end of file.
2026-09-06 23:42:46,249 [ERROR] LogOutputStream:75 - [STDERR_REDIRECT] 
2026-09-06 23:42:47,251 [ERROR] LogOutputStream:75 - [STDERR_REDIRECT] [Fatal Error] :1:1: Premature end of file.
2026-09-06 23:42:47,251 [ERROR] LogOutputStream:75 - [STDERR_REDIRECT] 
2026-09-06 23:42:48,258 [ERROR] LogOutputStream:75 - [STDERR_REDIRECT] [Fatal Error] :1:1: Premature end of file.
2026-09-06 23:42:48,258 [ERROR] LogOutputStream:75 - [STDERR_REDIRECT] 
2026-09-06 23:42:49,249 [ERROR] LogOutputStream:75 - [STDERR_REDIRECT] [Fatal Error] :1:1: Premature end of file.
2026-09-06 23:42:49,249 [ERROR] LogOutputStream:75 - [STDERR_REDIRECT] 
2026-09-06 23:42:50,250 [ERROR] LogOutputStream:75 - [STDERR_REDIRECT] [Fatal Error] :1:1: Premature end of file.
2026-09-06 23:42:50,250 [ERROR] LogOutputStream:75 - [STDERR_REDIRECT] 
2026-09-06 23:42:51,251 [ERROR] LogOutputStream:75 - [STDERR_REDIRECT] [Fatal Error] :1:1: Premature end of file.
2026-09-06 23:42:51,252 [ERROR] LogOutputStream:75 - [STDERR_REDIRECT] 
2026-09-06 23:42:52,248 [ERROR] LogOutputStream:75 - [STDERR_REDIRECT] [Fatal Error] :1:1: Premature end of file.
2026-09-06 23:42:52,248 [ERROR] LogOutputStream:75 - [STDERR_REDIRECT] 
2026-09-06 23:42:53,251 [ERROR] LogOutputStream:75 - [STDERR_REDIRECT] [Fatal Error] :1:1: Premature end of file.
2026-09-06 23:42:53,251 [ERROR] LogOutputStream:75 - [STDERR_REDIRECT] 
2026-09-06 23:42:54,251 [ERROR] LogOutputStream:75 - [STDERR_REDIRECT] [Fatal Error] :1:1: Premature end of file.
2026-09-06 23:42:54,251 [ERROR] LogOutputStream:75 - [STDERR_REDIRECT] 
2026-09-06 23:42:55,251 [ERROR] LogOutputStream:75 - [STDERR_REDIRECT] [Fatal Error] :1:1: Premature end of file.
2026-09-06 23:42:55,251 [ERROR] LogOutputStream:75 - [STDERR_REDIRECT] 
2026-09-06 23:42:56,250 [ERROR] LogOutputStream:75 - [STDERR_REDIRECT] [Fatal Error] :1:1: Premature end of file.
2026-09-06 23:42:56,250 [ERROR] LogOutputStream:75 - [STDERR_REDIRECT] 
2026-09-06 23:42:57,251 [ERROR] LogOutputStream:75 - [STDERR_REDIRECT] [Fatal Error] :1:1: Premature end of file.
2026-09-06 23:42:57,251 [ERROR] LogOutputStream:75 - [STDERR_REDIRECT] 
2026-09-06 23:42:58,250 [ERROR] LogOutputStream:75 - [STDERR_REDIRECT] [Fatal Error] :1:1: Premature end of file.
2026-09-06 23:42:58,250 [ERROR] LogOutputStream:75 - [STDERR_REDIRECT] 
2026-09-06 23:42:59,249 [ERROR] LogOutputStream:75 - [STDERR_REDIRECT] [Fatal Error] :1:1: Premature end of file.
2026-09-06 23:42:59,249 [ERROR] LogOutputStream:75 - [STDERR_REDIRECT] 
2026-09-06 23:43:00,251 [ERROR] LogOutputStream:75 - [STDERR_REDIRECT] [Fatal Error] :1:1: Premature end of file.
2026-09-06 23:43:00,251 [ERROR] LogOutputStream:75 - [STDERR_REDIRECT] 
2026-09-06 23:43:01,251 [ERROR] LogOutputStream:75 - [STDERR_REDIRECT] [Fatal Error] :1:1: Premature end of file.
2026-09-06 23:43:01,252 [ERROR] LogOutputStream:75 - [STDERR_REDIRECT] 
2026-09-06 23:43:02,252 [ERROR] LogOutputStream:75 - [STDERR_REDIRECT] [Fatal Error] :1:1: Premature end of file.
2026-09-06 23:43:02,253 [ERROR] LogOutputStream:75 - [STDERR_REDIRECT] 
2026-09-06 23:43:03,250 [ERROR] LogOutputStream:75 - [STDERR_REDIRECT] [Fatal Error] :1:1: Premature end of file.
2026-09-06 23:43:03,250 [ERROR] LogOutputStream:75 - [STDERR_REDIRECT] 
2026-09-06 23:43:04,250 [ERROR] LogOutputStream:75 - [STDERR_REDIRECT] [Fatal Error] :1:1: Premature end of file.
2026-09-06 23:43:04,250 [ERROR] LogOutputStream:75 - [STDERR_REDIRECT] 
2026-09-06 23:43:04,279 [INFO] UtilMem:75 - End SaveConfig() Used Memory: 803415816 Bytes (1073741824)
2026-09-06 23:43:04,330 [INFO] UtilMem:75 - End SaveConfig() Used Memory: 823460096 Bytes (1073741824)
2026-09-06 23:43:04,669 [INFO] UtilMem:75 - End SaveConfig() Used Memory: 857474176 Bytes (1073741824)
2026-09-06 23:43:04,782 [INFO] BlockDiagram:2766 - set Specific Code input for plugin: NVIC
2026-09-06 23:43:04,782 [INFO] BlockDiagram:2766 - set Specific Code input for plugin: USART
2026-09-06 23:43:04,782 [INFO] BlockDiagram:2766 - set Specific Code input for plugin: SYS
2026-09-06 23:43:04,782 [INFO] BlockDiagram:2766 - set Specific Code input for plugin: GPIO
2026-09-06 23:43:04,783 [INFO] BlockDiagram:2766 - set Specific Code input for plugin: RCC
2026-09-06 23:43:04,783 [INFO] CodeGenerator:807 - code generatio: config db path: C:\ST\STM32CubeIDE_1.16.0\STM32CubeIDE\plugins\com.st.stm32cube.common.mx_6.12.0.202406281431\\db\
2026-09-06 23:43:04,823 [INFO] CodeEngine:255 - oldGeneratedFile, C:\study\balancing\balancing_robot\MXTmpFiles\license.tmp_save
2026-09-06 23:43:04,891 [INFO] CodeEngine:279 - Generated code: C:\study\balancing\balancing_robot\MXTmpFiles\license.tmp
2026-09-06 23:43:04,902 [INFO] CodeEngine:255 - oldGeneratedFile, C:\study\balancing\balancing_robot\MXTmpFiles\gpio.tmp_save
2026-09-06 23:43:04,980 [INFO] CodeEngine:279 - Generated code: C:\study\balancing\balancing_robot\MXTmpFiles\gpio.tmp
2026-09-06 23:43:05,033 [INFO] CodeEngine:255 - oldGeneratedFile, C:\study\balancing\balancing_robot\Core\Src\stm32f1xx_it.c_save
2026-09-06 23:43:05,156 [INFO] CodeEngine:279 - Generated code: C:\study\balancing\balancing_robot\Core\Src\stm32f1xx_it.c
2026-09-06 23:43:05,162 [INFO] CodeEngine:255 - oldGeneratedFile, C:\study\balancing\balancing_robot\Core\Inc\stm32f1xx_it.h_save
2026-09-06 23:43:05,209 [INFO] CodeEngine:279 - Generated code: C:\study\balancing\balancing_robot\Core\Inc\stm32f1xx_it.h
2026-09-06 23:43:05,224 [INFO] CodeEngine:255 - oldGeneratedFile, C:\study\balancing\balancing_robot\Core\Src\stm32f1xx_hal_msp.c_save
2026-09-06 23:43:05,256 [ERROR] LogOutputStream:75 - [STDERR_REDIRECT] [Fatal Error] :1:1: Premature end of file.
2026-09-06 23:43:05,256 [ERROR] LogOutputStream:75 - [STDERR_REDIRECT] 
2026-09-06 23:43:05,316 [INFO] CodeEngine:279 - Generated code: C:\study\balancing\balancing_robot\Core\Src\stm32f1xx_hal_msp.c
2026-09-06 23:43:05,319 [INFO] CodeEngine:255 - oldGeneratedFile, C:\study\balancing\balancing_robot\MXTmpFiles\system.tmp_save
2026-09-06 23:43:05,356 [INFO] CodeEngine:279 - Generated code: C:\study\balancing\balancing_robot\MXTmpFiles\system.tmp
2026-09-06 23:43:05,371 [INFO] CodeEngine:311 - oldGeneratedFile, C:\study\balancing\balancing_robot\Core\Inc\stm32f1xx_hal_conf.h_save
2026-09-06 23:43:05,432 [INFO] CodeEngine:335 - Generated code: C:\study\balancing\balancing_robot\Core\Inc\stm32f1xx_hal_conf.h
2026-09-06 23:43:05,461 [INFO] CodeEngine:255 - oldGeneratedFile, C:\study\balancing\balancing_robot\Core\Inc\main.h_save
2026-09-06 23:43:05,520 [INFO] CodeEngine:279 - Generated code: C:\study\balancing\balancing_robot\Core\Inc\main.h
2026-09-06 23:43:05,531 [INFO] CodeEngine:255 - oldGeneratedFile, C:\study\balancing\balancing_robot\Core\Src\main.c_save
2026-09-06 23:43:05,620 [INFO] CodeEngine:279 - Generated code: C:\study\balancing\balancing_robot\Core\Src\main.c
2026-09-06 23:43:05,864 [INFO] ProjectBuilder:3249 - Time for Copy HAL[1] : 135mS.
2026-09-06 23:43:05,867 [INFO] ProjectBuilder:4828 - Project Generator version: 4.4.0-B60
2026-09-06 23:43:05,913 [INFO] ConfigFileManager:1531 - The Die is : DIE414
2026-09-06 23:43:06,298 [ERROR] LogOutputStream:75 - [STDERR_REDIRECT] [Fatal Error] :1:1: Premature end of file.
2026-09-06 23:43:06,298 [ERROR] LogOutputStream:75 - [STDERR_REDIRECT] 
2026-09-06 23:43:06,438 [INFO] ProjectBuilder:5097 - Time for Generating toolchain IDE Files: 571mS.
2026-09-06 23:43:06,438 [INFO] ProjectBuilder:3107 - Time for Copy CMSIS : 0mS.
2026-09-06 23:43:06,441 [INFO] ProjectBuilder:3107 - Time for Copy CMSIS : 0mS.
2026-09-06 23:43:07,252 [ERROR] LogOutputStream:75 - [STDERR_REDIRECT] [Fatal Error] :1:1: Premature end of file.
2026-09-06 23:43:07,252 [ERROR] LogOutputStream:75 - [STDERR_REDIRECT] 
2026-09-06 23:43:08,250 [ERROR] LogOutputStream:75 - [STDERR_REDIRECT] [Fatal Error] :1:1: Premature end of file.
2026-09-06 23:43:08,250 [ERROR] LogOutputStream:75 - [STDERR_REDIRECT] 
2026-09-06 23:43:09,250 [ERROR] LogOutputStream:75 - [STDERR_REDIRECT] [Fatal Error] :1:1: Premature end of file.
2026-09-06 23:43:09,250 [ERROR] LogOutputStream:75 - [STDERR_REDIRECT] 
2026-09-06 23:43:10,250 [ERROR] LogOutputStream:75 - [STDERR_REDIRECT] [Fatal Error] :1:1: Premature end of file.
2026-09-06 23:43:10,251 [ERROR] LogOutputStream:75 - [STDERR_REDIRECT] 
2026-09-06 23:43:11,249 [ERROR] LogOutputStream:75 - [STDERR_REDIRECT] [Fatal Error] :1:1: Premature end of file.
2026-09-06 23:43:11,250 [ERROR] LogOutputStream:75 - [STDERR_REDIRECT] 
2026-09-06 23:43:12,251 [ERROR] LogOutputStream:75 - [STDERR_REDIRECT] [Fatal Error] :1:1: Premature end of file.
2026-09-06 23:43:12,251 [ERROR] LogOutputStream:75 - [STDERR_REDIRECT] 
2026-09-06 23:43:13,249 [ERROR] LogOutputStream:75 - [STDERR_REDIRECT] [Fatal Error] :1:1: Premature end of file.
2026-09-06 23:43:13,250 [ERROR] LogOutputStream:75 - [STDERR_REDIRECT] 
2026-09-06 23:43:14,249 [ERROR] LogOutputStream:75 - [STDERR_REDIRECT] [Fatal Error] :1:1: Premature end of file.
2026-09-06 23:43:14,249 [ERROR] LogOutputStream:75 - [STDERR_REDIRECT] 
2026-09-06 23:43:15,249 [ERROR] LogOutputStream:75 - [STDERR_REDIRECT] [Fatal Error] :1:1: Premature end of file.
2026-09-06 23:43:15,249 [ERROR] LogOutputStream:75 - [STDERR_REDIRECT] 
2026-09-06 23:43:16,250 [ERROR] LogOutputStream:75 - [STDERR_REDIRECT] [Fatal Error] :1:1: Premature end of file.
2026-09-06 23:43:16,250 [ERROR] LogOutputStream:75 - [STDERR_REDIRECT] 
2026-09-06 23:43:17,250 [ERROR] LogOutputStream:75 - [STDERR_REDIRECT] [Fatal Error] :1:1: Premature end of file.
2026-09-06 23:43:17,250 [ERROR] LogOutputStream:75 - [STDERR_REDIRECT] 
2026-09-06 23:43:18,251 [ERROR] LogOutputStream:75 - [STDERR_REDIRECT] [Fatal Error] :1:1: Premature end of file.
2026-09-06 23:43:18,251 [ERROR] LogOutputStream:75 - [STDERR_REDIRECT] 
2026-09-06 23:43:19,250 [ERROR] LogOutputStream:75 - [STDERR_REDIRECT] [Fatal Error] :1:1: Premature end of file.
2026-09-06 23:43:19,250 [ERROR] LogOutputStream:75 - [STDERR_REDIRECT] 
2026-09-06 23:43:20,251 [ERROR] LogOutputStream:75 - [STDERR_REDIRECT] [Fatal Error] :1:1: Premature end of file.
2026-09-06 23:43:20,251 [ERROR] LogOutputStream:75 - [STDERR_REDIRECT] 
2026-09-06 23:43:21,250 [ERROR] LogOutputStream:75 - [STDERR_REDIRECT] [Fatal Error] :1:1: Premature end of file.
2026-09-06 23:43:21,250 [ERROR] LogOutputStream:75 - [STDERR_REDIRECT] 
2026-09-06 23:43:22,251 [ERROR] LogOutputStream:75 - [STDERR_REDIRECT] [Fatal Error] :1:1: Premature end of file.
2026-09-06 23:43:22,251 [ERROR] LogOutputStream:75 - [STDERR_REDIRECT] 
2026-09-06 23:43:23,251 [ERROR] LogOutputStream:75 - [STDERR_REDIRECT] [Fatal Error] :1:1: Premature end of file.
2026-09-06 23:43:23,251 [ERROR] LogOutputStream:75 - [STDERR_REDIRECT] 
2026-09-06 23:43:24,250 [ERROR] LogOutputStream:75 - [STDERR_REDIRECT] [Fatal Error] :1:1: Premature end of file.
2026-09-06 23:43:24,250 [ERROR] LogOutputStream:75 - [STDERR_REDIRECT] 
2026-09-06 23:43:25,250 [ERROR] LogOutputStream:75 - [STDERR_REDIRECT] [Fatal Error] :1:1: Premature end of file.
2026-09-06 23:43:25,250 [ERROR] LogOutputStream:75 - [STDERR_REDIRECT] 
2026-09-06 23:43:26,250 [ERROR] LogOutputStream:75 - [STDERR_REDIRECT] [Fatal Error] :1:1: Premature end of file.
2026-09-06 23:43:26,250 [ERROR] LogOutputStream:75 - [STDERR_REDIRECT] 
2026-09-06 23:43:27,249 [ERROR] LogOutputStream:75 - [STDERR_REDIRECT] [Fatal Error] :1:1: Premature end of file.
2026-09-06 23:43:27,249 [ERROR] LogOutputStream:75 - [STDERR_REDIRECT] 
2026-09-06 23:43:28,250 [ERROR] LogOutputStream:75 - [STDERR_REDIRECT] [Fatal Error] :1:1: Premature end of file.
2026-09-06 23:43:28,250 [ERROR] LogOutputStream:75 - [STDERR_REDIRECT] 
2026-09-06 23:43:29,249 [ERROR] LogOutputStream:75 - [STDERR_REDIRECT] [Fatal Error] :1:1: Premature end of file.
2026-09-06 23:43:29,249 [ERROR] LogOutputStream:75 - [STDERR_REDIRECT] 
2026-09-06 23:43:30,250 [ERROR] LogOutputStream:75 - [STDERR_REDIRECT] [Fatal Error] :1:1: Premature end of file.
2026-09-06 23:43:30,250 [ERROR] LogOutputStream:75 - [STDERR_REDIRECT] 
2026-09-06 23:43:31,249 [ERROR] LogOutputStream:75 - [STDERR_REDIRECT] [Fatal Error] :1:1: Premature end of file.
2026-09-06 23:43:31,249 [ERROR] LogOutputStream:75 - [STDERR_REDIRECT] 
2026-09-06 23:43:32,249 [ERROR] LogOutputStream:75 - [STDERR_REDIRECT] [Fatal Error] :1:1: Premature end of file.
2026-09-06 23:43:32,250 [ERROR] LogOutputStream:75 - [STDERR_REDIRECT] 
2026-09-06 23:43:33,249 [ERROR] LogOutputStream:75 - [STDERR_REDIRECT] [Fatal Error] :1:1: Premature end of file.
2026-09-06 23:43:33,249 [ERROR] LogOutputStream:75 - [STDERR_REDIRECT] 
2026-09-06 23:43:34,251 [ERROR] LogOutputStream:75 - [STDERR_REDIRECT] [Fatal Error] :1:1: Premature end of file.
2026-09-06 23:43:34,251 [ERROR] LogOutputStream:75 - [STDERR_REDIRECT] 
2026-09-06 23:43:35,248 [ERROR] LogOutputStream:75 - [STDERR_REDIRECT] [Fatal Error] :1:1: Premature end of file.
2026-09-06 23:43:35,249 [ERROR] LogOutputStream:75 - [STDERR_REDIRECT] 
2026-09-06 23:43:36,249 [ERROR] LogOutputStream:75 - [STDERR_REDIRECT] [Fatal Error] :1:1: Premature end of file.
2026-09-06 23:43:36,249 [ERROR] LogOutputStream:75 - [STDERR_REDIRECT] 
2026-09-06 23:43:37,249 [ERROR] LogOutputStream:75 - [STDERR_REDIRECT] [Fatal Error] :1:1: Premature end of file.
2026-09-06 23:43:37,249 [ERROR] LogOutputStream:75 - [STDERR_REDIRECT] 
2026-09-06 23:43:38,251 [ERROR] LogOutputStream:75 - [STDERR_REDIRECT] [Fatal Error] :1:1: Premature end of file.
2026-09-06 23:43:38,251 [ERROR] LogOutputStream:75 - [STDERR_REDIRECT] 
2026-09-06 23:43:39,250 [ERROR] LogOutputStream:75 - [STDERR_REDIRECT] [Fatal Error] :1:1: Premature end of file.
2026-09-06 23:43:39,250 [ERROR] LogOutputStream:75 - [STDERR_REDIRECT] 
2026-09-06 23:43:40,251 [ERROR] LogOutputStream:75 - [STDERR_REDIRECT] [Fatal Error] :1:1: Premature end of file.
2026-09-06 23:43:40,251 [ERROR] LogOutputStream:75 - [STDERR_REDIRECT] 
2026-09-06 23:43:41,249 [ERROR] LogOutputStream:75 - [STDERR_REDIRECT] [Fatal Error] :1:1: Premature end of file.
2026-09-06 23:43:41,249 [ERROR] LogOutputStream:75 - [STDERR_REDIRECT] 
2026-09-06 23:43:42,251 [ERROR] LogOutputStream:75 - [STDERR_REDIRECT] [Fatal Error] :1:1: Premature end of file.
2026-09-06 23:43:42,251 [ERROR] LogOutputStream:75 - [STDERR_REDIRECT] 
2026-09-06 23:43:43,250 [ERROR] LogOutputStream:75 - [STDERR_REDIRECT] [Fatal Error] :1:1: Premature end of file.
2026-09-06 23:43:43,250 [ERROR] LogOutputStream:75 - [STDERR_REDIRECT] 
2026-09-06 23:43:44,249 [ERROR] LogOutputStream:75 - [STDERR_REDIRECT] [Fatal Error] :1:1: Premature end of file.
2026-09-06 23:43:44,249 [ERROR] LogOutputStream:75 - [STDERR_REDIRECT] 
2026-09-06 23:43:45,250 [ERROR] LogOutputStream:75 - [STDERR_REDIRECT] [Fatal Error] :1:1: Premature end of file.
2026-09-06 23:43:45,251 [ERROR] LogOutputStream:75 - [STDERR_REDIRECT] 
2026-09-06 23:43:46,250 [ERROR] LogOutputStream:75 - [STDERR_REDIRECT] [Fatal Error] :1:1: Premature end of file.
2026-09-06 23:43:46,250 [ERROR] LogOutputStream:75 - [STDERR_REDIRECT] 
2026-09-06 23:43:47,251 [ERROR] LogOutputStream:75 - [STDERR_REDIRECT] [Fatal Error] :1:1: Premature end of file.
2026-09-06 23:43:47,251 [ERROR] LogOutputStream:75 - [STDERR_REDIRECT] 
2026-09-06 23:43:48,251 [ERROR] LogOutputStream:75 - [STDERR_REDIRECT] [Fatal Error] :1:1: Premature end of file.
2026-09-06 23:43:48,251 [ERROR] LogOutputStream:75 - [STDERR_REDIRECT] 
2026-09-06 23:43:49,251 [ERROR] LogOutputStream:75 - [STDERR_REDIRECT] [Fatal Error] :1:1: Premature end of file.
2026-09-06 23:43:49,251 [ERROR] LogOutputStream:75 - [STDERR_REDIRECT] 
2026-09-06 23:43:50,252 [ERROR] LogOutputStream:75 - [STDERR_REDIRECT] [Fatal Error] :1:1: Premature end of file.
2026-09-06 23:43:50,252 [ERROR] LogOutputStream:75 - [STDERR_REDIRECT] 
2026-09-06 23:43:51,249 [ERROR] LogOutputStream:75 - [STDERR_REDIRECT] [Fatal Error] :1:1: Premature end of file.
2026-09-06 23:43:51,249 [ERROR] LogOutputStream:75 - [STDERR_REDIRECT] 
2026-09-06 23:43:52,253 [ERROR] LogOutputStream:75 - [STDERR_REDIRECT] [Fatal Error] :1:1: Premature end of file.
2026-09-06 23:43:52,253 [ERROR] LogOutputStream:75 - [STDERR_REDIRECT] 
2026-09-06 23:43:53,251 [ERROR] LogOutputStream:75 - [STDERR_REDIRECT] [Fatal Error] :1:1: Premature end of file.
2026-09-06 23:43:53,251 [ERROR] LogOutputStream:75 - [STDERR_REDIRECT] 
2026-09-06 23:43:54,249 [ERROR] LogOutputStream:75 - [STDERR_REDIRECT] [Fatal Error] :1:1: Premature end of file.
2026-09-06 23:43:54,249 [ERROR] LogOutputStream:75 - [STDERR_REDIRECT] 
2026-09-06 23:43:55,251 [ERROR] LogOutputStream:75 - [STDERR_REDIRECT] [Fatal Error] :1:1: Premature end of file.
2026-09-06 23:43:55,251 [ERROR] LogOutputStream:75 - [STDERR_REDIRECT] 
2026-09-06 23:43:56,250 [ERROR] LogOutputStream:75 - [STDERR_REDIRECT] [Fatal Error] :1:1: Premature end of file.
2026-09-06 23:43:56,250 [ERROR] LogOutputStream:75 - [STDERR_REDIRECT] 
2026-09-06 23:43:57,250 [ERROR] LogOutputStream:75 - [STDERR_REDIRECT] [Fatal Error] :1:1: Premature end of file.
2026-09-06 23:43:57,250 [ERROR] LogOutputStream:75 - [STDERR_REDIRECT] 
2026-09-06 23:43:58,251 [ERROR] LogOutputStream:75 - [STDERR_REDIRECT] [Fatal Error] :1:1: Premature end of file.
2026-09-06 23:43:58,251 [ERROR] LogOutputStream:75 - [STDERR_REDIRECT] 
2026-09-06 23:43:59,249 [ERROR] LogOutputStream:75 - [STDERR_REDIRECT] [Fatal Error] :1:1: Premature end of file.
2026-09-06 23:43:59,249 [ERROR] LogOutputStream:75 - [STDERR_REDIRECT] 
2026-09-06 23:44:00,250 [ERROR] LogOutputStream:75 - [STDERR_REDIRECT] [Fatal Error] :1:1: Premature end of file.
2026-09-06 23:44:00,250 [ERROR] LogOutputStream:75 - [STDERR_REDIRECT] 
2026-09-06 23:44:01,257 [ERROR] LogOutputStream:75 - [STDERR_REDIRECT] [Fatal Error] :1:1: Premature end of file.
2026-09-06 23:44:01,259 [ERROR] LogOutputStream:75 - [STDERR_REDIRECT] 
2026-09-06 23:44:02,250 [ERROR] LogOutputStream:75 - [STDERR_REDIRECT] [Fatal Error] :1:1: Premature end of file.
2026-09-06 23:44:02,250 [ERROR] LogOutputStream:75 - [STDERR_REDIRECT] 
2026-09-06 23:44:03,249 [ERROR] LogOutputStream:75 - [STDERR_REDIRECT] [Fatal Error] :1:1: Premature end of file.
2026-09-06 23:44:03,249 [ERROR] LogOutputStream:75 - [STDERR_REDIRECT] 
2026-09-06 23:44:04,249 [ERROR] LogOutputStream:75 - [STDERR_REDIRECT] [Fatal Error] :1:1: Premature end of file.
2026-09-06 23:44:04,249 [ERROR] LogOutputStream:75 - [STDERR_REDIRECT] 
2026-09-06 23:44:05,249 [ERROR] LogOutputStream:75 - [STDERR_REDIRECT] [Fatal Error] :1:1: Premature end of file.
2026-09-06 23:44:05,250 [ERROR] LogOutputStream:75 - [STDERR_REDIRECT] 
2026-09-06 23:44:06,249 [ERROR] LogOutputStream:75 - [STDERR_REDIRECT] [Fatal Error] :1:1: Premature end of file.
2026-09-06 23:44:06,249 [ERROR] LogOutputStream:75 - [STDERR_REDIRECT] 
2026-09-06 23:44:07,249 [ERROR] LogOutputStream:75 - [STDERR_REDIRECT] [Fatal Error] :1:1: Premature end of file.
2026-09-06 23:44:07,249 [ERROR] LogOutputStream:75 - [STDERR_REDIRECT] 
2026-09-06 23:44:08,248 [ERROR] LogOutputStream:75 - [STDERR_REDIRECT] [Fatal Error] :1:1: Premature end of file.
2026-09-06 23:44:08,248 [ERROR] LogOutputStream:75 - [STDERR_REDIRECT] 
2026-09-06 23:44:09,250 [ERROR] LogOutputStream:75 - [STDERR_REDIRECT] [Fatal Error] :1:1: Premature end of file.
2026-09-06 23:44:09,250 [ERROR] LogOutputStream:75 - [STDERR_REDIRECT] 
2026-09-06 23:44:10,247 [ERROR] LogOutputStream:75 - [STDERR_REDIRECT] [Fatal Error] :1:1: Premature end of file.
2026-09-06 23:44:10,247 [ERROR] LogOutputStream:75 - [STDERR_REDIRECT] 
2026-09-06 23:44:11,249 [ERROR] LogOutputStream:75 - [STDERR_REDIRECT] [Fatal Error] :1:1: Premature end of file.
2026-09-06 23:44:11,250 [ERROR] LogOutputStream:75 - [STDERR_REDIRECT] 
2026-09-06 23:44:12,250 [ERROR] LogOutputStream:75 - [STDERR_REDIRECT] [Fatal Error] :1:1: Premature end of file.
2026-09-06 23:44:12,250 [ERROR] LogOutputStream:75 - [STDERR_REDIRECT] 
2026-09-06 23:44:13,250 [ERROR] LogOutputStream:75 - [STDERR_REDIRECT] [Fatal Error] :1:1: Premature end of file.
2026-09-06 23:44:13,250 [ERROR] LogOutputStream:75 - [STDERR_REDIRECT] 
2026-09-06 23:44:14,249 [ERROR] LogOutputStream:75 - [STDERR_REDIRECT] [Fatal Error] :1:1: Premature end of file.
2026-09-06 23:44:14,249 [ERROR] LogOutputStream:75 - [STDERR_REDIRECT] 
2026-09-06 23:44:15,249 [ERROR] LogOutputStream:75 - [STDERR_REDIRECT] [Fatal Error] :1:1: Premature end of file.
2026-09-06 23:44:15,249 [ERROR] LogOutputStream:75 - [STDERR_REDIRECT] 
2026-09-06 23:44:16,249 [ERROR] LogOutputStream:75 - [STDERR_REDIRECT] [Fatal Error] :1:1: Premature end of file.
2026-09-06 23:44:16,249 [ERROR] LogOutputStream:75 - [STDERR_REDIRECT] 
2026-09-06 23:44:17,249 [ERROR] LogOutputStream:75 - [STDERR_REDIRECT] [Fatal Error] :1:1: Premature end of file.
2026-09-06 23:44:17,249 [ERROR] LogOutputStream:75 - [STDERR_REDIRECT] 
2026-09-06 23:44:18,249 [ERROR] LogOutputStream:75 - [STDERR_REDIRECT] [Fatal Error] :1:1: Premature end of file.
2026-09-06 23:44:18,249 [ERROR] LogOutputStream:75 - [STDERR_REDIRECT] 
2026-09-06 23:44:19,249 [ERROR] LogOutputStream:75 - [STDERR_REDIRECT] [Fatal Error] :1:1: Premature end of file.
2026-09-06 23:44:19,249 [ERROR] LogOutputStream:75 - [STDERR_REDIRECT] 
2026-09-06 23:44:20,248 [ERROR] LogOutputStream:75 - [STDERR_REDIRECT] [Fatal Error] :1:1: Premature end of file.
2026-09-06 23:44:20,248 [ERROR] LogOutputStream:75 - [STDERR_REDIRECT] 
2026-09-06 23:44:21,249 [ERROR] LogOutputStream:75 - [STDERR_REDIRECT] [Fatal Error] :1:1: Premature end of file.
2026-09-06 23:44:21,249 [ERROR] LogOutputStream:75 - [STDERR_REDIRECT] 
2026-09-06 23:44:22,249 [ERROR] LogOutputStream:75 - [STDERR_REDIRECT] [Fatal Error] :1:1: Premature end of file.
2026-09-06 23:44:22,249 [ERROR] LogOutputStream:75 - [STDERR_REDIRECT] 
2026-09-06 23:44:23,250 [ERROR] LogOutputStream:75 - [STDERR_REDIRECT] [Fatal Error] :1:1: Premature end of file.
2026-09-06 23:44:23,250 [ERROR] LogOutputStream:75 - [STDERR_REDIRECT] 
2026-09-06 23:44:24,248 [ERROR] LogOutputStream:75 - [STDERR_REDIRECT] [Fatal Error] :1:1: Premature end of file.
2026-09-06 23:44:24,248 [ERROR] LogOutputStream:75 - [STDERR_REDIRECT] 
2026-09-06 23:44:25,251 [ERROR] LogOutputStream:75 - [STDERR_REDIRECT] [Fatal Error] :1:1: Premature end of file.
2026-09-06 23:44:25,251 [ERROR] LogOutputStream:75 - [STDERR_REDIRECT] 
2026-09-06 23:44:26,248 [ERROR] LogOutputStream:75 - [STDERR_REDIRECT] [Fatal Error] :1:1: Premature end of file.
2026-09-06 23:44:26,248 [ERROR] LogOutputStream:75 - [STDERR_REDIRECT] 
2026-09-06 23:44:27,249 [ERROR] LogOutputStream:75 - [STDERR_REDIRECT] [Fatal Error] :1:1: Premature end of file.
2026-09-06 23:44:27,249 [ERROR] LogOutputStream:75 - [STDERR_REDIRECT] 
2026-09-06 23:44:28,250 [ERROR] LogOutputStream:75 - [STDERR_REDIRECT] [Fatal Error] :1:1: Premature end of file.
2026-09-06 23:44:28,250 [ERROR] LogOutputStream:75 - [STDERR_REDIRECT] 
2026-09-06 23:44:29,250 [ERROR] LogOutputStream:75 - [STDERR_REDIRECT] [Fatal Error] :1:1: Premature end of file.
2026-09-06 23:44:29,250 [ERROR] LogOutputStream:75 - [STDERR_REDIRECT] 
2026-09-06 23:44:30,250 [ERROR] LogOutputStream:75 - [STDERR_REDIRECT] [Fatal Error] :1:1: Premature end of file.
2026-09-06 23:44:30,250 [ERROR] LogOutputStream:75 - [STDERR_REDIRECT] 
2026-09-06 23:44:31,247 [ERROR] LogOutputStream:75 - [STDERR_REDIRECT] [Fatal Error] :1:1: Premature end of file.
2026-09-06 23:44:31,247 [ERROR] LogOutputStream:75 - [STDERR_REDIRECT] 
2026-09-06 23:44:32,250 [ERROR] LogOutputStream:75 - [STDERR_REDIRECT] [Fatal Error] :1:1: Premature end of file.
2026-09-06 23:44:32,250 [ERROR] LogOutputStream:75 - [STDERR_REDIRECT] 
2026-09-06 23:44:33,249 [ERROR] LogOutputStream:75 - [STDERR_REDIRECT] [Fatal Error] :1:1: Premature end of file.
2026-09-06 23:44:33,250 [ERROR] LogOutputStream:75 - [STDERR_REDIRECT] 
2026-09-06 23:44:34,248 [ERROR] LogOutputStream:75 - [STDERR_REDIRECT] [Fatal Error] :1:1: Premature end of file.
2026-09-06 23:44:34,249 [ERROR] LogOutputStream:75 - [STDERR_REDIRECT] 
2026-09-06 23:44:35,249 [ERROR] LogOutputStream:75 - [STDERR_REDIRECT] [Fatal Error] :1:1: Premature end of file.
2026-09-06 23:44:35,249 [ERROR] LogOutputStream:75 - [STDERR_REDIRECT] 
2026-09-06 23:44:36,249 [ERROR] LogOutputStream:75 - [STDERR_REDIRECT] [Fatal Error] :1:1: Premature end of file.
2026-09-06 23:44:36,250 [ERROR] LogOutputStream:75 - [STDERR_REDIRECT] 
2026-09-06 23:44:37,250 [ERROR] LogOutputStream:75 - [STDERR_REDIRECT] [Fatal Error] :1:1: Premature end of file.
2026-09-06 23:44:37,250 [ERROR] LogOutputStream:75 - [STDERR_REDIRECT] 
2026-09-06 23:44:38,248 [ERROR] LogOutputStream:75 - [STDERR_REDIRECT] [Fatal Error] :1:1: Premature end of file.
2026-09-06 23:44:38,249 [ERROR] LogOutputStream:75 - [STDERR_REDIRECT] 
2026-09-06 23:44:39,248 [ERROR] LogOutputStream:75 - [STDERR_REDIRECT] [Fatal Error] :1:1: Premature end of file.
2026-09-06 23:44:39,249 [ERROR] LogOutputStream:75 - [STDERR_REDIRECT] 
2026-09-06 23:44:40,249 [ERROR] LogOutputStream:75 - [STDERR_REDIRECT] [Fatal Error] :1:1: Premature end of file.
2026-09-06 23:44:40,249 [ERROR] LogOutputStream:75 - [STDERR_REDIRECT] 
2026-09-06 23:44:41,249 [ERROR] LogOutputStream:75 - [STDERR_REDIRECT] [Fatal Error] :1:1: Premature end of file.
2026-09-06 23:44:41,249 [ERROR] LogOutputStream:75 - [STDERR_REDIRECT] 
2026-09-06 23:44:42,248 [ERROR] LogOutputStream:75 - [STDERR_REDIRECT] [Fatal Error] :1:1: Premature end of file.
2026-09-06 23:44:42,248 [ERROR] LogOutputStream:75 - [STDERR_REDIRECT] 
2026-09-06 23:44:43,249 [ERROR] LogOutputStream:75 - [STDERR_REDIRECT] [Fatal Error] :1:1: Premature end of file.
2026-09-06 23:44:43,250 [ERROR] LogOutputStream:75 - [STDERR_REDIRECT] 
2026-09-06 23:44:44,249 [ERROR] LogOutputStream:75 - [STDERR_REDIRECT] [Fatal Error] :1:1: Premature end of file.
2026-09-06 23:44:44,249 [ERROR] LogOutputStream:75 - [STDERR_REDIRECT] 
2026-09-06 23:44:45,249 [ERROR] LogOutputStream:75 - [STDERR_REDIRECT] [Fatal Error] :1:1: Premature end of file.
2026-09-06 23:44:45,249 [ERROR] LogOutputStream:75 - [STDERR_REDIRECT] 
2026-09-06 23:44:46,249 [ERROR] LogOutputStream:75 - [STDERR_REDIRECT] [Fatal Error] :1:1: Premature end of file.
2026-09-06 23:44:46,249 [ERROR] LogOutputStream:75 - [STDERR_REDIRECT] 
2026-09-06 23:44:47,250 [ERROR] LogOutputStream:75 - [STDERR_REDIRECT] [Fatal Error] :1:1: Premature end of file.
2026-09-06 23:44:47,250 [ERROR] LogOutputStream:75 - [STDERR_REDIRECT] 
2026-09-06 23:44:48,249 [ERROR] LogOutputStream:75 - [STDERR_REDIRECT] [Fatal Error] :1:1: Premature end of file.
2026-09-06 23:44:48,249 [ERROR] LogOutputStream:75 - [STDERR_REDIRECT] 
2026-09-06 23:44:49,249 [ERROR] LogOutputStream:75 - [STDERR_REDIRECT] [Fatal Error] :1:1: Premature end of file.
2026-09-06 23:44:49,249 [ERROR] LogOutputStream:75 - [STDERR_REDIRECT] 
2026-09-06 23:44:50,249 [ERROR] LogOutputStream:75 - [STDERR_REDIRECT] [Fatal Error] :1:1: Premature end of file.
2026-09-06 23:44:50,250 [ERROR] LogOutputStream:75 - [STDERR_REDIRECT] 
2026-09-06 23:44:51,249 [ERROR] LogOutputStream:75 - [STDERR_REDIRECT] [Fatal Error] :1:1: Premature end of file.
2026-09-06 23:44:51,249 [ERROR] LogOutputStream:75 - [STDERR_REDIRECT] 
2026-09-06 23:44:52,250 [ERROR] LogOutputStream:75 - [STDERR_REDIRECT] [Fatal Error] :1:1: Premature end of file.
2026-09-06 23:44:52,250 [ERROR] LogOutputStream:75 - [STDERR_REDIRECT] 
2026-09-06 23:44:53,248 [ERROR] LogOutputStream:75 - [STDERR_REDIRECT] [Fatal Error] :1:1: Premature end of file.
2026-09-06 23:44:53,248 [ERROR] LogOutputStream:75 - [STDERR_REDIRECT] 
2026-09-06 23:44:54,250 [ERROR] LogOutputStream:75 - [STDERR_REDIRECT] [Fatal Error] :1:1: Premature end of file.
2026-09-06 23:44:54,250 [ERROR] LogOutputStream:75 - [STDERR_REDIRECT] 
2026-09-06 23:44:55,247 [ERROR] LogOutputStream:75 - [STDERR_REDIRECT] [Fatal Error] :1:1: Premature end of file.
2026-09-06 23:44:55,247 [ERROR] LogOutputStream:75 - [STDERR_REDIRECT] 
2026-09-06 23:44:56,250 [ERROR] LogOutputStream:75 - [STDERR_REDIRECT] [Fatal Error] :1:1: Premature end of file.
2026-09-06 23:44:56,250 [ERROR] LogOutputStream:75 - [STDERR_REDIRECT] 
2026-09-06 23:44:57,247 [ERROR] LogOutputStream:75 - [STDERR_REDIRECT] [Fatal Error] :1:1: Premature end of file.
2026-09-06 23:44:57,247 [ERROR] LogOutputStream:75 - [STDERR_REDIRECT] 
2026-09-06 23:44:58,248 [ERROR] LogOutputStream:75 - [STDERR_REDIRECT] [Fatal Error] :1:1: Premature end of file.
2026-09-06 23:44:58,249 [ERROR] LogOutputStream:75 - [STDERR_REDIRECT] 
2026-09-06 23:44:59,249 [ERROR] LogOutputStream:75 - [STDERR_REDIRECT] [Fatal Error] :1:1: Premature end of file.
2026-09-06 23:44:59,249 [ERROR] LogOutputStream:75 - [STDERR_REDIRECT] 
2026-09-06 23:45:00,249 [ERROR] LogOutputStream:75 - [STDERR_REDIRECT] [Fatal Error] :1:1: Premature end of file.
2026-09-06 23:45:00,249 [ERROR] LogOutputStream:75 - [STDERR_REDIRECT] 
2026-09-06 23:45:01,249 [ERROR] LogOutputStream:75 - [STDERR_REDIRECT] [Fatal Error] :1:1: Premature end of file.
2026-09-06 23:45:01,249 [ERROR] LogOutputStream:75 - [STDERR_REDIRECT] 
2026-09-06 23:45:02,249 [ERROR] LogOutputStream:75 - [STDERR_REDIRECT] [Fatal Error] :1:1: Premature end of file.
2026-09-06 23:45:02,249 [ERROR] LogOutputStream:75 - [STDERR_REDIRECT] 
2026-09-06 23:45:03,250 [ERROR] LogOutputStream:75 - [STDERR_REDIRECT] [Fatal Error] :1:1: Premature end of file.
2026-09-06 23:45:03,250 [ERROR] LogOutputStream:75 - [STDERR_REDIRECT] 
2026-09-06 23:45:04,248 [ERROR] LogOutputStream:75 - [STDERR_REDIRECT] [Fatal Error] :1:1: Premature end of file.
2026-09-06 23:45:04,248 [ERROR] LogOutputStream:75 - [STDERR_REDIRECT] 
2026-09-06 23:45:05,250 [ERROR] LogOutputStream:75 - [STDERR_REDIRECT] [Fatal Error] :1:1: Premature end of file.
2026-09-06 23:45:05,250 [ERROR] LogOutputStream:75 - [STDERR_REDIRECT] 
2026-09-06 23:45:06,248 [ERROR] LogOutputStream:75 - [STDERR_REDIRECT] [Fatal Error] :1:1: Premature end of file.
2026-09-06 23:45:06,248 [ERROR] LogOutputStream:75 - [STDERR_REDIRECT] 
2026-09-06 23:45:07,249 [ERROR] LogOutputStream:75 - [STDERR_REDIRECT] [Fatal Error] :1:1: Premature end of file.
2026-09-06 23:45:07,249 [ERROR] LogOutputStream:75 - [STDERR_REDIRECT] 
2026-09-06 23:45:08,250 [ERROR] LogOutputStream:75 - [STDERR_REDIRECT] [Fatal Error] :1:1: Premature end of file.
2026-09-06 23:45:08,250 [ERROR] LogOutputStream:75 - [STDERR_REDIRECT] 
2026-09-06 23:45:09,248 [ERROR] LogOutputStream:75 - [STDERR_REDIRECT] [Fatal Error] :1:1: Premature end of file.
2026-09-06 23:45:09,248 [ERROR] LogOutputStream:75 - [STDERR_REDIRECT] 
2026-09-06 23:45:10,249 [ERROR] LogOutputStream:75 - [STDERR_REDIRECT] [Fatal Error] :1:1: Premature end of file.
2026-09-06 23:45:10,249 [ERROR] LogOutputStream:75 - [STDERR_REDIRECT] 
2026-09-06 23:45:11,248 [ERROR] LogOutputStream:75 - [STDERR_REDIRECT] [Fatal Error] :1:1: Premature end of file.
2026-09-06 23:45:11,249 [ERROR] LogOutputStream:75 - [STDERR_REDIRECT] 
2026-09-06 23:45:12,249 [ERROR] LogOutputStream:75 - [STDERR_REDIRECT] [Fatal Error] :1:1: Premature end of file.
2026-09-06 23:45:12,249 [ERROR] LogOutputStream:75 - [STDERR_REDIRECT] 
2026-09-06 23:45:13,249 [ERROR] LogOutputStream:75 - [STDERR_REDIRECT] [Fatal Error] :1:1: Premature end of file.
2026-09-06 23:45:13,250 [ERROR] LogOutputStream:75 - [STDERR_REDIRECT] 
2026-09-06 23:45:14,248 [ERROR] LogOutputStream:75 - [STDERR_REDIRECT] [Fatal Error] :1:1: Premature end of file.
2026-09-06 23:45:14,248 [ERROR] LogOutputStream:75 - [STDERR_REDIRECT] 
2026-09-06 23:45:15,249 [ERROR] LogOutputStream:75 - [STDERR_REDIRECT] [Fatal Error] :1:1: Premature end of file.
2026-09-06 23:45:15,249 [ERROR] LogOutputStream:75 - [STDERR_REDIRECT] 
2026-09-06 23:45:16,249 [ERROR] LogOutputStream:75 - [STDERR_REDIRECT] [Fatal Error] :1:1: Premature end of file.
2026-09-06 23:45:16,249 [ERROR] LogOutputStream:75 - [STDERR_REDIRECT] 
2026-09-06 23:45:17,250 [ERROR] LogOutputStream:75 - [STDERR_REDIRECT] [Fatal Error] :1:1: Premature end of file.
2026-09-06 23:45:17,250 [ERROR] LogOutputStream:75 - [STDERR_REDIRECT] 
2026-09-06 23:45:18,250 [ERROR] LogOutputStream:75 - [STDERR_REDIRECT] [Fatal Error] :1:1: Premature end of file.
2026-09-06 23:45:18,250 [ERROR] LogOutputStream:75 - [STDERR_REDIRECT] 
2026-09-06 23:45:19,249 [ERROR] LogOutputStream:75 - [STDERR_REDIRECT] [Fatal Error] :1:1: Premature end of file.
2026-09-06 23:45:19,249 [ERROR] LogOutputStream:75 - [STDERR_REDIRECT] 
2026-09-06 23:45:20,249 [ERROR] LogOutputStream:75 - [STDERR_REDIRECT] [Fatal Error] :1:1: Premature end of file.
2026-09-06 23:45:20,249 [ERROR] LogOutputStream:75 - [STDERR_REDIRECT] 
2026-09-06 23:45:21,249 [ERROR] LogOutputStream:75 - [STDERR_REDIRECT] [Fatal Error] :1:1: Premature end of file.
2026-09-06 23:45:21,249 [ERROR] LogOutputStream:75 - [STDERR_REDIRECT] 
2026-09-06 23:45:22,248 [ERROR] LogOutputStream:75 - [STDERR_REDIRECT] [Fatal Error] :1:1: Premature end of file.
2026-09-06 23:45:22,248 [ERROR] LogOutputStream:75 - [STDERR_REDIRECT] 
2026-09-06 23:45:23,250 [ERROR] LogOutputStream:75 - [STDERR_REDIRECT] [Fatal Error] :1:1: Premature end of file.
2026-09-06 23:45:23,250 [ERROR] LogOutputStream:75 - [STDERR_REDIRECT] 
2026-09-06 23:45:24,248 [ERROR] LogOutputStream:75 - [STDERR_REDIRECT] [Fatal Error] :1:1: Premature end of file.
2026-09-06 23:45:24,248 [ERROR] LogOutputStream:75 - [STDERR_REDIRECT] 
2026-09-06 23:45:25,249 [ERROR] LogOutputStream:75 - [STDERR_REDIRECT] [Fatal Error] :1:1: Premature end of file.
2026-09-06 23:45:25,249 [ERROR] LogOutputStream:75 - [STDERR_REDIRECT] 
2026-09-06 23:45:26,249 [ERROR] LogOutputStream:75 - [STDERR_REDIRECT] [Fatal Error] :1:1: Premature end of file.
2026-09-06 23:45:26,249 [ERROR] LogOutputStream:75 - [STDERR_REDIRECT] 
2026-09-06 23:45:27,249 [ERROR] LogOutputStream:75 - [STDERR_REDIRECT] [Fatal Error] :1:1: Premature end of file.
2026-09-06 23:45:27,249 [ERROR] LogOutputStream:75 - [STDERR_REDIRECT] 
2026-09-06 23:45:28,248 [ERROR] LogOutputStream:75 - [STDERR_REDIRECT] [Fatal Error] :1:1: Premature end of file.
2026-09-06 23:45:28,248 [ERROR] LogOutputStream:75 - [STDERR_REDIRECT] 
2026-09-06 23:45:29,249 [ERROR] LogOutputStream:75 - [STDERR_REDIRECT] [Fatal Error] :1:1: Premature end of file.
2026-09-06 23:45:29,249 [ERROR] LogOutputStream:75 - [STDERR_REDIRECT] 
2026-09-06 23:45:30,249 [ERROR] LogOutputStream:75 - [STDERR_REDIRECT] [Fatal Error] :1:1: Premature end of file.
2026-09-06 23:45:30,249 [ERROR] LogOutputStream:75 - [STDERR_REDIRECT] 
2026-09-06 23:45:31,249 [ERROR] LogOutputStream:75 - [STDERR_REDIRECT] [Fatal Error] :1:1: Premature end of file.
2026-09-06 23:45:31,249 [ERROR] LogOutputStream:75 - [STDERR_REDIRECT] 
2026-09-06 23:45:32,249 [ERROR] LogOutputStream:75 - [STDERR_REDIRECT] [Fatal Error] :1:1: Premature end of file.
2026-09-06 23:45:32,250 [ERROR] LogOutputStream:75 - [STDERR_REDIRECT] 
2026-09-06 23:45:33,250 [ERROR] LogOutputStream:75 - [STDERR_REDIRECT] [Fatal Error] :1:1: Premature end of file.
2026-09-06 23:45:33,250 [ERROR] LogOutputStream:75 - [STDERR_REDIRECT] 
2026-09-06 23:45:34,250 [ERROR] LogOutputStream:75 - [STDERR_REDIRECT] [Fatal Error] :1:1: Premature end of file.
2026-09-06 23:45:34,251 [ERROR] LogOutputStream:75 - [STDERR_REDIRECT] 
2026-09-06 23:45:35,248 [ERROR] LogOutputStream:75 - [STDERR_REDIRECT] [Fatal Error] :1:1: Premature end of file.
2026-09-06 23:45:35,248 [ERROR] LogOutputStream:75 - [STDERR_REDIRECT] 
2026-09-06 23:45:36,251 [ERROR] LogOutputStream:75 - [STDERR_REDIRECT] [Fatal Error] :1:1: Premature end of file.
2026-09-06 23:45:36,251 [ERROR] LogOutputStream:75 - [STDERR_REDIRECT] 
2026-09-06 23:45:37,249 [ERROR] LogOutputStream:75 - [STDERR_REDIRECT] [Fatal Error] :1:1: Premature end of file.
2026-09-06 23:45:37,250 [ERROR] LogOutputStream:75 - [STDERR_REDIRECT] 
2026-09-06 23:45:38,248 [ERROR] LogOutputStream:75 - [STDERR_REDIRECT] [Fatal Error] :1:1: Premature end of file.
2026-09-06 23:45:38,248 [ERROR] LogOutputStream:75 - [STDERR_REDIRECT] 
2026-09-06 23:45:39,249 [ERROR] LogOutputStream:75 - [STDERR_REDIRECT] [Fatal Error] :1:1: Premature end of file.
2026-09-06 23:45:39,249 [ERROR] LogOutputStream:75 - [STDERR_REDIRECT] 
2026-09-06 23:45:40,249 [ERROR] LogOutputStream:75 - [STDERR_REDIRECT] [Fatal Error] :1:1: Premature end of file.
2026-09-06 23:45:40,249 [ERROR] LogOutputStream:75 - [STDERR_REDIRECT] 
2026-09-06 23:45:41,249 [ERROR] LogOutputStream:75 - [STDERR_REDIRECT] [Fatal Error] :1:1: Premature end of file.
2026-09-06 23:45:41,249 [ERROR] LogOutputStream:75 - [STDERR_REDIRECT] 
2026-09-06 23:45:42,249 [ERROR] LogOutputStream:75 - [STDERR_REDIRECT] [Fatal Error] :1:1: Premature end of file.
2026-09-06 23:45:42,250 [ERROR] LogOutputStream:75 - [STDERR_REDIRECT] 
2026-09-06 23:45:43,248 [ERROR] LogOutputStream:75 - [STDERR_REDIRECT] [Fatal Error] :1:1: Premature end of file.
2026-09-06 23:45:43,248 [ERROR] LogOutputStream:75 - [STDERR_REDIRECT] 
2026-09-06 23:45:44,248 [ERROR] LogOutputStream:75 - [STDERR_REDIRECT] [Fatal Error] :1:1: Premature end of file.
2026-09-06 23:45:44,248 [ERROR] LogOutputStream:75 - [STDERR_REDIRECT] 
2026-09-06 23:45:45,248 [ERROR] LogOutputStream:75 - [STDERR_REDIRECT] [Fatal Error] :1:1: Premature end of file.
2026-09-06 23:45:45,248 [ERROR] LogOutputStream:75 - [STDERR_REDIRECT] 
2026-09-06 23:45:46,250 [ERROR] LogOutputStream:75 - [STDERR_REDIRECT] [Fatal Error] :1:1: Premature end of file.
2026-09-06 23:45:46,251 [ERROR] LogOutputStream:75 - [STDERR_REDIRECT] 
2026-09-06 23:45:47,247 [ERROR] LogOutputStream:75 - [STDERR_REDIRECT] [Fatal Error] :1:1: Premature end of file.
2026-09-06 23:45:47,249 [ERROR] LogOutputStream:75 - [STDERR_REDIRECT] 
2026-09-06 23:45:48,248 [ERROR] LogOutputStream:75 - [STDERR_REDIRECT] [Fatal Error] :1:1: Premature end of file.
2026-09-06 23:45:48,248 [ERROR] LogOutputStream:75 - [STDERR_REDIRECT] 
2026-09-06 23:45:49,249 [ERROR] LogOutputStream:75 - [STDERR_REDIRECT] [Fatal Error] :1:1: Premature end of file.
2026-09-06 23:45:49,250 [ERROR] LogOutputStream:75 - [STDERR_REDIRECT] 
2026-09-06 23:45:50,248 [ERROR] LogOutputStream:75 - [STDERR_REDIRECT] [Fatal Error] :1:1: Premature end of file.
2026-09-06 23:45:50,248 [ERROR] LogOutputStream:75 - [STDERR_REDIRECT] 
2026-09-06 23:45:51,250 [ERROR] LogOutputStream:75 - [STDERR_REDIRECT] [Fatal Error] :1:1: Premature end of file.
2026-09-06 23:45:51,250 [ERROR] LogOutputStream:75 - [STDERR_REDIRECT] 
2026-09-06 23:45:52,249 [ERROR] LogOutputStream:75 - [STDERR_REDIRECT] [Fatal Error] :1:1: Premature end of file.
2026-09-06 23:45:52,249 [ERROR] LogOutputStream:75 - [STDERR_REDIRECT] 
2026-09-06 23:45:53,250 [ERROR] LogOutputStream:75 - [STDERR_REDIRECT] [Fatal Error] :1:1: Premature end of file.
2026-09-06 23:45:53,250 [ERROR] LogOutputStream:75 - [STDERR_REDIRECT] 
2026-09-06 23:45:54,249 [ERROR] LogOutputStream:75 - [STDERR_REDIRECT] [Fatal Error] :1:1: Premature end of file.
2026-09-06 23:45:54,249 [ERROR] LogOutputStream:75 - [STDERR_REDIRECT] 
2026-09-06 23:45:55,249 [ERROR] LogOutputStream:75 - [STDERR_REDIRECT] [Fatal Error] :1:1: Premature end of file.
2026-09-06 23:45:55,249 [ERROR] LogOutputStream:75 - [STDERR_REDIRECT] 
2026-09-06 23:45:56,248 [ERROR] LogOutputStream:75 - [STDERR_REDIRECT] [Fatal Error] :1:1: Premature end of file.
2026-09-06 23:45:56,248 [ERROR] LogOutputStream:75 - [STDERR_REDIRECT] 
2026-09-06 23:45:57,251 [ERROR] LogOutputStream:75 - [STDERR_REDIRECT] [Fatal Error] :1:1: Premature end of file.
2026-09-06 23:45:57,251 [ERROR] LogOutputStream:75 - [STDERR_REDIRECT] 
2026-09-06 23:45:58,249 [ERROR] LogOutputStream:75 - [STDERR_REDIRECT] [Fatal Error] :1:1: Premature end of file.
2026-09-06 23:45:58,249 [ERROR] LogOutputStream:75 - [STDERR_REDIRECT] 
2026-09-06 23:45:59,248 [ERROR] LogOutputStream:75 - [STDERR_REDIRECT] [Fatal Error] :1:1: Premature end of file.
2026-09-06 23:45:59,248 [ERROR] LogOutputStream:75 - [STDERR_REDIRECT] 
2026-09-06 23:46:00,247 [ERROR] LogOutputStream:75 - [STDERR_REDIRECT] [Fatal Error] :1:1: Premature end of file.
2026-09-06 23:46:00,247 [ERROR] LogOutputStream:75 - [STDERR_REDIRECT] 
2026-09-06 23:46:01,250 [ERROR] LogOutputStream:75 - [STDERR_REDIRECT] [Fatal Error] :1:1: Premature end of file.
2026-09-06 23:46:01,250 [ERROR] LogOutputStream:75 - [STDERR_REDIRECT] 
2026-09-06 23:46:02,248 [ERROR] LogOutputStream:75 - [STDERR_REDIRECT] [Fatal Error] :1:1: Premature end of file.
2026-09-06 23:46:02,248 [ERROR] LogOutputStream:75 - [STDERR_REDIRECT] 
2026-09-06 23:46:03,248 [ERROR] LogOutputStream:75 - [STDERR_REDIRECT] [Fatal Error] :1:1: Premature end of file.
2026-09-06 23:46:03,248 [ERROR] LogOutputStream:75 - [STDERR_REDIRECT] 
2026-09-06 23:46:04,251 [ERROR] LogOutputStream:75 - [STDERR_REDIRECT] [Fatal Error] :1:1: Premature end of file.
2026-09-06 23:46:04,251 [ERROR] LogOutputStream:75 - [STDERR_REDIRECT] 
2026-09-06 23:46:05,248 [ERROR] LogOutputStream:75 - [STDERR_REDIRECT] [Fatal Error] :1:1: Premature end of file.
2026-09-06 23:46:05,249 [ERROR] LogOutputStream:75 - [STDERR_REDIRECT] 
2026-09-06 23:46:06,250 [ERROR] LogOutputStream:75 - [STDERR_REDIRECT] [Fatal Error] :1:1: Premature end of file.
2026-09-06 23:46:06,250 [ERROR] LogOutputStream:75 - [STDERR_REDIRECT] 
2026-09-06 23:46:07,249 [ERROR] LogOutputStream:75 - [STDERR_REDIRECT] [Fatal Error] :1:1: Premature end of file.
2026-09-06 23:46:07,249 [ERROR] LogOutputStream:75 - [STDERR_REDIRECT] 
2026-09-06 23:46:08,248 [ERROR] LogOutputStream:75 - [STDERR_REDIRECT] [Fatal Error] :1:1: Premature end of file.
2026-09-06 23:46:08,249 [ERROR] LogOutputStream:75 - [STDERR_REDIRECT] 
2026-09-06 23:46:09,249 [ERROR] LogOutputStream:75 - [STDERR_REDIRECT] [Fatal Error] :1:1: Premature end of file.
2026-09-06 23:46:09,249 [ERROR] LogOutputStream:75 - [STDERR_REDIRECT] 
2026-09-06 23:46:10,249 [ERROR] LogOutputStream:75 - [STDERR_REDIRECT] [Fatal Error] :1:1: Premature end of file.
2026-09-06 23:46:10,249 [ERROR] LogOutputStream:75 - [STDERR_REDIRECT] 
2026-09-06 23:46:11,249 [ERROR] LogOutputStream:75 - [STDERR_REDIRECT] [Fatal Error] :1:1: Premature end of file.
2026-09-06 23:46:11,249 [ERROR] LogOutputStream:75 - [STDERR_REDIRECT] 
2026-09-06 23:46:12,249 [ERROR] LogOutputStream:75 - [STDERR_REDIRECT] [Fatal Error] :1:1: Premature end of file.
2026-09-06 23:46:12,249 [ERROR] LogOutputStream:75 - [STDERR_REDIRECT] 
2026-09-06 23:46:13,249 [ERROR] LogOutputStream:75 - [STDERR_REDIRECT] [Fatal Error] :1:1: Premature end of file.
2026-09-06 23:46:13,249 [ERROR] LogOutputStream:75 - [STDERR_REDIRECT] 
2026-09-06 23:46:14,249 [ERROR] LogOutputStream:75 - [STDERR_REDIRECT] [Fatal Error] :1:1: Premature end of file.
2026-09-06 23:46:14,249 [ERROR] LogOutputStream:75 - [STDERR_REDIRECT] 
2026-09-06 23:46:15,249 [ERROR] LogOutputStream:75 - [STDERR_REDIRECT] [Fatal Error] :1:1: Premature end of file.
2026-09-06 23:46:15,249 [ERROR] LogOutputStream:75 - [STDERR_REDIRECT] 
2026-09-06 23:46:16,249 [ERROR] LogOutputStream:75 - [STDERR_REDIRECT] [Fatal Error] :1:1: Premature end of file.
2026-09-06 23:46:16,249 [ERROR] LogOutputStream:75 - [STDERR_REDIRECT] 
2026-09-06 23:46:17,248 [ERROR] LogOutputStream:75 - [STDERR_REDIRECT] [Fatal Error] :1:1: Premature end of file.
2026-09-06 23:46:17,248 [ERROR] LogOutputStream:75 - [STDERR_REDIRECT] 
2026-09-06 23:46:18,249 [ERROR] LogOutputStream:75 - [STDERR_REDIRECT] [Fatal Error] :1:1: Premature end of file.
2026-09-06 23:46:18,249 [ERROR] LogOutputStream:75 - [STDERR_REDIRECT] 
2026-09-06 23:46:19,249 [ERROR] LogOutputStream:75 - [STDERR_REDIRECT] [Fatal Error] :1:1: Premature end of file.
2026-09-06 23:46:19,250 [ERROR] LogOutputStream:75 - [STDERR_REDIRECT] 
2026-09-06 23:46:20,247 [ERROR] LogOutputStream:75 - [STDERR_REDIRECT] [Fatal Error] :1:1: Premature end of file.
2026-09-06 23:46:20,247 [ERROR] LogOutputStream:75 - [STDERR_REDIRECT] 
2026-09-06 23:46:21,250 [ERROR] LogOutputStream:75 - [STDERR_REDIRECT] [Fatal Error] :1:1: Premature end of file.
2026-09-06 23:46:21,250 [ERROR] LogOutputStream:75 - [STDERR_REDIRECT] 
2026-09-06 23:46:22,249 [ERROR] LogOutputStream:75 - [STDERR_REDIRECT] [Fatal Error] :1:1: Premature end of file.
2026-09-06 23:46:22,249 [ERROR] LogOutputStream:75 - [STDERR_REDIRECT] 
2026-09-06 23:46:23,250 [ERROR] LogOutputStream:75 - [STDERR_REDIRECT] [Fatal Error] :1:1: Premature end of file.
2026-09-06 23:46:23,250 [ERROR] LogOutputStream:75 - [STDERR_REDIRECT] 
2026-09-06 23:46:24,248 [ERROR] LogOutputStream:75 - [STDERR_REDIRECT] [Fatal Error] :1:1: Premature end of file.
2026-09-06 23:46:24,249 [ERROR] LogOutputStream:75 - [STDERR_REDIRECT] 
2026-09-06 23:46:25,248 [ERROR] LogOutputStream:75 - [STDERR_REDIRECT] [Fatal Error] :1:1: Premature end of file.
2026-09-06 23:46:25,248 [ERROR] LogOutputStream:75 - [STDERR_REDIRECT] 
2026-09-06 23:46:26,249 [ERROR] LogOutputStream:75 - [STDERR_REDIRECT] [Fatal Error] :1:1: Premature end of file.
2026-09-06 23:46:26,249 [ERROR] LogOutputStream:75 - [STDERR_REDIRECT] 
2026-09-06 23:46:27,249 [ERROR] LogOutputStream:75 - [STDERR_REDIRECT] [Fatal Error] :1:1: Premature end of file.
2026-09-06 23:46:27,249 [ERROR] LogOutputStream:75 - [STDERR_REDIRECT] 
2026-09-06 23:46:28,249 [ERROR] LogOutputStream:75 - [STDERR_REDIRECT] [Fatal Error] :1:1: Premature end of file.
2026-09-06 23:46:28,249 [ERROR] LogOutputStream:75 - [STDERR_REDIRECT] 
2026-09-06 23:46:29,249 [ERROR] LogOutputStream:75 - [STDERR_REDIRECT] [Fatal Error] :1:1: Premature end of file.
2026-09-06 23:46:29,249 [ERROR] LogOutputStream:75 - [STDERR_REDIRECT] 
2026-09-06 23:46:30,249 [ERROR] LogOutputStream:75 - [STDERR_REDIRECT] [Fatal Error] :1:1: Premature end of file.
2026-09-06 23:46:30,249 [ERROR] LogOutputStream:75 - [STDERR_REDIRECT] 
2026-09-06 23:46:31,249 [ERROR] LogOutputStream:75 - [STDERR_REDIRECT] [Fatal Error] :1:1: Premature end of file.
2026-09-06 23:46:31,249 [ERROR] LogOutputStream:75 - [STDERR_REDIRECT] 
2026-09-06 23:46:32,250 [ERROR] LogOutputStream:75 - [STDERR_REDIRECT] [Fatal Error] :1:1: Premature end of file.
2026-09-06 23:46:32,250 [ERROR] LogOutputStream:75 - [STDERR_REDIRECT] 
2026-09-06 23:46:33,248 [ERROR] LogOutputStream:75 - [STDERR_REDIRECT] [Fatal Error] :1:1: Premature end of file.
2026-09-06 23:46:33,248 [ERROR] LogOutputStream:75 - [STDERR_REDIRECT] 
2026-09-06 23:46:34,250 [ERROR] LogOutputStream:75 - [STDERR_REDIRECT] [Fatal Error] :1:1: Premature end of file.
2026-09-06 23:46:34,250 [ERROR] LogOutputStream:75 - [STDERR_REDIRECT] 
2026-09-06 23:46:35,248 [ERROR] LogOutputStream:75 - [STDERR_REDIRECT] [Fatal Error] :1:1: Premature end of file.
2026-09-06 23:46:35,248 [ERROR] LogOutputStream:75 - [STDERR_REDIRECT] 
2026-09-06 23:46:36,248 [ERROR] LogOutputStream:75 - [STDERR_REDIRECT] [Fatal Error] :1:1: Premature end of file.
2026-09-06 23:46:36,249 [ERROR] LogOutputStream:75 - [STDERR_REDIRECT] 
2026-09-06 23:46:37,249 [ERROR] LogOutputStream:75 - [STDERR_REDIRECT] [Fatal Error] :1:1: Premature end of file.
2026-09-06 23:46:37,249 [ERROR] LogOutputStream:75 - [STDERR_REDIRECT] 
2026-09-06 23:46:38,248 [ERROR] LogOutputStream:75 - [STDERR_REDIRECT] [Fatal Error] :1:1: Premature end of file.
2026-09-06 23:46:38,248 [ERROR] LogOutputStream:75 - [STDERR_REDIRECT] 
2026-09-06 23:46:39,248 [ERROR] LogOutputStream:75 - [STDERR_REDIRECT] [Fatal Error] :1:1: Premature end of file.
2026-09-06 23:46:39,248 [ERROR] LogOutputStream:75 - [STDERR_REDIRECT] 
2026-09-06 23:46:40,249 [ERROR] LogOutputStream:75 - [STDERR_REDIRECT] [Fatal Error] :1:1: Premature end of file.
2026-09-06 23:46:40,249 [ERROR] LogOutputStream:75 - [STDERR_REDIRECT] 
2026-09-06 23:46:41,248 [ERROR] LogOutputStream:75 - [STDERR_REDIRECT] [Fatal Error] :1:1: Premature end of file.
2026-09-06 23:46:41,249 [ERROR] LogOutputStream:75 - [STDERR_REDIRECT] 
2026-09-06 23:46:42,250 [ERROR] LogOutputStream:75 - [STDERR_REDIRECT] [Fatal Error] :1:1: Premature end of file.
2026-09-06 23:46:42,250 [ERROR] LogOutputStream:75 - [STDERR_REDIRECT] 
2026-09-06 23:46:43,250 [ERROR] LogOutputStream:75 - [STDERR_REDIRECT] [Fatal Error] :1:1: Premature end of file.
2026-09-06 23:46:43,250 [ERROR] LogOutputStream:75 - [STDERR_REDIRECT] 
2026-09-06 23:46:44,248 [ERROR] LogOutputStream:75 - [STDERR_REDIRECT] [Fatal Error] :1:1: Premature end of file.
2026-09-06 23:46:44,248 [ERROR] LogOutputStream:75 - [STDERR_REDIRECT] 
2026-09-06 23:46:45,249 [ERROR] LogOutputStream:75 - [STDERR_REDIRECT] [Fatal Error] :1:1: Premature end of file.
2026-09-06 23:46:45,249 [ERROR] LogOutputStream:75 - [STDERR_REDIRECT] 
2026-09-06 23:46:46,250 [ERROR] LogOutputStream:75 - [STDERR_REDIRECT] [Fatal Error] :1:1: Premature end of file.
2026-09-06 23:46:46,250 [ERROR] LogOutputStream:75 - [STDERR_REDIRECT] 
2026-09-06 23:46:47,248 [ERROR] LogOutputStream:75 - [STDERR_REDIRECT] [Fatal Error] :1:1: Premature end of file.
2026-09-06 23:46:47,248 [ERROR] LogOutputStream:75 - [STDERR_REDIRECT] 
2026-09-06 23:46:48,249 [ERROR] LogOutputStream:75 - [STDERR_REDIRECT] [Fatal Error] :1:1: Premature end of file.
2026-09-06 23:46:48,249 [ERROR] LogOutputStream:75 - [STDERR_REDIRECT] 
2026-09-06 23:46:49,248 [ERROR] LogOutputStream:75 - [STDERR_REDIRECT] [Fatal Error] :1:1: Premature end of file.
2026-09-06 23:46:49,249 [ERROR] LogOutputStream:75 - [STDERR_REDIRECT] 
2026-09-06 23:46:50,248 [ERROR] LogOutputStream:75 - [STDERR_REDIRECT] [Fatal Error] :1:1: Premature end of file.
2026-09-06 23:46:50,248 [ERROR] LogOutputStream:75 - [STDERR_REDIRECT] 
2026-09-06 23:46:51,248 [ERROR] LogOutputStream:75 - [STDERR_REDIRECT] [Fatal Error] :1:1: Premature end of file.
2026-09-06 23:46:51,248 [ERROR] LogOutputStream:75 - [STDERR_REDIRECT] 
2026-09-06 23:46:52,250 [ERROR] LogOutputStream:75 - [STDERR_REDIRECT] [Fatal Error] :1:1: Premature end of file.
2026-09-06 23:46:52,250 [ERROR] LogOutputStream:75 - [STDERR_REDIRECT] 
2026-09-06 23:46:53,248 [ERROR] LogOutputStream:75 - [STDERR_REDIRECT] [Fatal Error] :1:1: Premature end of file.
2026-09-06 23:46:53,248 [ERROR] LogOutputStream:75 - [STDERR_REDIRECT] 
2026-09-06 23:46:54,249 [ERROR] LogOutputStream:75 - [STDERR_REDIRECT] [Fatal Error] :1:1: Premature end of file.
2026-09-06 23:46:54,249 [ERROR] LogOutputStream:75 - [STDERR_REDIRECT] 
2026-09-06 23:46:55,249 [ERROR] LogOutputStream:75 - [STDERR_REDIRECT] [Fatal Error] :1:1: Premature end of file.
2026-09-06 23:46:55,249 [ERROR] LogOutputStream:75 - [STDERR_REDIRECT] 
2026-09-06 23:46:56,249 [ERROR] LogOutputStream:75 - [STDERR_REDIRECT] [Fatal Error] :1:1: Premature end of file.
2026-09-06 23:46:56,249 [ERROR] LogOutputStream:75 - [STDERR_REDIRECT] 
2026-09-06 23:46:57,249 [ERROR] LogOutputStream:75 - [STDERR_REDIRECT] [Fatal Error] :1:1: Premature end of file.
2026-09-06 23:46:57,249 [ERROR] LogOutputStream:75 - [STDERR_REDIRECT] 
2026-09-06 23:46:58,250 [ERROR] LogOutputStream:75 - [STDERR_REDIRECT] [Fatal Error] :1:1: Premature end of file.
2026-09-06 23:46:58,250 [ERROR] LogOutputStream:75 - [STDERR_REDIRECT] 
2026-09-06 23:46:59,250 [ERROR] LogOutputStream:75 - [STDERR_REDIRECT] [Fatal Error] :1:1: Premature end of file.
2026-09-06 23:46:59,250 [ERROR] LogOutputStream:75 - [STDERR_REDIRECT] 
2026-09-06 23:47:00,248 [ERROR] LogOutputStream:75 - [STDERR_REDIRECT] [Fatal Error] :1:1: Premature end of file.
2026-09-06 23:47:00,249 [ERROR] LogOutputStream:75 - [STDERR_REDIRECT] 
2026-09-06 23:47:01,250 [ERROR] LogOutputStream:75 - [STDERR_REDIRECT] [Fatal Error] :1:1: Premature end of file.
2026-09-06 23:47:01,250 [ERROR] LogOutputStream:75 - [STDERR_REDIRECT] 
2026-09-06 23:47:02,249 [ERROR] LogOutputStream:75 - [STDERR_REDIRECT] [Fatal Error] :1:1: Premature end of file.
2026-09-06 23:47:02,249 [ERROR] LogOutputStream:75 - [STDERR_REDIRECT] 
2026-09-06 23:47:03,249 [ERROR] LogOutputStream:75 - [STDERR_REDIRECT] [Fatal Error] :1:1: Premature end of file.
2026-09-06 23:47:03,249 [ERROR] LogOutputStream:75 - [STDERR_REDIRECT] 
2026-09-06 23:47:04,249 [ERROR] LogOutputStream:75 - [STDERR_REDIRECT] [Fatal Error] :1:1: Premature end of file.
2026-09-06 23:47:04,249 [ERROR] LogOutputStream:75 - [STDERR_REDIRECT] 
2026-09-06 23:47:05,248 [ERROR] LogOutputStream:75 - [STDERR_REDIRECT] [Fatal Error] :1:1: Premature end of file.
2026-09-06 23:47:05,249 [ERROR] LogOutputStream:75 - [STDERR_REDIRECT] 
2026-09-06 23:47:06,248 [ERROR] LogOutputStream:75 - [STDERR_REDIRECT] [Fatal Error] :1:1: Premature end of file.
2026-09-06 23:47:06,248 [ERROR] LogOutputStream:75 - [STDERR_REDIRECT] 
2026-09-06 23:47:07,250 [ERROR] LogOutputStream:75 - [STDERR_REDIRECT] [Fatal Error] :1:1: Premature end of file.
2026-09-06 23:47:07,250 [ERROR] LogOutputStream:75 - [STDERR_REDIRECT] 
2026-09-06 23:47:08,248 [ERROR] LogOutputStream:75 - [STDERR_REDIRECT] [Fatal Error] :1:1: Premature end of file.
2026-09-06 23:47:08,248 [ERROR] LogOutputStream:75 - [STDERR_REDIRECT] 
2026-09-06 23:47:09,249 [ERROR] LogOutputStream:75 - [STDERR_REDIRECT] [Fatal Error] :1:1: Premature end of file.
2026-09-06 23:47:09,249 [ERROR] LogOutputStream:75 - [STDERR_REDIRECT] 
2026-09-06 23:47:10,247 [ERROR] LogOutputStream:75 - [STDERR_REDIRECT] [Fatal Error] :1:1: Premature end of file.
2026-09-06 23:47:10,248 [ERROR] LogOutputStream:75 - [STDERR_REDIRECT] 
2026-09-06 23:47:11,249 [ERROR] LogOutputStream:75 - [STDERR_REDIRECT] [Fatal Error] :1:1: Premature end of file.
2026-09-06 23:47:11,249 [ERROR] LogOutputStream:75 - [STDERR_REDIRECT] 
2026-09-06 23:47:12,251 [ERROR] LogOutputStream:75 - [STDERR_REDIRECT] [Fatal Error] :1:1: Premature end of file.
2026-09-06 23:47:12,251 [ERROR] LogOutputStream:75 - [STDERR_REDIRECT] 
2026-09-06 23:47:13,248 [ERROR] LogOutputStream:75 - [STDERR_REDIRECT] [Fatal Error] :1:1: Premature end of file.
2026-09-06 23:47:13,249 [ERROR] LogOutputStream:75 - [STDERR_REDIRECT] 
2026-09-06 23:47:14,250 [ERROR] LogOutputStream:75 - [STDERR_REDIRECT] [Fatal Error] :1:1: Premature end of file.
2026-09-06 23:47:14,250 [ERROR] LogOutputStream:75 - [STDERR_REDIRECT] 
2026-09-06 23:47:15,249 [ERROR] LogOutputStream:75 - [STDERR_REDIRECT] [Fatal Error] :1:1: Premature end of file.
2026-09-06 23:47:15,249 [ERROR] LogOutputStream:75 - [STDERR_REDIRECT] 
2026-09-06 23:47:16,249 [ERROR] LogOutputStream:75 - [STDERR_REDIRECT] [Fatal Error] :1:1: Premature end of file.
2026-09-06 23:47:16,250 [ERROR] LogOutputStream:75 - [STDERR_REDIRECT] 
2026-09-06 23:47:17,249 [ERROR] LogOutputStream:75 - [STDERR_REDIRECT] [Fatal Error] :1:1: Premature end of file.
2026-09-06 23:47:17,249 [ERROR] LogOutputStream:75 - [STDERR_REDIRECT] 
2026-09-06 23:47:18,249 [ERROR] LogOutputStream:75 - [STDERR_REDIRECT] [Fatal Error] :1:1: Premature end of file.
2026-09-06 23:47:18,249 [ERROR] LogOutputStream:75 - [STDERR_REDIRECT] 
2026-09-06 23:47:19,249 [ERROR] LogOutputStream:75 - [STDERR_REDIRECT] [Fatal Error] :1:1: Premature end of file.
2026-09-06 23:47:19,249 [ERROR] LogOutputStream:75 - [STDERR_REDIRECT] 
2026-09-06 23:47:20,249 [ERROR] LogOutputStream:75 - [STDERR_REDIRECT] [Fatal Error] :1:1: Premature end of file.
2026-09-06 23:47:20,250 [ERROR] LogOutputStream:75 - [STDERR_REDIRECT] 
2026-09-06 23:47:21,248 [ERROR] LogOutputStream:75 - [STDERR_REDIRECT] [Fatal Error] :1:1: Premature end of file.
2026-09-06 23:47:21,248 [ERROR] LogOutputStream:75 - [STDERR_REDIRECT] 
2026-09-06 23:47:22,249 [ERROR] LogOutputStream:75 - [STDERR_REDIRECT] [Fatal Error] :1:1: Premature end of file.
2026-09-06 23:47:22,249 [ERROR] LogOutputStream:75 - [STDERR_REDIRECT] 
2026-09-06 23:47:23,249 [ERROR] LogOutputStream:75 - [STDERR_REDIRECT] [Fatal Error] :1:1: Premature end of file.
2026-09-06 23:47:23,249 [ERROR] LogOutputStream:75 - [STDERR_REDIRECT] 
2026-09-06 23:47:24,248 [ERROR] LogOutputStream:75 - [STDERR_REDIRECT] [Fatal Error] :1:1: Premature end of file.
2026-09-06 23:47:24,248 [ERROR] LogOutputStream:75 - [STDERR_REDIRECT] 
2026-09-06 23:47:25,251 [ERROR] LogOutputStream:75 - [STDERR_REDIRECT] [Fatal Error] :1:1: Premature end of file.
2026-09-06 23:47:25,251 [ERROR] LogOutputStream:75 - [STDERR_REDIRECT] 
2026-09-06 23:47:26,248 [ERROR] LogOutputStream:75 - [STDERR_REDIRECT] [Fatal Error] :1:1: Premature end of file.
2026-09-06 23:47:26,249 [ERROR] LogOutputStream:75 - [STDERR_REDIRECT] 
2026-09-06 23:47:27,250 [ERROR] LogOutputStream:75 - [STDERR_REDIRECT] [Fatal Error] :1:1: Premature end of file.
2026-09-06 23:47:27,250 [ERROR] LogOutputStream:75 - [STDERR_REDIRECT] 
2026-09-06 23:47:28,248 [ERROR] LogOutputStream:75 - [STDERR_REDIRECT] [Fatal Error] :1:1: Premature end of file.
2026-09-06 23:47:28,248 [ERROR] LogOutputStream:75 - [STDERR_REDIRECT] 
2026-09-06 23:47:29,249 [ERROR] LogOutputStream:75 - [STDERR_REDIRECT] [Fatal Error] :1:1: Premature end of file.
2026-09-06 23:47:29,249 [ERROR] LogOutputStream:75 - [STDERR_REDIRECT] 
2026-09-06 23:47:30,248 [ERROR] LogOutputStream:75 - [STDERR_REDIRECT] [Fatal Error] :1:1: Premature end of file.
2026-09-06 23:47:30,258 [ERROR] LogOutputStream:75 - [STDERR_REDIRECT] 
2026-09-06 23:47:31,249 [ERROR] LogOutputStream:75 - [STDERR_REDIRECT] [Fatal Error] :1:1: Premature end of file.
2026-09-06 23:47:31,249 [ERROR] LogOutputStream:75 - [STDERR_REDIRECT] 
2026-09-06 23:47:32,250 [ERROR] LogOutputStream:75 - [STDERR_REDIRECT] [Fatal Error] :1:1: Premature end of file.
2026-09-06 23:47:32,251 [ERROR] LogOutputStream:75 - [STDERR_REDIRECT] 
2026-09-06 23:47:33,249 [ERROR] LogOutputStream:75 - [STDERR_REDIRECT] [Fatal Error] :1:1: Premature end of file.
2026-09-06 23:47:33,249 [ERROR] LogOutputStream:75 - [STDERR_REDIRECT] 
2026-09-06 23:47:34,248 [ERROR] LogOutputStream:75 - [STDERR_REDIRECT] [Fatal Error] :1:1: Premature end of file.
2026-09-06 23:47:34,248 [ERROR] LogOutputStream:75 - [STDERR_REDIRECT] 
2026-09-06 23:47:35,250 [ERROR] LogOutputStream:75 - [STDERR_REDIRECT] [Fatal Error] :1:1: Premature end of file.
2026-09-06 23:47:35,250 [ERROR] LogOutputStream:75 - [STDERR_REDIRECT] 
2026-09-06 23:47:36,249 [ERROR] LogOutputStream:75 - [STDERR_REDIRECT] [Fatal Error] :1:1: Premature end of file.
2026-09-06 23:47:36,249 [ERROR] LogOutputStream:75 - [STDERR_REDIRECT] 
2026-09-06 23:47:37,250 [ERROR] LogOutputStream:75 - [STDERR_REDIRECT] [Fatal Error] :1:1: Premature end of file.
2026-09-06 23:47:37,250 [ERROR] LogOutputStream:75 - [STDERR_REDIRECT] 
2026-09-06 23:47:38,248 [ERROR] LogOutputStream:75 - [STDERR_REDIRECT] [Fatal Error] :1:1: Premature end of file.
2026-09-06 23:47:38,248 [ERROR] LogOutputStream:75 - [STDERR_REDIRECT] 
2026-09-06 23:47:39,249 [ERROR] LogOutputStream:75 - [STDERR_REDIRECT] [Fatal Error] :1:1: Premature end of file.
2026-09-06 23:47:39,249 [ERROR] LogOutputStream:75 - [STDERR_REDIRECT] 
2026-09-06 23:47:40,249 [ERROR] LogOutputStream:75 - [STDERR_REDIRECT] [Fatal Error] :1:1: Premature end of file.
2026-09-06 23:47:40,250 [ERROR] LogOutputStream:75 - [STDERR_REDIRECT] 
2026-09-06 23:47:41,249 [ERROR] LogOutputStream:75 - [STDERR_REDIRECT] [Fatal Error] :1:1: Premature end of file.
2026-09-06 23:47:41,249 [ERROR] LogOutputStream:75 - [STDERR_REDIRECT] 
2026-09-06 23:47:42,249 [ERROR] LogOutputStream:75 - [STDERR_REDIRECT] [Fatal Error] :1:1: Premature end of file.
2026-09-06 23:47:42,249 [ERROR] LogOutputStream:75 - [STDERR_REDIRECT] 
2026-09-06 23:47:43,250 [ERROR] LogOutputStream:75 - [STDERR_REDIRECT] [Fatal Error] :1:1: Premature end of file.
2026-09-06 23:47:43,250 [ERROR] LogOutputStream:75 - [STDERR_REDIRECT] 
2026-09-06 23:47:44,248 [ERROR] LogOutputStream:75 - [STDERR_REDIRECT] [Fatal Error] :1:1: Premature end of file.
2026-09-06 23:47:44,248 [ERROR] LogOutputStream:75 - [STDERR_REDIRECT] 
2026-09-06 23:47:45,248 [ERROR] LogOutputStream:75 - [STDERR_REDIRECT] [Fatal Error] :1:1: Premature end of file.
2026-09-06 23:47:45,256 [ERROR] LogOutputStream:75 - [STDERR_REDIRECT] 
2026-09-06 23:47:46,249 [ERROR] LogOutputStream:75 - [STDERR_REDIRECT] [Fatal Error] :1:1: Premature end of file.
2026-09-06 23:47:46,249 [ERROR] LogOutputStream:75 - [STDERR_REDIRECT] 
2026-09-06 23:47:47,248 [ERROR] LogOutputStream:75 - [STDERR_REDIRECT] [Fatal Error] :1:1: Premature end of file.
2026-09-06 23:47:47,248 [ERROR] LogOutputStream:75 - [STDERR_REDIRECT] 
2026-09-06 23:47:48,250 [ERROR] LogOutputStream:75 - [STDERR_REDIRECT] [Fatal Error] :1:1: Premature end of file.
2026-09-06 23:47:48,250 [ERROR] LogOutputStream:75 - [STDERR_REDIRECT] 
2026-09-06 23:47:49,250 [ERROR] LogOutputStream:75 - [STDERR_REDIRECT] [Fatal Error] :1:1: Premature end of file.
2026-09-06 23:47:49,250 [ERROR] LogOutputStream:75 - [STDERR_REDIRECT] 
2026-09-06 23:47:50,249 [ERROR] LogOutputStream:75 - [STDERR_REDIRECT] [Fatal Error] :1:1: Premature end of file.
2026-09-06 23:47:50,249 [ERROR] LogOutputStream:75 - [STDERR_REDIRECT] 
2026-09-06 23:47:51,248 [ERROR] LogOutputStream:75 - [STDERR_REDIRECT] [Fatal Error] :1:1: Premature end of file.
2026-09-06 23:47:51,248 [ERROR] LogOutputStream:75 - [STDERR_REDIRECT] 
2026-09-06 23:47:52,250 [ERROR] LogOutputStream:75 - [STDERR_REDIRECT] [Fatal Error] :1:1: Premature end of file.
2026-09-06 23:47:52,250 [ERROR] LogOutputStream:75 - [STDERR_REDIRECT] 
2026-09-06 23:47:53,248 [ERROR] LogOutputStream:75 - [STDERR_REDIRECT] [Fatal Error] :1:1: Premature end of file.
2026-09-06 23:47:53,248 [ERROR] LogOutputStream:75 - [STDERR_REDIRECT] 
2026-09-06 23:47:54,249 [ERROR] LogOutputStream:75 - [STDERR_REDIRECT] [Fatal Error] :1:1: Premature end of file.
2026-09-06 23:47:54,249 [ERROR] LogOutputStream:75 - [STDERR_REDIRECT] 
2026-09-06 23:47:55,249 [ERROR] LogOutputStream:75 - [STDERR_REDIRECT] [Fatal Error] :1:1: Premature end of file.
2026-09-06 23:47:55,249 [ERROR] LogOutputStream:75 - [STDERR_REDIRECT] 
2026-09-06 23:47:56,249 [ERROR] LogOutputStream:75 - [STDERR_REDIRECT] [Fatal Error] :1:1: Premature end of file.
2026-09-06 23:47:56,249 [ERROR] LogOutputStream:75 - [STDERR_REDIRECT] 
2026-09-06 23:47:57,249 [ERROR] LogOutputStream:75 - [STDERR_REDIRECT] [Fatal Error] :1:1: Premature end of file.
2026-09-06 23:47:57,249 [ERROR] LogOutputStream:75 - [STDERR_REDIRECT] 
2026-09-06 23:47:58,248 [ERROR] LogOutputStream:75 - [STDERR_REDIRECT] [Fatal Error] :1:1: Premature end of file.
2026-09-06 23:47:58,248 [ERROR] LogOutputStream:75 - [STDERR_REDIRECT] 
2026-09-06 23:47:59,249 [ERROR] LogOutputStream:75 - [STDERR_REDIRECT] [Fatal Error] :1:1: Premature end of file.
2026-09-06 23:47:59,249 [ERROR] LogOutputStream:75 - [STDERR_REDIRECT] 
2026-09-06 23:48:00,251 [ERROR] LogOutputStream:75 - [STDERR_REDIRECT] [Fatal Error] :1:1: Premature end of file.
2026-09-06 23:48:00,251 [ERROR] LogOutputStream:75 - [STDERR_REDIRECT] 
2026-09-06 23:48:01,248 [ERROR] LogOutputStream:75 - [STDERR_REDIRECT] [Fatal Error] :1:1: Premature end of file.
2026-09-06 23:48:01,248 [ERROR] LogOutputStream:75 - [STDERR_REDIRECT] 
2026-09-06 23:48:02,250 [ERROR] LogOutputStream:75 - [STDERR_REDIRECT] [Fatal Error] :1:1: Premature end of file.
2026-09-06 23:48:02,250 [ERROR] LogOutputStream:75 - [STDERR_REDIRECT] 
2026-09-06 23:48:03,250 [ERROR] LogOutputStream:75 - [STDERR_REDIRECT] [Fatal Error] :1:1: Premature end of file.
2026-09-06 23:48:03,250 [ERROR] LogOutputStream:75 - [STDERR_REDIRECT] 
2026-09-06 23:48:04,251 [ERROR] LogOutputStream:75 - [STDERR_REDIRECT] [Fatal Error] :1:1: Premature end of file.
2026-09-06 23:48:04,251 [ERROR] LogOutputStream:75 - [STDERR_REDIRECT] 
2026-09-06 23:48:05,250 [ERROR] LogOutputStream:75 - [STDERR_REDIRECT] [Fatal Error] :1:1: Premature end of file.
2026-09-06 23:48:05,250 [ERROR] LogOutputStream:75 - [STDERR_REDIRECT] 
2026-09-06 23:48:06,250 [ERROR] LogOutputStream:75 - [STDERR_REDIRECT] [Fatal Error] :1:1: Premature end of file.
2026-09-06 23:48:06,250 [ERROR] LogOutputStream:75 - [STDERR_REDIRECT] 
2026-09-06 23:48:07,253 [ERROR] LogOutputStream:75 - [STDERR_REDIRECT] [Fatal Error] :1:1: Premature end of file.
2026-09-06 23:48:07,253 [ERROR] LogOutputStream:75 - [STDERR_REDIRECT] 
2026-09-06 23:48:08,249 [ERROR] LogOutputStream:75 - [STDERR_REDIRECT] [Fatal Error] :1:1: Premature end of file.
2026-09-06 23:48:08,249 [ERROR] LogOutputStream:75 - [STDERR_REDIRECT] 
2026-09-06 23:48:09,249 [ERROR] LogOutputStream:75 - [STDERR_REDIRECT] [Fatal Error] :1:1: Premature end of file.
2026-09-06 23:48:09,249 [ERROR] LogOutputStream:75 - [STDERR_REDIRECT] 
2026-09-06 23:48:10,250 [ERROR] LogOutputStream:75 - [STDERR_REDIRECT] [Fatal Error] :1:1: Premature end of file.
2026-09-06 23:48:10,250 [ERROR] LogOutputStream:75 - [STDERR_REDIRECT] 
2026-09-06 23:48:11,249 [ERROR] LogOutputStream:75 - [STDERR_REDIRECT] [Fatal Error] :1:1: Premature end of file.
2026-09-06 23:48:11,249 [ERROR] LogOutputStream:75 - [STDERR_REDIRECT] 
2026-09-06 23:48:12,248 [ERROR] LogOutputStream:75 - [STDERR_REDIRECT] [Fatal Error] :1:1: Premature end of file.
2026-09-06 23:48:12,248 [ERROR] LogOutputStream:75 - [STDERR_REDIRECT] 
2026-09-06 23:48:13,249 [ERROR] LogOutputStream:75 - [STDERR_REDIRECT] [Fatal Error] :1:1: Premature end of file.
2026-09-06 23:48:13,249 [ERROR] LogOutputStream:75 - [STDERR_REDIRECT] 
2026-09-06 23:48:14,250 [ERROR] LogOutputStream:75 - [STDERR_REDIRECT] [Fatal Error] :1:1: Premature end of file.
2026-09-06 23:48:14,250 [ERROR] LogOutputStream:75 - [STDERR_REDIRECT] 
2026-09-06 23:48:15,248 [ERROR] LogOutputStream:75 - [STDERR_REDIRECT] [Fatal Error] :1:1: Premature end of file.
2026-09-06 23:48:15,248 [ERROR] LogOutputStream:75 - [STDERR_REDIRECT] 
2026-09-06 23:48:16,249 [ERROR] LogOutputStream:75 - [STDERR_REDIRECT] [Fatal Error] :1:1: Premature end of file.
2026-09-06 23:48:16,249 [ERROR] LogOutputStream:75 - [STDERR_REDIRECT] 
2026-09-06 23:48:17,249 [ERROR] LogOutputStream:75 - [STDERR_REDIRECT] [Fatal Error] :1:1: Premature end of file.
2026-09-06 23:48:17,249 [ERROR] LogOutputStream:75 - [STDERR_REDIRECT] 
2026-09-06 23:48:18,249 [ERROR] LogOutputStream:75 - [STDERR_REDIRECT] [Fatal Error] :1:1: Premature end of file.
2026-09-06 23:48:18,249 [ERROR] LogOutputStream:75 - [STDERR_REDIRECT] 
2026-09-06 23:48:19,250 [ERROR] LogOutputStream:75 - [STDERR_REDIRECT] [Fatal Error] :1:1: Premature end of file.
2026-09-06 23:48:19,250 [ERROR] LogOutputStream:75 - [STDERR_REDIRECT] 
2026-09-06 23:48:20,250 [ERROR] LogOutputStream:75 - [STDERR_REDIRECT] [Fatal Error] :1:1: Premature end of file.
2026-09-06 23:48:20,250 [ERROR] LogOutputStream:75 - [STDERR_REDIRECT] 
2026-09-06 23:48:21,249 [ERROR] LogOutputStream:75 - [STDERR_REDIRECT] [Fatal Error] :1:1: Premature end of file.
2026-09-06 23:48:21,249 [ERROR] LogOutputStream:75 - [STDERR_REDIRECT] 
2026-09-06 23:48:22,249 [ERROR] LogOutputStream:75 - [STDERR_REDIRECT] [Fatal Error] :1:1: Premature end of file.
2026-09-06 23:48:22,249 [ERROR] LogOutputStream:75 - [STDERR_REDIRECT] 
2026-09-06 23:48:23,249 [ERROR] LogOutputStream:75 - [STDERR_REDIRECT] [Fatal Error] :1:1: Premature end of file.
2026-09-06 23:48:23,249 [ERROR] LogOutputStream:75 - [STDERR_REDIRECT] 
2026-09-06 23:48:24,249 [ERROR] LogOutputStream:75 - [STDERR_REDIRECT] [Fatal Error] :1:1: Premature end of file.
2026-09-06 23:48:24,249 [ERROR] LogOutputStream:75 - [STDERR_REDIRECT] 
2026-09-06 23:48:25,249 [ERROR] LogOutputStream:75 - [STDERR_REDIRECT] [Fatal Error] :1:1: Premature end of file.
2026-09-06 23:48:25,249 [ERROR] LogOutputStream:75 - [STDERR_REDIRECT] 
2026-09-06 23:48:26,250 [ERROR] LogOutputStream:75 - [STDERR_REDIRECT] [Fatal Error] :1:1: Premature end of file.
2026-09-06 23:48:26,250 [ERROR] LogOutputStream:75 - [STDERR_REDIRECT] 
2026-09-06 23:48:27,250 [ERROR] LogOutputStream:75 - [STDERR_REDIRECT] [Fatal Error] :1:1: Premature end of file.
2026-09-06 23:48:27,250 [ERROR] LogOutputStream:75 - [STDERR_REDIRECT] 
2026-09-06 23:48:28,249 [ERROR] LogOutputStream:75 - [STDERR_REDIRECT] [Fatal Error] :1:1: Premature end of file.
2026-09-06 23:48:28,249 [ERROR] LogOutputStream:75 - [STDERR_REDIRECT] 
2026-09-06 23:48:29,249 [ERROR] LogOutputStream:75 - [STDERR_REDIRECT] [Fatal Error] :1:1: Premature end of file.
2026-09-06 23:48:29,249 [ERROR] LogOutputStream:75 - [STDERR_REDIRECT] 
2026-09-06 23:48:30,248 [ERROR] LogOutputStream:75 - [STDERR_REDIRECT] [Fatal Error] :1:1: Premature end of file.
2026-09-06 23:48:30,248 [ERROR] LogOutputStream:75 - [STDERR_REDIRECT] 
2026-09-06 23:48:31,248 [ERROR] LogOutputStream:75 - [STDERR_REDIRECT] [Fatal Error] :1:1: Premature end of file.
2026-09-06 23:48:31,249 [ERROR] LogOutputStream:75 - [STDERR_REDIRECT] 
2026-09-06 23:48:32,250 [ERROR] LogOutputStream:75 - [STDERR_REDIRECT] [Fatal Error] :1:1: Premature end of file.
2026-09-06 23:48:32,250 [ERROR] LogOutputStream:75 - [STDERR_REDIRECT] 
2026-09-06 23:48:33,248 [ERROR] LogOutputStream:75 - [STDERR_REDIRECT] [Fatal Error] :1:1: Premature end of file.
2026-09-06 23:48:33,248 [ERROR] LogOutputStream:75 - [STDERR_REDIRECT] 
2026-09-06 23:48:34,249 [ERROR] LogOutputStream:75 - [STDERR_REDIRECT] [Fatal Error] :1:1: Premature end of file.
2026-09-06 23:48:34,249 [ERROR] LogOutputStream:75 - [STDERR_REDIRECT] 
2026-09-06 23:48:35,249 [ERROR] LogOutputStream:75 - [STDERR_REDIRECT] [Fatal Error] :1:1: Premature end of file.
2026-09-06 23:48:35,249 [ERROR] LogOutputStream:75 - [STDERR_REDIRECT] 
2026-09-06 23:48:36,247 [ERROR] LogOutputStream:75 - [STDERR_REDIRECT] [Fatal Error] :1:1: Premature end of file.
2026-09-06 23:48:36,247 [ERROR] LogOutputStream:75 - [STDERR_REDIRECT] 
2026-09-06 23:48:37,250 [ERROR] LogOutputStream:75 - [STDERR_REDIRECT] [Fatal Error] :1:1: Premature end of file.
2026-09-06 23:48:37,250 [ERROR] LogOutputStream:75 - [STDERR_REDIRECT] 
2026-09-06 23:48:38,250 [ERROR] LogOutputStream:75 - [STDERR_REDIRECT] [Fatal Error] :1:1: Premature end of file.
2026-09-06 23:48:38,250 [ERROR] LogOutputStream:75 - [STDERR_REDIRECT] 
2026-09-06 23:48:39,250 [ERROR] LogOutputStream:75 - [STDERR_REDIRECT] [Fatal Error] :1:1: Premature end of file.
2026-09-06 23:48:39,250 [ERROR] LogOutputStream:75 - [STDERR_REDIRECT] 
2026-09-06 23:48:40,249 [ERROR] LogOutputStream:75 - [STDERR_REDIRECT] [Fatal Error] :1:1: Premature end of file.
2026-09-06 23:48:40,249 [ERROR] LogOutputStream:75 - [STDERR_REDIRECT] 
2026-09-06 23:48:41,249 [ERROR] LogOutputStream:75 - [STDERR_REDIRECT] [Fatal Error] :1:1: Premature end of file.
2026-09-06 23:48:41,249 [ERROR] LogOutputStream:75 - [STDERR_REDIRECT] 
2026-09-06 23:48:42,249 [ERROR] LogOutputStream:75 - [STDERR_REDIRECT] [Fatal Error] :1:1: Premature end of file.
2026-09-06 23:48:42,249 [ERROR] LogOutputStream:75 - [STDERR_REDIRECT] 
2026-09-06 23:48:43,249 [ERROR] LogOutputStream:75 - [STDERR_REDIRECT] [Fatal Error] :1:1: Premature end of file.
2026-09-06 23:48:43,249 [ERROR] LogOutputStream:75 - [STDERR_REDIRECT] 
2026-09-06 23:48:44,249 [ERROR] LogOutputStream:75 - [STDERR_REDIRECT] [Fatal Error] :1:1: Premature end of file.
2026-09-06 23:48:44,249 [ERROR] LogOutputStream:75 - [STDERR_REDIRECT] 
2026-09-06 23:48:45,250 [ERROR] LogOutputStream:75 - [STDERR_REDIRECT] [Fatal Error] :1:1: Premature end of file.
2026-09-06 23:48:45,250 [ERROR] LogOutputStream:75 - [STDERR_REDIRECT] 
2026-09-06 23:48:46,252 [ERROR] LogOutputStream:75 - [STDERR_REDIRECT] [Fatal Error] :1:1: Premature end of file.
2026-09-06 23:48:46,252 [ERROR] LogOutputStream:75 - [STDERR_REDIRECT] 
2026-09-06 23:48:47,251 [ERROR] LogOutputStream:75 - [STDERR_REDIRECT] [Fatal Error] :1:1: Premature end of file.
2026-09-06 23:48:47,251 [ERROR] LogOutputStream:75 - [STDERR_REDIRECT] 
2026-09-06 23:48:48,249 [ERROR] LogOutputStream:75 - [STDERR_REDIRECT] [Fatal Error] :1:1: Premature end of file.
2026-09-06 23:48:48,249 [ERROR] LogOutputStream:75 - [STDERR_REDIRECT] 
2026-09-06 23:48:49,249 [ERROR] LogOutputStream:75 - [STDERR_REDIRECT] [Fatal Error] :1:1: Premature end of file.
2026-09-06 23:48:49,250 [ERROR] LogOutputStream:75 - [STDERR_REDIRECT] 
2026-09-06 23:48:50,249 [ERROR] LogOutputStream:75 - [STDERR_REDIRECT] [Fatal Error] :1:1: Premature end of file.
2026-09-06 23:48:50,249 [ERROR] LogOutputStream:75 - [STDERR_REDIRECT] 
2026-09-06 23:48:51,250 [ERROR] LogOutputStream:75 - [STDERR_REDIRECT] [Fatal Error] :1:1: Premature end of file.
2026-09-06 23:48:51,250 [ERROR] LogOutputStream:75 - [STDERR_REDIRECT] 
2026-09-06 23:48:52,249 [ERROR] LogOutputStream:75 - [STDERR_REDIRECT] [Fatal Error] :1:1: Premature end of file.
2026-09-06 23:48:52,249 [ERROR] LogOutputStream:75 - [STDERR_REDIRECT] 
2026-09-06 23:48:53,251 [ERROR] LogOutputStream:75 - [STDERR_REDIRECT] [Fatal Error] :1:1: Premature end of file.
2026-09-06 23:48:53,251 [ERROR] LogOutputStream:75 - [STDERR_REDIRECT] 
2026-09-06 23:48:54,250 [ERROR] LogOutputStream:75 - [STDERR_REDIRECT] [Fatal Error] :1:1: Premature end of file.
2026-09-06 23:48:54,251 [ERROR] LogOutputStream:75 - [STDERR_REDIRECT] 
2026-09-06 23:48:55,252 [ERROR] LogOutputStream:75 - [STDERR_REDIRECT] [Fatal Error] :1:1: Premature end of file.
2026-09-06 23:48:55,252 [ERROR] LogOutputStream:75 - [STDERR_REDIRECT] 
2026-09-06 23:48:56,251 [ERROR] LogOutputStream:75 - [STDERR_REDIRECT] [Fatal Error] :1:1: Premature end of file.
2026-09-06 23:48:56,251 [ERROR] LogOutputStream:75 - [STDERR_REDIRECT] 
2026-09-06 23:48:57,250 [ERROR] LogOutputStream:75 - [STDERR_REDIRECT] [Fatal Error] :1:1: Premature end of file.
2026-09-06 23:48:57,250 [ERROR] LogOutputStream:75 - [STDERR_REDIRECT] 
2026-09-06 23:48:58,250 [ERROR] LogOutputStream:75 - [STDERR_REDIRECT] [Fatal Error] :1:1: Premature end of file.
2026-09-06 23:48:58,250 [ERROR] LogOutputStream:75 - [STDERR_REDIRECT] 
2026-09-06 23:48:59,251 [ERROR] LogOutputStream:75 - [STDERR_REDIRECT] [Fatal Error] :1:1: Premature end of file.
2026-09-06 23:48:59,251 [ERROR] LogOutputStream:75 - [STDERR_REDIRECT] 
2026-09-06 23:49:00,250 [ERROR] LogOutputStream:75 - [STDERR_REDIRECT] [Fatal Error] :1:1: Premature end of file.
2026-09-06 23:49:00,250 [ERROR] LogOutputStream:75 - [STDERR_REDIRECT] 
2026-09-06 23:49:01,250 [ERROR] LogOutputStream:75 - [STDERR_REDIRECT] [Fatal Error] :1:1: Premature end of file.
2026-09-06 23:49:01,250 [ERROR] LogOutputStream:75 - [STDERR_REDIRECT] 
2026-09-06 23:49:02,249 [ERROR] LogOutputStream:75 - [STDERR_REDIRECT] [Fatal Error] :1:1: Premature end of file.
2026-09-06 23:49:02,249 [ERROR] LogOutputStream:75 - [STDERR_REDIRECT] 
2026-09-06 23:49:03,251 [ERROR] LogOutputStream:75 - [STDERR_REDIRECT] [Fatal Error] :1:1: Premature end of file.
2026-09-06 23:49:03,251 [ERROR] LogOutputStream:75 - [STDERR_REDIRECT] 
2026-09-06 23:49:04,250 [ERROR] LogOutputStream:75 - [STDERR_REDIRECT] [Fatal Error] :1:1: Premature end of file.
2026-09-06 23:49:04,251 [ERROR] LogOutputStream:75 - [STDERR_REDIRECT] 
2026-09-06 23:49:05,248 [ERROR] LogOutputStream:75 - [STDERR_REDIRECT] [Fatal Error] :1:1: Premature end of file.
2026-09-06 23:49:05,249 [ERROR] LogOutputStream:75 - [STDERR_REDIRECT] 
2026-09-06 23:49:06,250 [ERROR] LogOutputStream:75 - [STDERR_REDIRECT] [Fatal Error] :1:1: Premature end of file.
2026-09-06 23:49:06,250 [ERROR] LogOutputStream:75 - [STDERR_REDIRECT] 
2026-09-06 23:49:07,253 [ERROR] LogOutputStream:75 - [STDERR_REDIRECT] [Fatal Error] :1:1: Premature end of file.
2026-09-06 23:49:07,253 [ERROR] LogOutputStream:75 - [STDERR_REDIRECT] 
2026-09-06 23:49:08,250 [ERROR] LogOutputStream:75 - [STDERR_REDIRECT] [Fatal Error] :1:1: Premature end of file.
2026-09-06 23:49:08,250 [ERROR] LogOutputStream:75 - [STDERR_REDIRECT] 
2026-09-06 23:49:09,250 [ERROR] LogOutputStream:75 - [STDERR_REDIRECT] [Fatal Error] :1:1: Premature end of file.
2026-09-06 23:49:09,250 [ERROR] LogOutputStream:75 - [STDERR_REDIRECT] 
2026-09-06 23:49:10,251 [ERROR] LogOutputStream:75 - [STDERR_REDIRECT] [Fatal Error] :1:1: Premature end of file.
2026-09-06 23:49:10,251 [ERROR] LogOutputStream:75 - [STDERR_REDIRECT] 
2026-09-06 23:49:11,249 [ERROR] LogOutputStream:75 - [STDERR_REDIRECT] [Fatal Error] :1:1: Premature end of file.
2026-09-06 23:49:11,249 [ERROR] LogOutputStream:75 - [STDERR_REDIRECT] 
2026-09-06 23:49:12,250 [ERROR] LogOutputStream:75 - [STDERR_REDIRECT] [Fatal Error] :1:1: Premature end of file.
2026-09-06 23:49:12,250 [ERROR] LogOutputStream:75 - [STDERR_REDIRECT] 
2026-09-06 23:49:13,250 [ERROR] LogOutputStream:75 - [STDERR_REDIRECT] [Fatal Error] :1:1: Premature end of file.
2026-09-06 23:49:13,251 [ERROR] LogOutputStream:75 - [STDERR_REDIRECT] 
2026-09-06 23:49:14,249 [ERROR] LogOutputStream:75 - [STDERR_REDIRECT] [Fatal Error] :1:1: Premature end of file.
2026-09-06 23:49:14,250 [ERROR] LogOutputStream:75 - [STDERR_REDIRECT] 
2026-09-06 23:49:15,250 [ERROR] LogOutputStream:75 - [STDERR_REDIRECT] [Fatal Error] :1:1: Premature end of file.
2026-09-06 23:49:15,250 [ERROR] LogOutputStream:75 - [STDERR_REDIRECT] 
2026-09-06 23:49:16,249 [ERROR] LogOutputStream:75 - [STDERR_REDIRECT] [Fatal Error] :1:1: Premature end of file.
2026-09-06 23:49:16,249 [ERROR] LogOutputStream:75 - [STDERR_REDIRECT] 
2026-09-06 23:49:17,249 [ERROR] LogOutputStream:75 - [STDERR_REDIRECT] [Fatal Error] :1:1: Premature end of file.
2026-09-06 23:49:17,250 [ERROR] LogOutputStream:75 - [STDERR_REDIRECT] 
2026-09-06 23:49:18,249 [ERROR] LogOutputStream:75 - [STDERR_REDIRECT] [Fatal Error] :1:1: Premature end of file.
2026-09-06 23:49:18,249 [ERROR] LogOutputStream:75 - [STDERR_REDIRECT] 
2026-09-06 23:49:19,249 [ERROR] LogOutputStream:75 - [STDERR_REDIRECT] [Fatal Error] :1:1: Premature end of file.
2026-09-06 23:49:19,249 [ERROR] LogOutputStream:75 - [STDERR_REDIRECT] 
2026-09-06 23:49:20,249 [ERROR] LogOutputStream:75 - [STDERR_REDIRECT] [Fatal Error] :1:1: Premature end of file.
2026-09-06 23:49:20,249 [ERROR] LogOutputStream:75 - [STDERR_REDIRECT] 
2026-09-06 23:49:21,249 [ERROR] LogOutputStream:75 - [STDERR_REDIRECT] [Fatal Error] :1:1: Premature end of file.
2026-09-06 23:49:21,249 [ERROR] LogOutputStream:75 - [STDERR_REDIRECT] 
2026-09-06 23:49:22,250 [ERROR] LogOutputStream:75 - [STDERR_REDIRECT] [Fatal Error] :1:1: Premature end of file.
2026-09-06 23:49:22,250 [ERROR] LogOutputStream:75 - [STDERR_REDIRECT] 
2026-09-06 23:49:23,250 [ERROR] LogOutputStream:75 - [STDERR_REDIRECT] [Fatal Error] :1:1: Premature end of file.
2026-09-06 23:49:23,250 [ERROR] LogOutputStream:75 - [STDERR_REDIRECT] 
2026-09-06 23:49:24,249 [ERROR] LogOutputStream:75 - [STDERR_REDIRECT] [Fatal Error] :1:1: Premature end of file.
2026-09-06 23:49:24,249 [ERROR] LogOutputStream:75 - [STDERR_REDIRECT] 
2026-09-06 23:49:25,250 [ERROR] LogOutputStream:75 - [STDERR_REDIRECT] [Fatal Error] :1:1: Premature end of file.
2026-09-06 23:49:25,251 [ERROR] LogOutputStream:75 - [STDERR_REDIRECT] 
2026-09-06 23:49:26,249 [ERROR] LogOutputStream:75 - [STDERR_REDIRECT] [Fatal Error] :1:1: Premature end of file.
2026-09-06 23:49:26,249 [ERROR] LogOutputStream:75 - [STDERR_REDIRECT] 
2026-09-06 23:49:27,249 [ERROR] LogOutputStream:75 - [STDERR_REDIRECT] [Fatal Error] :1:1: Premature end of file.
2026-09-06 23:49:27,249 [ERROR] LogOutputStream:75 - [STDERR_REDIRECT] 
2026-09-06 23:49:28,250 [ERROR] LogOutputStream:75 - [STDERR_REDIRECT] [Fatal Error] :1:1: Premature end of file.
2026-09-06 23:49:28,250 [ERROR] LogOutputStream:75 - [STDERR_REDIRECT] 
2026-09-06 23:49:29,249 [ERROR] LogOutputStream:75 - [STDERR_REDIRECT] [Fatal Error] :1:1: Premature end of file.
2026-09-06 23:49:29,249 [ERROR] LogOutputStream:75 - [STDERR_REDIRECT] 
2026-09-06 23:49:30,250 [ERROR] LogOutputStream:75 - [STDERR_REDIRECT] [Fatal Error] :1:1: Premature end of file.
2026-09-06 23:49:30,250 [ERROR] LogOutputStream:75 - [STDERR_REDIRECT] 
2026-09-06 23:49:31,249 [ERROR] LogOutputStream:75 - [STDERR_REDIRECT] [Fatal Error] :1:1: Premature end of file.
2026-09-06 23:49:31,249 [ERROR] LogOutputStream:75 - [STDERR_REDIRECT] 
2026-09-06 23:49:32,252 [ERROR] LogOutputStream:75 - [STDERR_REDIRECT] [Fatal Error] :1:1: Premature end of file.
2026-09-06 23:49:32,252 [ERROR] LogOutputStream:75 - [STDERR_REDIRECT] 
2026-09-06 23:49:33,250 [ERROR] LogOutputStream:75 - [STDERR_REDIRECT] [Fatal Error] :1:1: Premature end of file.
2026-09-06 23:49:33,250 [ERROR] LogOutputStream:75 - [STDERR_REDIRECT] 
2026-09-06 23:49:34,250 [ERROR] LogOutputStream:75 - [STDERR_REDIRECT] [Fatal Error] :1:1: Premature end of file.
2026-09-06 23:49:34,250 [ERROR] LogOutputStream:75 - [STDERR_REDIRECT] 
2026-09-06 23:49:35,253 [ERROR] LogOutputStream:75 - [STDERR_REDIRECT] [Fatal Error] :1:1: Premature end of file.
2026-09-06 23:49:35,253 [ERROR] LogOutputStream:75 - [STDERR_REDIRECT] 
2026-09-06 23:49:36,250 [ERROR] LogOutputStream:75 - [STDERR_REDIRECT] [Fatal Error] :1:1: Premature end of file.
2026-09-06 23:49:36,250 [ERROR] LogOutputStream:75 - [STDERR_REDIRECT] 
2026-09-06 23:49:37,254 [ERROR] LogOutputStream:75 - [STDERR_REDIRECT] [Fatal Error] :1:1: Premature end of file.
2026-09-06 23:49:37,255 [ERROR] LogOutputStream:75 - [STDERR_REDIRECT] 
2026-09-06 23:49:38,256 [ERROR] LogOutputStream:75 - [STDERR_REDIRECT] [Fatal Error] :1:1: Premature end of file.
2026-09-06 23:49:38,257 [ERROR] LogOutputStream:75 - [STDERR_REDIRECT] 
2026-09-06 23:49:39,251 [ERROR] LogOutputStream:75 - [STDERR_REDIRECT] [Fatal Error] :1:1: Premature end of file.
2026-09-06 23:49:39,251 [ERROR] LogOutputStream:75 - [STDERR_REDIRECT] 
2026-09-06 23:49:40,250 [ERROR] LogOutputStream:75 - [STDERR_REDIRECT] [Fatal Error] :1:1: Premature end of file.
2026-09-06 23:49:40,250 [ERROR] LogOutputStream:75 - [STDERR_REDIRECT] 
2026-09-06 23:49:41,250 [ERROR] LogOutputStream:75 - [STDERR_REDIRECT] [Fatal Error] :1:1: Premature end of file.
2026-09-06 23:49:41,250 [ERROR] LogOutputStream:75 - [STDERR_REDIRECT] 
2026-09-06 23:49:42,251 [ERROR] LogOutputStream:75 - [STDERR_REDIRECT] [Fatal Error] :1:1: Premature end of file.
2026-09-06 23:49:42,251 [ERROR] LogOutputStream:75 - [STDERR_REDIRECT] 
2026-09-06 23:49:43,250 [ERROR] LogOutputStream:75 - [STDERR_REDIRECT] [Fatal Error] :1:1: Premature end of file.
2026-09-06 23:49:43,250 [ERROR] LogOutputStream:75 - [STDERR_REDIRECT] 
2026-09-06 23:49:44,249 [ERROR] LogOutputStream:75 - [STDERR_REDIRECT] [Fatal Error] :1:1: Premature end of file.
2026-09-06 23:49:44,249 [ERROR] LogOutputStream:75 - [STDERR_REDIRECT] 
2026-09-06 23:49:45,249 [ERROR] LogOutputStream:75 - [STDERR_REDIRECT] [Fatal Error] :1:1: Premature end of file.
2026-09-06 23:49:45,249 [ERROR] LogOutputStream:75 - [STDERR_REDIRECT] 
2026-09-06 23:49:46,250 [ERROR] LogOutputStream:75 - [STDERR_REDIRECT] [Fatal Error] :1:1: Premature end of file.
2026-09-06 23:49:46,251 [ERROR] LogOutputStream:75 - [STDERR_REDIRECT] 
2026-09-06 23:49:47,250 [ERROR] LogOutputStream:75 - [STDERR_REDIRECT] [Fatal Error] :1:1: Premature end of file.
2026-09-06 23:49:47,251 [ERROR] LogOutputStream:75 - [STDERR_REDIRECT] 
2026-09-06 23:49:48,250 [ERROR] LogOutputStream:75 - [STDERR_REDIRECT] [Fatal Error] :1:1: Premature end of file.
2026-09-06 23:49:48,250 [ERROR] LogOutputStream:75 - [STDERR_REDIRECT] 
2026-09-06 23:49:49,249 [ERROR] LogOutputStream:75 - [STDERR_REDIRECT] [Fatal Error] :1:1: Premature end of file.
2026-09-06 23:49:49,249 [ERROR] LogOutputStream:75 - [STDERR_REDIRECT] 
2026-09-06 23:49:50,251 [ERROR] LogOutputStream:75 - [STDERR_REDIRECT] [Fatal Error] :1:1: Premature end of file.
2026-09-06 23:49:50,251 [ERROR] LogOutputStream:75 - [STDERR_REDIRECT] 
2026-09-06 23:49:51,249 [ERROR] LogOutputStream:75 - [STDERR_REDIRECT] [Fatal Error] :1:1: Premature end of file.
2026-09-06 23:49:51,250 [ERROR] LogOutputStream:75 - [STDERR_REDIRECT] 
2026-09-06 23:49:52,253 [ERROR] LogOutputStream:75 - [STDERR_REDIRECT] [Fatal Error] :1:1: Premature end of file.
2026-09-06 23:49:52,253 [ERROR] LogOutputStream:75 - [STDERR_REDIRECT] 
2026-09-06 23:49:53,248 [ERROR] LogOutputStream:75 - [STDERR_REDIRECT] [Fatal Error] :1:1: Premature end of file.
2026-09-06 23:49:53,248 [ERROR] LogOutputStream:75 - [STDERR_REDIRECT] 
2026-09-06 23:49:54,248 [ERROR] LogOutputStream:75 - [STDERR_REDIRECT] [Fatal Error] :1:1: Premature end of file.
2026-09-06 23:49:54,249 [ERROR] LogOutputStream:75 - [STDERR_REDIRECT] 
2026-09-06 23:49:55,251 [ERROR] LogOutputStream:75 - [STDERR_REDIRECT] [Fatal Error] :1:1: Premature end of file.
2026-09-06 23:49:55,251 [ERROR] LogOutputStream:75 - [STDERR_REDIRECT] 
2026-09-06 23:49:56,251 [ERROR] LogOutputStream:75 - [STDERR_REDIRECT] [Fatal Error] :1:1: Premature end of file.
2026-09-06 23:49:56,251 [ERROR] LogOutputStream:75 - [STDERR_REDIRECT] 
2026-09-06 23:49:57,248 [ERROR] LogOutputStream:75 - [STDERR_REDIRECT] [Fatal Error] :1:1: Premature end of file.
2026-09-06 23:49:57,248 [ERROR] LogOutputStream:75 - [STDERR_REDIRECT] 
2026-09-06 23:49:58,250 [ERROR] LogOutputStream:75 - [STDERR_REDIRECT] [Fatal Error] :1:1: Premature end of file.
2026-09-06 23:49:58,250 [ERROR] LogOutputStream:75 - [STDERR_REDIRECT] 
2026-09-06 23:49:59,250 [ERROR] LogOutputStream:75 - [STDERR_REDIRECT] [Fatal Error] :1:1: Premature end of file.
2026-09-06 23:49:59,250 [ERROR] LogOutputStream:75 - [STDERR_REDIRECT] 
2026-09-06 23:50:00,250 [ERROR] LogOutputStream:75 - [STDERR_REDIRECT] [Fatal Error] :1:1: Premature end of file.
2026-09-06 23:50:00,250 [ERROR] LogOutputStream:75 - [STDERR_REDIRECT] 
2026-09-06 23:50:01,250 [ERROR] LogOutputStream:75 - [STDERR_REDIRECT] [Fatal Error] :1:1: Premature end of file.
2026-09-06 23:50:01,250 [ERROR] LogOutputStream:75 - [STDERR_REDIRECT] 
2026-09-06 23:50:02,250 [ERROR] LogOutputStream:75 - [STDERR_REDIRECT] [Fatal Error] :1:1: Premature end of file.
2026-09-06 23:50:02,250 [ERROR] LogOutputStream:75 - [STDERR_REDIRECT] 
2026-09-06 23:50:03,248 [ERROR] LogOutputStream:75 - [STDERR_REDIRECT] [Fatal Error] :1:1: Premature end of file.
2026-09-06 23:50:03,248 [ERROR] LogOutputStream:75 - [STDERR_REDIRECT] 
2026-09-06 23:50:04,249 [ERROR] LogOutputStream:75 - [STDERR_REDIRECT] [Fatal Error] :1:1: Premature end of file.
2026-09-06 23:50:04,249 [ERROR] LogOutputStream:75 - [STDERR_REDIRECT] 
2026-09-06 23:50:05,249 [ERROR] LogOutputStream:75 - [STDERR_REDIRECT] [Fatal Error] :1:1: Premature end of file.
2026-09-06 23:50:05,249 [ERROR] LogOutputStream:75 - [STDERR_REDIRECT] 
2026-09-06 23:50:06,249 [ERROR] LogOutputStream:75 - [STDERR_REDIRECT] [Fatal Error] :1:1: Premature end of file.
2026-09-06 23:50:06,249 [ERROR] LogOutputStream:75 - [STDERR_REDIRECT] 
2026-09-06 23:50:07,252 [ERROR] LogOutputStream:75 - [STDERR_REDIRECT] [Fatal Error] :1:1: Premature end of file.
2026-09-06 23:50:07,252 [ERROR] LogOutputStream:75 - [STDERR_REDIRECT] 
2026-09-06 23:50:08,253 [ERROR] LogOutputStream:75 - [STDERR_REDIRECT] [Fatal Error] :1:1: Premature end of file.
2026-09-06 23:50:08,253 [ERROR] LogOutputStream:75 - [STDERR_REDIRECT] 
2026-09-06 23:50:09,250 [ERROR] LogOutputStream:75 - [STDERR_REDIRECT] [Fatal Error] :1:1: Premature end of file.
2026-09-06 23:50:09,250 [ERROR] LogOutputStream:75 - [STDERR_REDIRECT] 
2026-09-06 23:50:10,249 [ERROR] LogOutputStream:75 - [STDERR_REDIRECT] [Fatal Error] :1:1: Premature end of file.
2026-09-06 23:50:10,249 [ERROR] LogOutputStream:75 - [STDERR_REDIRECT] 
2026-09-06 23:50:11,250 [ERROR] LogOutputStream:75 - [STDERR_REDIRECT] [Fatal Error] :1:1: Premature end of file.
2026-09-06 23:50:11,250 [ERROR] LogOutputStream:75 - [STDERR_REDIRECT] 
2026-09-06 23:50:12,250 [ERROR] LogOutputStream:75 - [STDERR_REDIRECT] [Fatal Error] :1:1: Premature end of file.
2026-09-06 23:50:12,250 [ERROR] LogOutputStream:75 - [STDERR_REDIRECT] 
2026-09-06 23:50:13,250 [ERROR] LogOutputStream:75 - [STDERR_REDIRECT] [Fatal Error] :1:1: Premature end of file.
2026-09-06 23:50:13,250 [ERROR] LogOutputStream:75 - [STDERR_REDIRECT] 
2026-09-06 23:50:14,254 [ERROR] LogOutputStream:75 - [STDERR_REDIRECT] [Fatal Error] :1:1: Premature end of file.
2026-09-06 23:50:14,254 [ERROR] LogOutputStream:75 - [STDERR_REDIRECT] 
2026-09-06 23:50:15,251 [ERROR] LogOutputStream:75 - [STDERR_REDIRECT] [Fatal Error] :1:1: Premature end of file.
2026-09-06 23:50:15,251 [ERROR] LogOutputStream:75 - [STDERR_REDIRECT] 
2026-09-06 23:50:16,252 [ERROR] LogOutputStream:75 - [STDERR_REDIRECT] [Fatal Error] :1:1: Premature end of file.
2026-09-06 23:50:16,252 [ERROR] LogOutputStream:75 - [STDERR_REDIRECT] 
2026-09-06 23:50:17,253 [ERROR] LogOutputStream:75 - [STDERR_REDIRECT] [Fatal Error] :1:1: Premature end of file.
2026-09-06 23:50:17,253 [ERROR] LogOutputStream:75 - [STDERR_REDIRECT] 
2026-09-06 23:50:18,250 [ERROR] LogOutputStream:75 - [STDERR_REDIRECT] [Fatal Error] :1:1: Premature end of file.
2026-09-06 23:50:18,250 [ERROR] LogOutputStream:75 - [STDERR_REDIRECT] 
2026-09-06 23:50:19,251 [ERROR] LogOutputStream:75 - [STDERR_REDIRECT] [Fatal Error] :1:1: Premature end of file.
2026-09-06 23:50:19,251 [ERROR] LogOutputStream:75 - [STDERR_REDIRECT] 
2026-09-06 23:50:20,250 [ERROR] LogOutputStream:75 - [STDERR_REDIRECT] [Fatal Error] :1:1: Premature end of file.
2026-09-06 23:50:20,250 [ERROR] LogOutputStream:75 - [STDERR_REDIRECT] 
2026-09-06 23:50:21,250 [ERROR] LogOutputStream:75 - [STDERR_REDIRECT] [Fatal Error] :1:1: Premature end of file.
2026-09-06 23:50:21,250 [ERROR] LogOutputStream:75 - [STDERR_REDIRECT] 
2026-09-06 23:50:22,251 [ERROR] LogOutputStream:75 - [STDERR_REDIRECT] [Fatal Error] :1:1: Premature end of file.
2026-09-06 23:50:22,251 [ERROR] LogOutputStream:75 - [STDERR_REDIRECT] 
2026-09-06 23:50:23,251 [ERROR] LogOutputStream:75 - [STDERR_REDIRECT] [Fatal Error] :1:1: Premature end of file.
2026-09-06 23:50:23,251 [ERROR] LogOutputStream:75 - [STDERR_REDIRECT] 
2026-09-06 23:50:24,251 [ERROR] LogOutputStream:75 - [STDERR_REDIRECT] [Fatal Error] :1:1: Premature end of file.
2026-09-06 23:50:24,251 [ERROR] LogOutputStream:75 - [STDERR_REDIRECT] 
2026-09-06 23:50:25,250 [ERROR] LogOutputStream:75 - [STDERR_REDIRECT] [Fatal Error] :1:1: Premature end of file.
2026-09-06 23:50:25,250 [ERROR] LogOutputStream:75 - [STDERR_REDIRECT] 
2026-09-06 23:50:26,253 [ERROR] LogOutputStream:75 - [STDERR_REDIRECT] [Fatal Error] :1:1: Premature end of file.
2026-09-06 23:50:26,253 [ERROR] LogOutputStream:75 - [STDERR_REDIRECT] 
2026-09-06 23:50:27,251 [ERROR] LogOutputStream:75 - [STDERR_REDIRECT] [Fatal Error] :1:1: Premature end of file.
2026-09-06 23:50:27,251 [ERROR] LogOutputStream:75 - [STDERR_REDIRECT] 
2026-09-06 23:50:28,250 [ERROR] LogOutputStream:75 - [STDERR_REDIRECT] [Fatal Error] :1:1: Premature end of file.
2026-09-06 23:50:28,250 [ERROR] LogOutputStream:75 - [STDERR_REDIRECT] 
2026-09-06 23:50:29,251 [ERROR] LogOutputStream:75 - [STDERR_REDIRECT] [Fatal Error] :1:1: Premature end of file.
2026-09-06 23:50:29,251 [ERROR] LogOutputStream:75 - [STDERR_REDIRECT] 
2026-09-06 23:50:30,251 [ERROR] LogOutputStream:75 - [STDERR_REDIRECT] [Fatal Error] :1:1: Premature end of file.
2026-09-06 23:50:30,251 [ERROR] LogOutputStream:75 - [STDERR_REDIRECT] 
2026-09-06 23:50:31,250 [ERROR] LogOutputStream:75 - [STDERR_REDIRECT] [Fatal Error] :1:1: Premature end of file.
2026-09-06 23:50:31,250 [ERROR] LogOutputStream:75 - [STDERR_REDIRECT] 
2026-09-06 23:50:32,250 [ERROR] LogOutputStream:75 - [STDERR_REDIRECT] [Fatal Error] :1:1: Premature end of file.
2026-09-06 23:50:32,250 [ERROR] LogOutputStream:75 - [STDERR_REDIRECT] 
2026-09-06 23:50:33,250 [ERROR] LogOutputStream:75 - [STDERR_REDIRECT] [Fatal Error] :1:1: Premature end of file.
2026-09-06 23:50:33,250 [ERROR] LogOutputStream:75 - [STDERR_REDIRECT] 
2026-09-06 23:50:34,250 [ERROR] LogOutputStream:75 - [STDERR_REDIRECT] [Fatal Error] :1:1: Premature end of file.
2026-09-06 23:50:34,250 [ERROR] LogOutputStream:75 - [STDERR_REDIRECT] 
2026-09-06 23:50:35,249 [ERROR] LogOutputStream:75 - [STDERR_REDIRECT] [Fatal Error] :1:1: Premature end of file.
2026-09-06 23:50:35,249 [ERROR] LogOutputStream:75 - [STDERR_REDIRECT] 
2026-09-06 23:50:36,252 [ERROR] LogOutputStream:75 - [STDERR_REDIRECT] [Fatal Error] :1:1: Premature end of file.
2026-09-06 23:50:36,252 [ERROR] LogOutputStream:75 - [STDERR_REDIRECT] 
2026-09-06 23:50:37,250 [ERROR] LogOutputStream:75 - [STDERR_REDIRECT] [Fatal Error] :1:1: Premature end of file.
2026-09-06 23:50:37,250 [ERROR] LogOutputStream:75 - [STDERR_REDIRECT] 
2026-09-06 23:50:38,251 [ERROR] LogOutputStream:75 - [STDERR_REDIRECT] [Fatal Error] :1:1: Premature end of file.
2026-09-06 23:50:38,251 [ERROR] LogOutputStream:75 - [STDERR_REDIRECT] 
2026-09-06 23:50:39,250 [ERROR] LogOutputStream:75 - [STDERR_REDIRECT] [Fatal Error] :1:1: Premature end of file.
2026-09-06 23:50:39,250 [ERROR] LogOutputStream:75 - [STDERR_REDIRECT] 
2026-09-06 23:50:40,252 [ERROR] LogOutputStream:75 - [STDERR_REDIRECT] [Fatal Error] :1:1: Premature end of file.
2026-09-06 23:50:40,252 [ERROR] LogOutputStream:75 - [STDERR_REDIRECT] 
2026-09-06 23:50:41,250 [ERROR] LogOutputStream:75 - [STDERR_REDIRECT] [Fatal Error] :1:1: Premature end of file.
2026-09-06 23:50:41,250 [ERROR] LogOutputStream:75 - [STDERR_REDIRECT] 
2026-09-06 23:50:42,251 [ERROR] LogOutputStream:75 - [STDERR_REDIRECT] [Fatal Error] :1:1: Premature end of file.
2026-09-06 23:50:42,252 [ERROR] LogOutputStream:75 - [STDERR_REDIRECT] 
2026-09-06 23:50:43,249 [ERROR] LogOutputStream:75 - [STDERR_REDIRECT] [Fatal Error] :1:1: Premature end of file.
2026-09-06 23:50:43,249 [ERROR] LogOutputStream:75 - [STDERR_REDIRECT] 
2026-09-06 23:50:44,249 [ERROR] LogOutputStream:75 - [STDERR_REDIRECT] [Fatal Error] :1:1: Premature end of file.
2026-09-06 23:50:44,249 [ERROR] LogOutputStream:75 - [STDERR_REDIRECT] 
2026-09-06 23:50:45,251 [ERROR] LogOutputStream:75 - [STDERR_REDIRECT] [Fatal Error] :1:1: Premature end of file.
2026-09-06 23:50:45,251 [ERROR] LogOutputStream:75 - [STDERR_REDIRECT] 
2026-09-06 23:50:46,252 [ERROR] LogOutputStream:75 - [STDERR_REDIRECT] [Fatal Error] :1:1: Premature end of file.
2026-09-06 23:50:46,252 [ERROR] LogOutputStream:75 - [STDERR_REDIRECT] 
2026-09-06 23:50:47,250 [ERROR] LogOutputStream:75 - [STDERR_REDIRECT] [Fatal Error] :1:1: Premature end of file.
2026-09-06 23:50:47,250 [ERROR] LogOutputStream:75 - [STDERR_REDIRECT] 
2026-09-06 23:50:48,251 [ERROR] LogOutputStream:75 - [STDERR_REDIRECT] [Fatal Error] :1:1: Premature end of file.
2026-09-06 23:50:48,251 [ERROR] LogOutputStream:75 - [STDERR_REDIRECT] 
2026-09-06 23:50:49,250 [ERROR] LogOutputStream:75 - [STDERR_REDIRECT] [Fatal Error] :1:1: Premature end of file.
2026-09-06 23:50:49,250 [ERROR] LogOutputStream:75 - [STDERR_REDIRECT] 
2026-09-06 23:50:50,248 [ERROR] LogOutputStream:75 - [STDERR_REDIRECT] [Fatal Error] :1:1: Premature end of file.
2026-09-06 23:50:50,249 [ERROR] LogOutputStream:75 - [STDERR_REDIRECT] 
2026-09-06 23:50:51,249 [ERROR] LogOutputStream:75 - [STDERR_REDIRECT] [Fatal Error] :1:1: Premature end of file.
2026-09-06 23:50:51,249 [ERROR] LogOutputStream:75 - [STDERR_REDIRECT] 
2026-09-06 23:50:52,251 [ERROR] LogOutputStream:75 - [STDERR_REDIRECT] [Fatal Error] :1:1: Premature end of file.
2026-09-06 23:50:52,251 [ERROR] LogOutputStream:75 - [STDERR_REDIRECT] 
2026-09-06 23:50:53,251 [ERROR] LogOutputStream:75 - [STDERR_REDIRECT] [Fatal Error] :1:1: Premature end of file.
2026-09-06 23:50:53,251 [ERROR] LogOutputStream:75 - [STDERR_REDIRECT] 
2026-09-06 23:50:54,249 [ERROR] LogOutputStream:75 - [STDERR_REDIRECT] [Fatal Error] :1:1: Premature end of file.
2026-09-06 23:50:54,249 [ERROR] LogOutputStream:75 - [STDERR_REDIRECT] 
2026-09-06 23:50:55,248 [ERROR] LogOutputStream:75 - [STDERR_REDIRECT] [Fatal Error] :1:1: Premature end of file.
2026-09-06 23:50:55,248 [ERROR] LogOutputStream:75 - [STDERR_REDIRECT] 
2026-09-06 23:50:56,249 [ERROR] LogOutputStream:75 - [STDERR_REDIRECT] [Fatal Error] :1:1: Premature end of file.
2026-09-06 23:50:56,250 [ERROR] LogOutputStream:75 - [STDERR_REDIRECT] 
2026-09-06 23:50:57,250 [ERROR] LogOutputStream:75 - [STDERR_REDIRECT] [Fatal Error] :1:1: Premature end of file.
2026-09-06 23:50:57,250 [ERROR] LogOutputStream:75 - [STDERR_REDIRECT] 
2026-09-06 23:50:58,250 [ERROR] LogOutputStream:75 - [STDERR_REDIRECT] [Fatal Error] :1:1: Premature end of file.
2026-09-06 23:50:58,251 [ERROR] LogOutputStream:75 - [STDERR_REDIRECT] 
2026-09-06 23:50:59,252 [ERROR] LogOutputStream:75 - [STDERR_REDIRECT] [Fatal Error] :1:1: Premature end of file.
2026-09-06 23:50:59,253 [ERROR] LogOutputStream:75 - [STDERR_REDIRECT] 
2026-09-06 23:51:00,250 [ERROR] LogOutputStream:75 - [STDERR_REDIRECT] [Fatal Error] :1:1: Premature end of file.
2026-09-06 23:51:00,250 [ERROR] LogOutputStream:75 - [STDERR_REDIRECT] 
2026-09-06 23:51:01,252 [ERROR] LogOutputStream:75 - [STDERR_REDIRECT] [Fatal Error] :1:1: Premature end of file.
2026-09-06 23:51:01,252 [ERROR] LogOutputStream:75 - [STDERR_REDIRECT] 
2026-09-06 23:51:02,248 [ERROR] LogOutputStream:75 - [STDERR_REDIRECT] [Fatal Error] :1:1: Premature end of file.
2026-09-06 23:51:02,249 [ERROR] LogOutputStream:75 - [STDERR_REDIRECT] 
2026-09-06 23:51:03,252 [ERROR] LogOutputStream:75 - [STDERR_REDIRECT] [Fatal Error] :1:1: Premature end of file.
2026-09-06 23:51:03,252 [ERROR] LogOutputStream:75 - [STDERR_REDIRECT] 
2026-09-06 23:51:04,249 [ERROR] LogOutputStream:75 - [STDERR_REDIRECT] [Fatal Error] :1:1: Premature end of file.
2026-09-06 23:51:04,249 [ERROR] LogOutputStream:75 - [STDERR_REDIRECT] 
2026-09-06 23:51:05,249 [ERROR] LogOutputStream:75 - [STDERR_REDIRECT] [Fatal Error] :1:1: Premature end of file.
2026-09-06 23:51:05,249 [ERROR] LogOutputStream:75 - [STDERR_REDIRECT] 
2026-09-06 23:51:06,250 [ERROR] LogOutputStream:75 - [STDERR_REDIRECT] [Fatal Error] :1:1: Premature end of file.
2026-09-06 23:51:06,250 [ERROR] LogOutputStream:75 - [STDERR_REDIRECT] 
2026-09-06 23:51:07,250 [ERROR] LogOutputStream:75 - [STDERR_REDIRECT] [Fatal Error] :1:1: Premature end of file.
2026-09-06 23:51:07,250 [ERROR] LogOutputStream:75 - [STDERR_REDIRECT] 
2026-09-06 23:51:08,250 [ERROR] LogOutputStream:75 - [STDERR_REDIRECT] [Fatal Error] :1:1: Premature end of file.
2026-09-06 23:51:08,250 [ERROR] LogOutputStream:75 - [STDERR_REDIRECT] 
2026-09-06 23:51:09,250 [ERROR] LogOutputStream:75 - [STDERR_REDIRECT] [Fatal Error] :1:1: Premature end of file.
2026-09-06 23:51:09,250 [ERROR] LogOutputStream:75 - [STDERR_REDIRECT] 
2026-09-06 23:51:10,250 [ERROR] LogOutputStream:75 - [STDERR_REDIRECT] [Fatal Error] :1:1: Premature end of file.
2026-09-06 23:51:10,250 [ERROR] LogOutputStream:75 - [STDERR_REDIRECT] 
2026-09-06 23:51:11,250 [ERROR] LogOutputStream:75 - [STDERR_REDIRECT] [Fatal Error] :1:1: Premature end of file.
2026-09-06 23:51:11,250 [ERROR] LogOutputStream:75 - [STDERR_REDIRECT] 
2026-09-06 23:51:12,249 [ERROR] LogOutputStream:75 - [STDERR_REDIRECT] [Fatal Error] :1:1: Premature end of file.
2026-09-06 23:51:12,250 [ERROR] LogOutputStream:75 - [STDERR_REDIRECT] 
2026-09-06 23:51:13,251 [ERROR] LogOutputStream:75 - [STDERR_REDIRECT] [Fatal Error] :1:1: Premature end of file.
2026-09-06 23:51:13,251 [ERROR] LogOutputStream:75 - [STDERR_REDIRECT] 
2026-09-06 23:51:14,248 [ERROR] LogOutputStream:75 - [STDERR_REDIRECT] [Fatal Error] :1:1: Premature end of file.
2026-09-06 23:51:14,248 [ERROR] LogOutputStream:75 - [STDERR_REDIRECT] 
2026-09-06 23:51:15,250 [ERROR] LogOutputStream:75 - [STDERR_REDIRECT] [Fatal Error] :1:1: Premature end of file.
2026-09-06 23:51:15,250 [ERROR] LogOutputStream:75 - [STDERR_REDIRECT] 
2026-09-06 23:51:16,253 [ERROR] LogOutputStream:75 - [STDERR_REDIRECT] [Fatal Error] :1:1: Premature end of file.
2026-09-06 23:51:16,253 [ERROR] LogOutputStream:75 - [STDERR_REDIRECT] 
2026-09-06 23:51:17,250 [ERROR] LogOutputStream:75 - [STDERR_REDIRECT] [Fatal Error] :1:1: Premature end of file.
2026-09-06 23:51:17,250 [ERROR] LogOutputStream:75 - [STDERR_REDIRECT] 
2026-09-06 23:51:18,250 [ERROR] LogOutputStream:75 - [STDERR_REDIRECT] [Fatal Error] :1:1: Premature end of file.
2026-09-06 23:51:18,250 [ERROR] LogOutputStream:75 - [STDERR_REDIRECT] 
2026-09-06 23:51:19,249 [ERROR] LogOutputStream:75 - [STDERR_REDIRECT] [Fatal Error] :1:1: Premature end of file.
2026-09-06 23:51:19,249 [ERROR] LogOutputStream:75 - [STDERR_REDIRECT] 
2026-09-06 23:51:20,251 [ERROR] LogOutputStream:75 - [STDERR_REDIRECT] [Fatal Error] :1:1: Premature end of file.
2026-09-06 23:51:20,251 [ERROR] LogOutputStream:75 - [STDERR_REDIRECT] 
2026-09-06 23:51:21,251 [ERROR] LogOutputStream:75 - [STDERR_REDIRECT] [Fatal Error] :1:1: Premature end of file.
2026-09-06 23:51:21,251 [ERROR] LogOutputStream:75 - [STDERR_REDIRECT] 
2026-09-06 23:51:22,249 [ERROR] LogOutputStream:75 - [STDERR_REDIRECT] [Fatal Error] :1:1: Premature end of file.
2026-09-06 23:51:22,250 [ERROR] LogOutputStream:75 - [STDERR_REDIRECT] 
2026-09-06 23:51:23,250 [ERROR] LogOutputStream:75 - [STDERR_REDIRECT] [Fatal Error] :1:1: Premature end of file.
2026-09-06 23:51:23,250 [ERROR] LogOutputStream:75 - [STDERR_REDIRECT] 
2026-09-06 23:51:24,250 [ERROR] LogOutputStream:75 - [STDERR_REDIRECT] [Fatal Error] :1:1: Premature end of file.
2026-09-06 23:51:24,250 [ERROR] LogOutputStream:75 - [STDERR_REDIRECT] 
2026-09-06 23:51:25,249 [ERROR] LogOutputStream:75 - [STDERR_REDIRECT] [Fatal Error] :1:1: Premature end of file.
2026-09-06 23:51:25,250 [ERROR] LogOutputStream:75 - [STDERR_REDIRECT] 
2026-09-06 23:51:26,250 [ERROR] LogOutputStream:75 - [STDERR_REDIRECT] [Fatal Error] :1:1: Premature end of file.
2026-09-06 23:51:26,250 [ERROR] LogOutputStream:75 - [STDERR_REDIRECT] 
2026-09-06 23:51:27,251 [ERROR] LogOutputStream:75 - [STDERR_REDIRECT] [Fatal Error] :1:1: Premature end of file.
2026-09-06 23:51:27,251 [ERROR] LogOutputStream:75 - [STDERR_REDIRECT] 
2026-09-06 23:51:28,251 [ERROR] LogOutputStream:75 - [STDERR_REDIRECT] [Fatal Error] :1:1: Premature end of file.
2026-09-06 23:51:28,251 [ERROR] LogOutputStream:75 - [STDERR_REDIRECT] 
2026-09-06 23:51:29,250 [ERROR] LogOutputStream:75 - [STDERR_REDIRECT] [Fatal Error] :1:1: Premature end of file.
2026-09-06 23:51:29,251 [ERROR] LogOutputStream:75 - [STDERR_REDIRECT] 
2026-09-06 23:51:30,250 [ERROR] LogOutputStream:75 - [STDERR_REDIRECT] [Fatal Error] :1:1: Premature end of file.
2026-09-06 23:51:30,250 [ERROR] LogOutputStream:75 - [STDERR_REDIRECT] 
2026-09-06 23:51:31,251 [ERROR] LogOutputStream:75 - [STDERR_REDIRECT] [Fatal Error] :1:1: Premature end of file.
2026-09-06 23:51:31,251 [ERROR] LogOutputStream:75 - [STDERR_REDIRECT] 
2026-09-06 23:51:32,250 [ERROR] LogOutputStream:75 - [STDERR_REDIRECT] [Fatal Error] :1:1: Premature end of file.
2026-09-06 23:51:32,250 [ERROR] LogOutputStream:75 - [STDERR_REDIRECT] 
2026-09-06 23:51:33,250 [ERROR] LogOutputStream:75 - [STDERR_REDIRECT] [Fatal Error] :1:1: Premature end of file.
2026-09-06 23:51:33,251 [ERROR] LogOutputStream:75 - [STDERR_REDIRECT] 
2026-09-06 23:51:34,251 [ERROR] LogOutputStream:75 - [STDERR_REDIRECT] [Fatal Error] :1:1: Premature end of file.
2026-09-06 23:51:34,251 [ERROR] LogOutputStream:75 - [STDERR_REDIRECT] 
2026-09-06 23:51:35,251 [ERROR] LogOutputStream:75 - [STDERR_REDIRECT] [Fatal Error] :1:1: Premature end of file.
2026-09-06 23:51:35,251 [ERROR] LogOutputStream:75 - [STDERR_REDIRECT] 
2026-09-06 23:51:36,252 [ERROR] LogOutputStream:75 - [STDERR_REDIRECT] [Fatal Error] :1:1: Premature end of file.
2026-09-06 23:51:36,252 [ERROR] LogOutputStream:75 - [STDERR_REDIRECT] 
2026-09-06 23:51:37,250 [ERROR] LogOutputStream:75 - [STDERR_REDIRECT] [Fatal Error] :1:1: Premature end of file.
2026-09-06 23:51:37,250 [ERROR] LogOutputStream:75 - [STDERR_REDIRECT] 
2026-09-06 23:51:38,251 [ERROR] LogOutputStream:75 - [STDERR_REDIRECT] [Fatal Error] :1:1: Premature end of file.
2026-09-06 23:51:38,251 [ERROR] LogOutputStream:75 - [STDERR_REDIRECT] 
2026-09-06 23:51:39,250 [ERROR] LogOutputStream:75 - [STDERR_REDIRECT] [Fatal Error] :1:1: Premature end of file.
2026-09-06 23:51:39,250 [ERROR] LogOutputStream:75 - [STDERR_REDIRECT] 
2026-09-06 23:51:40,254 [ERROR] LogOutputStream:75 - [STDERR_REDIRECT] [Fatal Error] :1:1: Premature end of file.
2026-09-06 23:51:40,254 [ERROR] LogOutputStream:75 - [STDERR_REDIRECT] 
2026-09-06 23:51:41,253 [ERROR] LogOutputStream:75 - [STDERR_REDIRECT] [Fatal Error] :1:1: Premature end of file.
2026-09-06 23:51:41,253 [ERROR] LogOutputStream:75 - [STDERR_REDIRECT] 
2026-09-06 23:51:42,254 [ERROR] LogOutputStream:75 - [STDERR_REDIRECT] [Fatal Error] :1:1: Premature end of file.
2026-09-06 23:51:42,254 [ERROR] LogOutputStream:75 - [STDERR_REDIRECT] 
2026-09-06 23:51:43,250 [ERROR] LogOutputStream:75 - [STDERR_REDIRECT] [Fatal Error] :1:1: Premature end of file.
2026-09-06 23:51:43,250 [ERROR] LogOutputStream:75 - [STDERR_REDIRECT] 
2026-09-06 23:51:44,250 [ERROR] LogOutputStream:75 - [STDERR_REDIRECT] [Fatal Error] :1:1: Premature end of file.
2026-09-06 23:51:44,250 [ERROR] LogOutputStream:75 - [STDERR_REDIRECT] 
2026-09-06 23:51:45,251 [ERROR] LogOutputStream:75 - [STDERR_REDIRECT] [Fatal Error] :1:1: Premature end of file.
2026-09-06 23:51:45,251 [ERROR] LogOutputStream:75 - [STDERR_REDIRECT] 
2026-09-06 23:51:46,250 [ERROR] LogOutputStream:75 - [STDERR_REDIRECT] [Fatal Error] :1:1: Premature end of file.
2026-09-06 23:51:46,251 [ERROR] LogOutputStream:75 - [STDERR_REDIRECT] 
2026-09-06 23:51:47,252 [ERROR] LogOutputStream:75 - [STDERR_REDIRECT] [Fatal Error] :1:1: Premature end of file.
2026-09-06 23:51:47,252 [ERROR] LogOutputStream:75 - [STDERR_REDIRECT] 
2026-09-06 23:51:48,250 [ERROR] LogOutputStream:75 - [STDERR_REDIRECT] [Fatal Error] :1:1: Premature end of file.
2026-09-06 23:51:48,250 [ERROR] LogOutputStream:75 - [STDERR_REDIRECT] 
2026-09-06 23:51:49,251 [ERROR] LogOutputStream:75 - [STDERR_REDIRECT] [Fatal Error] :1:1: Premature end of file.
2026-09-06 23:51:49,251 [ERROR] LogOutputStream:75 - [STDERR_REDIRECT] 
2026-09-06 23:51:50,250 [ERROR] LogOutputStream:75 - [STDERR_REDIRECT] [Fatal Error] :1:1: Premature end of file.
2026-09-06 23:51:50,250 [ERROR] LogOutputStream:75 - [STDERR_REDIRECT] 
2026-09-06 23:51:51,249 [ERROR] LogOutputStream:75 - [STDERR_REDIRECT] [Fatal Error] :1:1: Premature end of file.
2026-09-06 23:51:51,249 [ERROR] LogOutputStream:75 - [STDERR_REDIRECT] 
2026-09-06 23:51:52,251 [ERROR] LogOutputStream:75 - [STDERR_REDIRECT] [Fatal Error] :1:1: Premature end of file.
2026-09-06 23:51:52,251 [ERROR] LogOutputStream:75 - [STDERR_REDIRECT] 
2026-09-06 23:51:53,251 [ERROR] LogOutputStream:75 - [STDERR_REDIRECT] [Fatal Error] :1:1: Premature end of file.
2026-09-06 23:51:53,251 [ERROR] LogOutputStream:75 - [STDERR_REDIRECT] 
2026-09-06 23:51:54,251 [ERROR] LogOutputStream:75 - [STDERR_REDIRECT] [Fatal Error] :1:1: Premature end of file.
2026-09-06 23:51:54,251 [ERROR] LogOutputStream:75 - [STDERR_REDIRECT] 
2026-09-06 23:51:55,250 [ERROR] LogOutputStream:75 - [STDERR_REDIRECT] [Fatal Error] :1:1: Premature end of file.
2026-09-06 23:51:55,250 [ERROR] LogOutputStream:75 - [STDERR_REDIRECT] 
2026-09-06 23:51:56,252 [ERROR] LogOutputStream:75 - [STDERR_REDIRECT] [Fatal Error] :1:1: Premature end of file.
2026-09-06 23:51:56,252 [ERROR] LogOutputStream:75 - [STDERR_REDIRECT] 
2026-09-06 23:51:57,251 [ERROR] LogOutputStream:75 - [STDERR_REDIRECT] [Fatal Error] :1:1: Premature end of file.
2026-09-06 23:51:57,251 [ERROR] LogOutputStream:75 - [STDERR_REDIRECT] 
2026-09-06 23:51:58,249 [ERROR] LogOutputStream:75 - [STDERR_REDIRECT] [Fatal Error] :1:1: Premature end of file.
2026-09-06 23:51:58,249 [ERROR] LogOutputStream:75 - [STDERR_REDIRECT] 
2026-09-06 23:51:59,249 [ERROR] LogOutputStream:75 - [STDERR_REDIRECT] [Fatal Error] :1:1: Premature end of file.
2026-09-06 23:51:59,249 [ERROR] LogOutputStream:75 - [STDERR_REDIRECT] 
2026-09-06 23:52:00,249 [ERROR] LogOutputStream:75 - [STDERR_REDIRECT] [Fatal Error] :1:1: Premature end of file.
2026-09-06 23:52:00,249 [ERROR] LogOutputStream:75 - [STDERR_REDIRECT] 
2026-09-06 23:52:01,250 [ERROR] LogOutputStream:75 - [STDERR_REDIRECT] [Fatal Error] :1:1: Premature end of file.
2026-09-06 23:52:01,250 [ERROR] LogOutputStream:75 - [STDERR_REDIRECT] 
2026-09-06 23:52:02,251 [ERROR] LogOutputStream:75 - [STDERR_REDIRECT] [Fatal Error] :1:1: Premature end of file.
2026-09-06 23:52:02,251 [ERROR] LogOutputStream:75 - [STDERR_REDIRECT] 
2026-09-06 23:52:03,249 [ERROR] LogOutputStream:75 - [STDERR_REDIRECT] [Fatal Error] :1:1: Premature end of file.
2026-09-06 23:52:03,249 [ERROR] LogOutputStream:75 - [STDERR_REDIRECT] 
2026-09-06 23:52:04,251 [ERROR] LogOutputStream:75 - [STDERR_REDIRECT] [Fatal Error] :1:1: Premature end of file.
2026-09-06 23:52:04,251 [ERROR] LogOutputStream:75 - [STDERR_REDIRECT] 
2026-09-06 23:52:05,250 [ERROR] LogOutputStream:75 - [STDERR_REDIRECT] [Fatal Error] :1:1: Premature end of file.
2026-09-06 23:52:05,250 [ERROR] LogOutputStream:75 - [STDERR_REDIRECT] 
2026-09-06 23:52:06,249 [ERROR] LogOutputStream:75 - [STDERR_REDIRECT] [Fatal Error] :1:1: Premature end of file.
2026-09-06 23:52:06,249 [ERROR] LogOutputStream:75 - [STDERR_REDIRECT] 
2026-09-06 23:52:07,250 [ERROR] LogOutputStream:75 - [STDERR_REDIRECT] [Fatal Error] :1:1: Premature end of file.
2026-09-06 23:52:07,251 [ERROR] LogOutputStream:75 - [STDERR_REDIRECT] 
2026-09-06 23:52:08,248 [ERROR] LogOutputStream:75 - [STDERR_REDIRECT] [Fatal Error] :1:1: Premature end of file.
2026-09-06 23:52:08,248 [ERROR] LogOutputStream:75 - [STDERR_REDIRECT] 
2026-09-06 23:52:09,249 [ERROR] LogOutputStream:75 - [STDERR_REDIRECT] [Fatal Error] :1:1: Premature end of file.
2026-09-06 23:52:09,249 [ERROR] LogOutputStream:75 - [STDERR_REDIRECT] 
2026-09-06 23:52:10,251 [ERROR] LogOutputStream:75 - [STDERR_REDIRECT] [Fatal Error] :1:1: Premature end of file.
2026-09-06 23:52:10,251 [ERROR] LogOutputStream:75 - [STDERR_REDIRECT] 
2026-09-06 23:52:11,251 [ERROR] LogOutputStream:75 - [STDERR_REDIRECT] [Fatal Error] :1:1: Premature end of file.
2026-09-06 23:52:11,251 [ERROR] LogOutputStream:75 - [STDERR_REDIRECT] 
2026-09-06 23:52:12,251 [ERROR] LogOutputStream:75 - [STDERR_REDIRECT] [Fatal Error] :1:1: Premature end of file.
2026-09-06 23:52:12,251 [ERROR] LogOutputStream:75 - [STDERR_REDIRECT] 
2026-09-06 23:52:13,253 [ERROR] LogOutputStream:75 - [STDERR_REDIRECT] [Fatal Error] :1:1: Premature end of file.
2026-09-06 23:52:13,253 [ERROR] LogOutputStream:75 - [STDERR_REDIRECT] 
2026-09-06 23:52:14,248 [ERROR] LogOutputStream:75 - [STDERR_REDIRECT] [Fatal Error] :1:1: Premature end of file.
2026-09-06 23:52:14,249 [ERROR] LogOutputStream:75 - [STDERR_REDIRECT] 
2026-09-06 23:52:15,250 [ERROR] LogOutputStream:75 - [STDERR_REDIRECT] [Fatal Error] :1:1: Premature end of file.
2026-09-06 23:52:15,250 [ERROR] LogOutputStream:75 - [STDERR_REDIRECT] 
2026-09-06 23:52:16,250 [ERROR] LogOutputStream:75 - [STDERR_REDIRECT] [Fatal Error] :1:1: Premature end of file.
2026-09-06 23:52:16,250 [ERROR] LogOutputStream:75 - [STDERR_REDIRECT] 
2026-09-06 23:52:17,249 [ERROR] LogOutputStream:75 - [STDERR_REDIRECT] [Fatal Error] :1:1: Premature end of file.
2026-09-06 23:52:17,249 [ERROR] LogOutputStream:75 - [STDERR_REDIRECT] 
2026-09-06 23:52:18,251 [ERROR] LogOutputStream:75 - [STDERR_REDIRECT] [Fatal Error] :1:1: Premature end of file.
2026-09-06 23:52:18,251 [ERROR] LogOutputStream:75 - [STDERR_REDIRECT] 
2026-09-06 23:52:19,249 [ERROR] LogOutputStream:75 - [STDERR_REDIRECT] [Fatal Error] :1:1: Premature end of file.
2026-09-06 23:52:19,249 [ERROR] LogOutputStream:75 - [STDERR_REDIRECT] 
2026-09-06 23:52:20,250 [ERROR] LogOutputStream:75 - [STDERR_REDIRECT] [Fatal Error] :1:1: Premature end of file.
2026-09-06 23:52:20,250 [ERROR] LogOutputStream:75 - [STDERR_REDIRECT] 
2026-09-06 23:52:21,250 [ERROR] LogOutputStream:75 - [STDERR_REDIRECT] [Fatal Error] :1:1: Premature end of file.
2026-09-06 23:52:21,250 [ERROR] LogOutputStream:75 - [STDERR_REDIRECT] 
2026-09-06 23:52:22,250 [ERROR] LogOutputStream:75 - [STDERR_REDIRECT] [Fatal Error] :1:1: Premature end of file.
2026-09-06 23:52:22,250 [ERROR] LogOutputStream:75 - [STDERR_REDIRECT] 
2026-09-06 23:52:23,251 [ERROR] LogOutputStream:75 - [STDERR_REDIRECT] [Fatal Error] :1:1: Premature end of file.
2026-09-06 23:52:23,251 [ERROR] LogOutputStream:75 - [STDERR_REDIRECT] 
2026-09-06 23:52:24,249 [ERROR] LogOutputStream:75 - [STDERR_REDIRECT] [Fatal Error] :1:1: Premature end of file.
2026-09-06 23:52:24,249 [ERROR] LogOutputStream:75 - [STDERR_REDIRECT] 
2026-09-06 23:52:25,250 [ERROR] LogOutputStream:75 - [STDERR_REDIRECT] [Fatal Error] :1:1: Premature end of file.
2026-09-06 23:52:25,250 [ERROR] LogOutputStream:75 - [STDERR_REDIRECT] 
2026-09-06 23:52:26,249 [ERROR] LogOutputStream:75 - [STDERR_REDIRECT] [Fatal Error] :1:1: Premature end of file.
2026-09-06 23:52:26,249 [ERROR] LogOutputStream:75 - [STDERR_REDIRECT] 
2026-09-06 23:52:27,248 [ERROR] LogOutputStream:75 - [STDERR_REDIRECT] [Fatal Error] :1:1: Premature end of file.
2026-09-06 23:52:27,248 [ERROR] LogOutputStream:75 - [STDERR_REDIRECT] 
2026-09-06 23:52:28,249 [ERROR] LogOutputStream:75 - [STDERR_REDIRECT] [Fatal Error] :1:1: Premature end of file.
2026-09-06 23:52:28,249 [ERROR] LogOutputStream:75 - [STDERR_REDIRECT] 
2026-09-06 23:52:29,251 [ERROR] LogOutputStream:75 - [STDERR_REDIRECT] [Fatal Error] :1:1: Premature end of file.
2026-09-06 23:52:29,251 [ERROR] LogOutputStream:75 - [STDERR_REDIRECT] 
2026-09-06 23:52:30,250 [ERROR] LogOutputStream:75 - [STDERR_REDIRECT] [Fatal Error] :1:1: Premature end of file.
2026-09-06 23:52:30,250 [ERROR] LogOutputStream:75 - [STDERR_REDIRECT] 
2026-09-06 23:52:31,250 [ERROR] LogOutputStream:75 - [STDERR_REDIRECT] [Fatal Error] :1:1: Premature end of file.
2026-09-06 23:52:31,250 [ERROR] LogOutputStream:75 - [STDERR_REDIRECT] 
2026-09-06 23:52:32,248 [ERROR] LogOutputStream:75 - [STDERR_REDIRECT] [Fatal Error] :1:1: Premature end of file.
2026-09-06 23:52:32,248 [ERROR] LogOutputStream:75 - [STDERR_REDIRECT] 
2026-09-06 23:52:33,248 [ERROR] LogOutputStream:75 - [STDERR_REDIRECT] [Fatal Error] :1:1: Premature end of file.
2026-09-06 23:52:33,248 [ERROR] LogOutputStream:75 - [STDERR_REDIRECT] 
2026-09-06 23:52:34,250 [ERROR] LogOutputStream:75 - [STDERR_REDIRECT] [Fatal Error] :1:1: Premature end of file.
2026-09-06 23:52:34,250 [ERROR] LogOutputStream:75 - [STDERR_REDIRECT] 
2026-09-06 23:52:35,250 [ERROR] LogOutputStream:75 - [STDERR_REDIRECT] [Fatal Error] :1:1: Premature end of file.
2026-09-06 23:52:35,250 [ERROR] LogOutputStream:75 - [STDERR_REDIRECT] 
2026-09-06 23:52:36,248 [ERROR] LogOutputStream:75 - [STDERR_REDIRECT] [Fatal Error] :1:1: Premature end of file.
2026-09-06 23:52:36,248 [ERROR] LogOutputStream:75 - [STDERR_REDIRECT] 
2026-09-06 23:52:37,250 [ERROR] LogOutputStream:75 - [STDERR_REDIRECT] [Fatal Error] :1:1: Premature end of file.
2026-09-06 23:52:37,250 [ERROR] LogOutputStream:75 - [STDERR_REDIRECT] 
2026-09-06 23:52:38,248 [ERROR] LogOutputStream:75 - [STDERR_REDIRECT] [Fatal Error] :1:1: Premature end of file.
2026-09-06 23:52:38,249 [ERROR] LogOutputStream:75 - [STDERR_REDIRECT] 
2026-09-06 23:52:39,249 [ERROR] LogOutputStream:75 - [STDERR_REDIRECT] [Fatal Error] :1:1: Premature end of file.
2026-09-06 23:52:39,249 [ERROR] LogOutputStream:75 - [STDERR_REDIRECT] 
2026-09-06 23:52:40,249 [ERROR] LogOutputStream:75 - [STDERR_REDIRECT] [Fatal Error] :1:1: Premature end of file.
2026-09-06 23:52:40,249 [ERROR] LogOutputStream:75 - [STDERR_REDIRECT] 
2026-09-06 23:52:41,248 [ERROR] LogOutputStream:75 - [STDERR_REDIRECT] [Fatal Error] :1:1: Premature end of file.
2026-09-06 23:52:41,248 [ERROR] LogOutputStream:75 - [STDERR_REDIRECT] 
2026-09-06 23:52:42,251 [ERROR] LogOutputStream:75 - [STDERR_REDIRECT] [Fatal Error] :1:1: Premature end of file.
2026-09-06 23:52:42,251 [ERROR] LogOutputStream:75 - [STDERR_REDIRECT] 
2026-09-06 23:52:43,248 [ERROR] LogOutputStream:75 - [STDERR_REDIRECT] [Fatal Error] :1:1: Premature end of file.
2026-09-06 23:52:43,248 [ERROR] LogOutputStream:75 - [STDERR_REDIRECT] 
2026-09-06 23:52:44,248 [ERROR] LogOutputStream:75 - [STDERR_REDIRECT] [Fatal Error] :1:1: Premature end of file.
2026-09-06 23:52:44,248 [ERROR] LogOutputStream:75 - [STDERR_REDIRECT] 
2026-09-06 23:52:45,249 [ERROR] LogOutputStream:75 - [STDERR_REDIRECT] [Fatal Error] :1:1: Premature end of file.
2026-09-06 23:52:45,249 [ERROR] LogOutputStream:75 - [STDERR_REDIRECT] 
2026-09-06 23:52:46,248 [ERROR] LogOutputStream:75 - [STDERR_REDIRECT] [Fatal Error] :1:1: Premature end of file.
2026-09-06 23:52:46,248 [ERROR] LogOutputStream:75 - [STDERR_REDIRECT] 
2026-09-06 23:52:47,249 [ERROR] LogOutputStream:75 - [STDERR_REDIRECT] [Fatal Error] :1:1: Premature end of file.
2026-09-06 23:52:47,250 [ERROR] LogOutputStream:75 - [STDERR_REDIRECT] 
2026-09-06 23:52:48,249 [ERROR] LogOutputStream:75 - [STDERR_REDIRECT] [Fatal Error] :1:1: Premature end of file.
2026-09-06 23:52:48,250 [ERROR] LogOutputStream:75 - [STDERR_REDIRECT] 
2026-09-06 23:52:49,249 [ERROR] LogOutputStream:75 - [STDERR_REDIRECT] [Fatal Error] :1:1: Premature end of file.
2026-09-06 23:52:49,250 [ERROR] LogOutputStream:75 - [STDERR_REDIRECT] 
2026-09-06 23:52:50,249 [ERROR] LogOutputStream:75 - [STDERR_REDIRECT] [Fatal Error] :1:1: Premature end of file.
2026-09-06 23:52:50,249 [ERROR] LogOutputStream:75 - [STDERR_REDIRECT] 
2026-09-06 23:52:51,251 [ERROR] LogOutputStream:75 - [STDERR_REDIRECT] [Fatal Error] :1:1: Premature end of file.
2026-09-06 23:52:51,251 [ERROR] LogOutputStream:75 - [STDERR_REDIRECT] 
2026-09-06 23:52:52,249 [ERROR] LogOutputStream:75 - [STDERR_REDIRECT] [Fatal Error] :1:1: Premature end of file.
2026-09-06 23:52:52,249 [ERROR] LogOutputStream:75 - [STDERR_REDIRECT] 
2026-09-06 23:52:53,249 [ERROR] LogOutputStream:75 - [STDERR_REDIRECT] [Fatal Error] :1:1: Premature end of file.
2026-09-06 23:52:53,249 [ERROR] LogOutputStream:75 - [STDERR_REDIRECT] 
2026-09-06 23:52:54,250 [ERROR] LogOutputStream:75 - [STDERR_REDIRECT] [Fatal Error] :1:1: Premature end of file.
2026-09-06 23:52:54,250 [ERROR] LogOutputStream:75 - [STDERR_REDIRECT] 
2026-09-06 23:52:55,249 [ERROR] LogOutputStream:75 - [STDERR_REDIRECT] [Fatal Error] :1:1: Premature end of file.
2026-09-06 23:52:55,249 [ERROR] LogOutputStream:75 - [STDERR_REDIRECT] 
2026-09-06 23:52:56,248 [ERROR] LogOutputStream:75 - [STDERR_REDIRECT] [Fatal Error] :1:1: Premature end of file.
2026-09-06 23:52:56,248 [ERROR] LogOutputStream:75 - [STDERR_REDIRECT] 
2026-09-06 23:52:57,249 [ERROR] LogOutputStream:75 - [STDERR_REDIRECT] [Fatal Error] :1:1: Premature end of file.
2026-09-06 23:52:57,249 [ERROR] LogOutputStream:75 - [STDERR_REDIRECT] 
2026-09-06 23:52:58,249 [ERROR] LogOutputStream:75 - [STDERR_REDIRECT] [Fatal Error] :1:1: Premature end of file.
2026-09-06 23:52:58,249 [ERROR] LogOutputStream:75 - [STDERR_REDIRECT] 
2026-09-06 23:52:59,250 [ERROR] LogOutputStream:75 - [STDERR_REDIRECT] [Fatal Error] :1:1: Premature end of file.
2026-09-06 23:52:59,251 [ERROR] LogOutputStream:75 - [STDERR_REDIRECT] 
2026-09-06 23:53:00,248 [ERROR] LogOutputStream:75 - [STDERR_REDIRECT] [Fatal Error] :1:1: Premature end of file.
2026-09-06 23:53:00,249 [ERROR] LogOutputStream:75 - [STDERR_REDIRECT] 
2026-09-06 23:53:01,250 [ERROR] LogOutputStream:75 - [STDERR_REDIRECT] [Fatal Error] :1:1: Premature end of file.
2026-09-06 23:53:01,250 [ERROR] LogOutputStream:75 - [STDERR_REDIRECT] 
2026-09-06 23:53:02,250 [ERROR] LogOutputStream:75 - [STDERR_REDIRECT] [Fatal Error] :1:1: Premature end of file.
2026-09-06 23:53:02,250 [ERROR] LogOutputStream:75 - [STDERR_REDIRECT] 
2026-09-06 23:53:03,251 [ERROR] LogOutputStream:75 - [STDERR_REDIRECT] [Fatal Error] :1:1: Premature end of file.
2026-09-06 23:53:03,251 [ERROR] LogOutputStream:75 - [STDERR_REDIRECT] 
2026-09-06 23:53:04,249 [ERROR] LogOutputStream:75 - [STDERR_REDIRECT] [Fatal Error] :1:1: Premature end of file.
2026-09-06 23:53:04,249 [ERROR] LogOutputStream:75 - [STDERR_REDIRECT] 
2026-09-06 23:53:05,250 [ERROR] LogOutputStream:75 - [STDERR_REDIRECT] [Fatal Error] :1:1: Premature end of file.
2026-09-06 23:53:05,250 [ERROR] LogOutputStream:75 - [STDERR_REDIRECT] 
2026-09-06 23:53:06,249 [ERROR] LogOutputStream:75 - [STDERR_REDIRECT] [Fatal Error] :1:1: Premature end of file.
2026-09-06 23:53:06,249 [ERROR] LogOutputStream:75 - [STDERR_REDIRECT] 
2026-09-06 23:53:07,249 [ERROR] LogOutputStream:75 - [STDERR_REDIRECT] [Fatal Error] :1:1: Premature end of file.
2026-09-06 23:53:07,249 [ERROR] LogOutputStream:75 - [STDERR_REDIRECT] 
2026-09-06 23:53:08,249 [ERROR] LogOutputStream:75 - [STDERR_REDIRECT] [Fatal Error] :1:1: Premature end of file.
2026-09-06 23:53:08,249 [ERROR] LogOutputStream:75 - [STDERR_REDIRECT] 
2026-09-06 23:53:09,249 [ERROR] LogOutputStream:75 - [STDERR_REDIRECT] [Fatal Error] :1:1: Premature end of file.
2026-09-06 23:53:09,249 [ERROR] LogOutputStream:75 - [STDERR_REDIRECT] 
2026-09-06 23:53:10,250 [ERROR] LogOutputStream:75 - [STDERR_REDIRECT] [Fatal Error] :1:1: Premature end of file.
2026-09-06 23:53:10,250 [ERROR] LogOutputStream:75 - [STDERR_REDIRECT] 
2026-09-06 23:53:11,249 [ERROR] LogOutputStream:75 - [STDERR_REDIRECT] [Fatal Error] :1:1: Premature end of file.
2026-09-06 23:53:11,249 [ERROR] LogOutputStream:75 - [STDERR_REDIRECT] 
2026-09-06 23:53:12,250 [ERROR] LogOutputStream:75 - [STDERR_REDIRECT] [Fatal Error] :1:1: Premature end of file.
2026-09-06 23:53:12,250 [ERROR] LogOutputStream:75 - [STDERR_REDIRECT] 
2026-09-06 23:53:13,250 [ERROR] LogOutputStream:75 - [STDERR_REDIRECT] [Fatal Error] :1:1: Premature end of file.
2026-09-06 23:53:13,250 [ERROR] LogOutputStream:75 - [STDERR_REDIRECT] 
2026-09-06 23:53:14,249 [ERROR] LogOutputStream:75 - [STDERR_REDIRECT] [Fatal Error] :1:1: Premature end of file.
2026-09-06 23:53:14,249 [ERROR] LogOutputStream:75 - [STDERR_REDIRECT] 
2026-09-06 23:53:15,249 [ERROR] LogOutputStream:75 - [STDERR_REDIRECT] [Fatal Error] :1:1: Premature end of file.
2026-09-06 23:53:15,249 [ERROR] LogOutputStream:75 - [STDERR_REDIRECT] 
2026-09-06 23:53:16,249 [ERROR] LogOutputStream:75 - [STDERR_REDIRECT] [Fatal Error] :1:1: Premature end of file.
2026-09-06 23:53:16,249 [ERROR] LogOutputStream:75 - [STDERR_REDIRECT] 
2026-09-06 23:53:17,249 [ERROR] LogOutputStream:75 - [STDERR_REDIRECT] [Fatal Error] :1:1: Premature end of file.
2026-09-06 23:53:17,249 [ERROR] LogOutputStream:75 - [STDERR_REDIRECT] 
2026-09-06 23:53:18,249 [ERROR] LogOutputStream:75 - [STDERR_REDIRECT] [Fatal Error] :1:1: Premature end of file.
2026-09-06 23:53:18,249 [ERROR] LogOutputStream:75 - [STDERR_REDIRECT] 
2026-09-06 23:53:19,250 [ERROR] LogOutputStream:75 - [STDERR_REDIRECT] [Fatal Error] :1:1: Premature end of file.
2026-09-06 23:53:19,250 [ERROR] LogOutputStream:75 - [STDERR_REDIRECT] 
2026-09-06 23:53:20,250 [ERROR] LogOutputStream:75 - [STDERR_REDIRECT] [Fatal Error] :1:1: Premature end of file.
2026-09-06 23:53:20,250 [ERROR] LogOutputStream:75 - [STDERR_REDIRECT] 
2026-09-06 23:53:21,249 [ERROR] LogOutputStream:75 - [STDERR_REDIRECT] [Fatal Error] :1:1: Premature end of file.
2026-09-06 23:53:21,249 [ERROR] LogOutputStream:75 - [STDERR_REDIRECT] 
2026-09-06 23:53:22,250 [ERROR] LogOutputStream:75 - [STDERR_REDIRECT] [Fatal Error] :1:1: Premature end of file.
2026-09-06 23:53:22,250 [ERROR] LogOutputStream:75 - [STDERR_REDIRECT] 
2026-09-06 23:53:23,250 [ERROR] LogOutputStream:75 - [STDERR_REDIRECT] [Fatal Error] :1:1: Premature end of file.
2026-09-06 23:53:23,250 [ERROR] LogOutputStream:75 - [STDERR_REDIRECT] 
2026-09-06 23:53:24,250 [ERROR] LogOutputStream:75 - [STDERR_REDIRECT] [Fatal Error] :1:1: Premature end of file.
2026-09-06 23:53:24,250 [ERROR] LogOutputStream:75 - [STDERR_REDIRECT] 
2026-09-06 23:53:25,250 [ERROR] LogOutputStream:75 - [STDERR_REDIRECT] [Fatal Error] :1:1: Premature end of file.
2026-09-06 23:53:25,250 [ERROR] LogOutputStream:75 - [STDERR_REDIRECT] 
2026-09-06 23:53:26,249 [ERROR] LogOutputStream:75 - [STDERR_REDIRECT] [Fatal Error] :1:1: Premature end of file.
2026-09-06 23:53:26,249 [ERROR] LogOutputStream:75 - [STDERR_REDIRECT] 
2026-09-06 23:53:27,252 [ERROR] LogOutputStream:75 - [STDERR_REDIRECT] [Fatal Error] :1:1: Premature end of file.
2026-09-06 23:53:27,252 [ERROR] LogOutputStream:75 - [STDERR_REDIRECT] 
2026-09-06 23:53:28,250 [ERROR] LogOutputStream:75 - [STDERR_REDIRECT] [Fatal Error] :1:1: Premature end of file.
2026-09-06 23:53:28,250 [ERROR] LogOutputStream:75 - [STDERR_REDIRECT] 
2026-09-06 23:53:29,249 [ERROR] LogOutputStream:75 - [STDERR_REDIRECT] [Fatal Error] :1:1: Premature end of file.
2026-09-06 23:53:29,249 [ERROR] LogOutputStream:75 - [STDERR_REDIRECT] 
2026-09-06 23:53:30,249 [ERROR] LogOutputStream:75 - [STDERR_REDIRECT] [Fatal Error] :1:1: Premature end of file.
2026-09-06 23:53:30,249 [ERROR] LogOutputStream:75 - [STDERR_REDIRECT] 
2026-09-06 23:53:31,250 [ERROR] LogOutputStream:75 - [STDERR_REDIRECT] [Fatal Error] :1:1: Premature end of file.
2026-09-06 23:53:31,250 [ERROR] LogOutputStream:75 - [STDERR_REDIRECT] 
2026-09-06 23:53:32,250 [ERROR] LogOutputStream:75 - [STDERR_REDIRECT] [Fatal Error] :1:1: Premature end of file.
2026-09-06 23:53:32,250 [ERROR] LogOutputStream:75 - [STDERR_REDIRECT] 
2026-09-06 23:53:33,249 [ERROR] LogOutputStream:75 - [STDERR_REDIRECT] [Fatal Error] :1:1: Premature end of file.
2026-09-06 23:53:33,249 [ERROR] LogOutputStream:75 - [STDERR_REDIRECT] 
2026-09-06 23:53:34,249 [ERROR] LogOutputStream:75 - [STDERR_REDIRECT] [Fatal Error] :1:1: Premature end of file.
2026-09-06 23:53:34,249 [ERROR] LogOutputStream:75 - [STDERR_REDIRECT] 
2026-09-06 23:53:35,249 [ERROR] LogOutputStream:75 - [STDERR_REDIRECT] [Fatal Error] :1:1: Premature end of file.
2026-09-06 23:53:35,249 [ERROR] LogOutputStream:75 - [STDERR_REDIRECT] 
2026-09-06 23:53:36,257 [ERROR] LogOutputStream:75 - [STDERR_REDIRECT] [Fatal Error] :1:1: Premature end of file.
2026-09-06 23:53:36,257 [ERROR] LogOutputStream:75 - [STDERR_REDIRECT] 
2026-09-06 23:53:37,250 [ERROR] LogOutputStream:75 - [STDERR_REDIRECT] [Fatal Error] :1:1: Premature end of file.
2026-09-06 23:53:37,250 [ERROR] LogOutputStream:75 - [STDERR_REDIRECT] 
2026-09-06 23:53:38,250 [ERROR] LogOutputStream:75 - [STDERR_REDIRECT] [Fatal Error] :1:1: Premature end of file.
2026-09-06 23:53:38,250 [ERROR] LogOutputStream:75 - [STDERR_REDIRECT] 
2026-09-06 23:53:39,248 [ERROR] LogOutputStream:75 - [STDERR_REDIRECT] [Fatal Error] :1:1: Premature end of file.
2026-09-06 23:53:39,249 [ERROR] LogOutputStream:75 - [STDERR_REDIRECT] 
2026-09-06 23:53:40,250 [ERROR] LogOutputStream:75 - [STDERR_REDIRECT] [Fatal Error] :1:1: Premature end of file.
2026-09-06 23:53:40,250 [ERROR] LogOutputStream:75 - [STDERR_REDIRECT] 
2026-09-06 23:53:41,250 [ERROR] LogOutputStream:75 - [STDERR_REDIRECT] [Fatal Error] :1:1: Premature end of file.
2026-09-06 23:53:41,250 [ERROR] LogOutputStream:75 - [STDERR_REDIRECT] 
2026-09-06 23:53:42,252 [ERROR] LogOutputStream:75 - [STDERR_REDIRECT] [Fatal Error] :1:1: Premature end of file.
2026-09-06 23:53:42,252 [ERROR] LogOutputStream:75 - [STDERR_REDIRECT] 
2026-09-06 23:53:43,249 [ERROR] LogOutputStream:75 - [STDERR_REDIRECT] [Fatal Error] :1:1: Premature end of file.
2026-09-06 23:53:43,249 [ERROR] LogOutputStream:75 - [STDERR_REDIRECT] 
2026-09-06 23:53:44,252 [ERROR] LogOutputStream:75 - [STDERR_REDIRECT] [Fatal Error] :1:1: Premature end of file.
2026-09-06 23:53:44,252 [ERROR] LogOutputStream:75 - [STDERR_REDIRECT] 
2026-09-06 23:53:45,249 [ERROR] LogOutputStream:75 - [STDERR_REDIRECT] [Fatal Error] :1:1: Premature end of file.
2026-09-06 23:53:45,249 [ERROR] LogOutputStream:75 - [STDERR_REDIRECT] 
2026-09-06 23:53:46,250 [ERROR] LogOutputStream:75 - [STDERR_REDIRECT] [Fatal Error] :1:1: Premature end of file.
2026-09-06 23:53:46,250 [ERROR] LogOutputStream:75 - [STDERR_REDIRECT] 
2026-09-06 23:53:47,257 [ERROR] LogOutputStream:75 - [STDERR_REDIRECT] [Fatal Error] :1:1: Premature end of file.
2026-09-06 23:53:47,257 [ERROR] LogOutputStream:75 - [STDERR_REDIRECT] 
2026-09-06 23:53:48,250 [ERROR] LogOutputStream:75 - [STDERR_REDIRECT] [Fatal Error] :1:1: Premature end of file.
2026-09-06 23:53:48,250 [ERROR] LogOutputStream:75 - [STDERR_REDIRECT] 
2026-09-06 23:53:49,249 [ERROR] LogOutputStream:75 - [STDERR_REDIRECT] [Fatal Error] :1:1: Premature end of file.
2026-09-06 23:53:49,249 [ERROR] LogOutputStream:75 - [STDERR_REDIRECT] 
2026-09-06 23:53:50,250 [ERROR] LogOutputStream:75 - [STDERR_REDIRECT] [Fatal Error] :1:1: Premature end of file.
2026-09-06 23:53:50,250 [ERROR] LogOutputStream:75 - [STDERR_REDIRECT] 
2026-09-06 23:53:51,250 [ERROR] LogOutputStream:75 - [STDERR_REDIRECT] [Fatal Error] :1:1: Premature end of file.
2026-09-06 23:53:51,250 [ERROR] LogOutputStream:75 - [STDERR_REDIRECT] 
2026-09-06 23:53:52,249 [ERROR] LogOutputStream:75 - [STDERR_REDIRECT] [Fatal Error] :1:1: Premature end of file.
2026-09-06 23:53:52,249 [ERROR] LogOutputStream:75 - [STDERR_REDIRECT] 
2026-09-06 23:53:53,250 [ERROR] LogOutputStream:75 - [STDERR_REDIRECT] [Fatal Error] :1:1: Premature end of file.
2026-09-06 23:53:53,250 [ERROR] LogOutputStream:75 - [STDERR_REDIRECT] 
2026-09-06 23:53:54,250 [ERROR] LogOutputStream:75 - [STDERR_REDIRECT] [Fatal Error] :1:1: Premature end of file.
2026-09-06 23:53:54,250 [ERROR] LogOutputStream:75 - [STDERR_REDIRECT] 
2026-09-06 23:53:55,251 [ERROR] LogOutputStream:75 - [STDERR_REDIRECT] [Fatal Error] :1:1: Premature end of file.
2026-09-06 23:53:55,251 [ERROR] LogOutputStream:75 - [STDERR_REDIRECT] 
2026-09-06 23:53:56,250 [ERROR] LogOutputStream:75 - [STDERR_REDIRECT] [Fatal Error] :1:1: Premature end of file.
2026-09-06 23:53:56,250 [ERROR] LogOutputStream:75 - [STDERR_REDIRECT] 
2026-09-06 23:53:57,250 [ERROR] LogOutputStream:75 - [STDERR_REDIRECT] [Fatal Error] :1:1: Premature end of file.
2026-09-06 23:53:57,250 [ERROR] LogOutputStream:75 - [STDERR_REDIRECT] 
2026-09-06 23:53:58,251 [ERROR] LogOutputStream:75 - [STDERR_REDIRECT] [Fatal Error] :1:1: Premature end of file.
2026-09-06 23:53:58,251 [ERROR] LogOutputStream:75 - [STDERR_REDIRECT] 
2026-09-06 23:53:59,250 [ERROR] LogOutputStream:75 - [STDERR_REDIRECT] [Fatal Error] :1:1: Premature end of file.
2026-09-06 23:53:59,250 [ERROR] LogOutputStream:75 - [STDERR_REDIRECT] 
2026-09-06 23:54:00,250 [ERROR] LogOutputStream:75 - [STDERR_REDIRECT] [Fatal Error] :1:1: Premature end of file.
2026-09-06 23:54:00,250 [ERROR] LogOutputStream:75 - [STDERR_REDIRECT] 
2026-09-06 23:54:01,250 [ERROR] LogOutputStream:75 - [STDERR_REDIRECT] [Fatal Error] :1:1: Premature end of file.
2026-09-06 23:54:01,250 [ERROR] LogOutputStream:75 - [STDERR_REDIRECT] 
2026-09-06 23:54:02,251 [ERROR] LogOutputStream:75 - [STDERR_REDIRECT] [Fatal Error] :1:1: Premature end of file.
2026-09-06 23:54:02,251 [ERROR] LogOutputStream:75 - [STDERR_REDIRECT] 
2026-09-06 23:54:03,252 [ERROR] LogOutputStream:75 - [STDERR_REDIRECT] [Fatal Error] :1:1: Premature end of file.
2026-09-06 23:54:03,252 [ERROR] LogOutputStream:75 - [STDERR_REDIRECT] 
2026-09-06 23:54:04,250 [ERROR] LogOutputStream:75 - [STDERR_REDIRECT] [Fatal Error] :1:1: Premature end of file.
2026-09-06 23:54:04,250 [ERROR] LogOutputStream:75 - [STDERR_REDIRECT] 
2026-09-06 23:54:05,249 [ERROR] LogOutputStream:75 - [STDERR_REDIRECT] [Fatal Error] :1:1: Premature end of file.
2026-09-06 23:54:05,249 [ERROR] LogOutputStream:75 - [STDERR_REDIRECT] 
2026-09-06 23:54:06,252 [ERROR] LogOutputStream:75 - [STDERR_REDIRECT] [Fatal Error] :1:1: Premature end of file.
2026-09-06 23:54:06,252 [ERROR] LogOutputStream:75 - [STDERR_REDIRECT] 
2026-09-06 23:54:07,252 [ERROR] LogOutputStream:75 - [STDERR_REDIRECT] [Fatal Error] :1:1: Premature end of file.
2026-09-06 23:54:07,252 [ERROR] LogOutputStream:75 - [STDERR_REDIRECT] 
2026-09-06 23:54:08,250 [ERROR] LogOutputStream:75 - [STDERR_REDIRECT] [Fatal Error] :1:1: Premature end of file.
2026-09-06 23:54:08,250 [ERROR] LogOutputStream:75 - [STDERR_REDIRECT] 
2026-09-06 23:54:09,249 [ERROR] LogOutputStream:75 - [STDERR_REDIRECT] [Fatal Error] :1:1: Premature end of file.
2026-09-06 23:54:09,249 [ERROR] LogOutputStream:75 - [STDERR_REDIRECT] 
2026-09-06 23:54:10,250 [ERROR] LogOutputStream:75 - [STDERR_REDIRECT] [Fatal Error] :1:1: Premature end of file.
2026-09-06 23:54:10,250 [ERROR] LogOutputStream:75 - [STDERR_REDIRECT] 
2026-09-06 23:54:11,250 [ERROR] LogOutputStream:75 - [STDERR_REDIRECT] [Fatal Error] :1:1: Premature end of file.
2026-09-06 23:54:11,250 [ERROR] LogOutputStream:75 - [STDERR_REDIRECT] 
2026-09-06 23:54:12,250 [ERROR] LogOutputStream:75 - [STDERR_REDIRECT] [Fatal Error] :1:1: Premature end of file.
2026-09-06 23:54:12,250 [ERROR] LogOutputStream:75 - [STDERR_REDIRECT] 
2026-09-06 23:54:13,251 [ERROR] LogOutputStream:75 - [STDERR_REDIRECT] [Fatal Error] :1:1: Premature end of file.
2026-09-06 23:54:13,251 [ERROR] LogOutputStream:75 - [STDERR_REDIRECT] 
2026-09-06 23:54:14,250 [ERROR] LogOutputStream:75 - [STDERR_REDIRECT] [Fatal Error] :1:1: Premature end of file.
2026-09-06 23:54:14,250 [ERROR] LogOutputStream:75 - [STDERR_REDIRECT] 
2026-09-06 23:54:15,250 [ERROR] LogOutputStream:75 - [STDERR_REDIRECT] [Fatal Error] :1:1: Premature end of file.
2026-09-06 23:54:15,250 [ERROR] LogOutputStream:75 - [STDERR_REDIRECT] 
2026-09-06 23:54:16,251 [ERROR] LogOutputStream:75 - [STDERR_REDIRECT] [Fatal Error] :1:1: Premature end of file.
2026-09-06 23:54:16,251 [ERROR] LogOutputStream:75 - [STDERR_REDIRECT] 
2026-09-06 23:54:17,249 [ERROR] LogOutputStream:75 - [STDERR_REDIRECT] [Fatal Error] :1:1: Premature end of file.
2026-09-06 23:54:17,249 [ERROR] LogOutputStream:75 - [STDERR_REDIRECT] 
2026-09-06 23:54:18,250 [ERROR] LogOutputStream:75 - [STDERR_REDIRECT] [Fatal Error] :1:1: Premature end of file.
2026-09-06 23:54:18,250 [ERROR] LogOutputStream:75 - [STDERR_REDIRECT] 
2026-09-06 23:54:19,250 [ERROR] LogOutputStream:75 - [STDERR_REDIRECT] [Fatal Error] :1:1: Premature end of file.
2026-09-06 23:54:19,250 [ERROR] LogOutputStream:75 - [STDERR_REDIRECT] 
2026-09-06 23:54:20,251 [ERROR] LogOutputStream:75 - [STDERR_REDIRECT] [Fatal Error] :1:1: Premature end of file.
2026-09-06 23:54:20,251 [ERROR] LogOutputStream:75 - [STDERR_REDIRECT] 
2026-09-06 23:54:21,250 [ERROR] LogOutputStream:75 - [STDERR_REDIRECT] [Fatal Error] :1:1: Premature end of file.
2026-09-06 23:54:21,250 [ERROR] LogOutputStream:75 - [STDERR_REDIRECT] 
2026-09-06 23:54:22,250 [ERROR] LogOutputStream:75 - [STDERR_REDIRECT] [Fatal Error] :1:1: Premature end of file.
2026-09-06 23:54:22,250 [ERROR] LogOutputStream:75 - [STDERR_REDIRECT] 
2026-09-06 23:54:23,249 [ERROR] LogOutputStream:75 - [STDERR_REDIRECT] [Fatal Error] :1:1: Premature end of file.
2026-09-06 23:54:23,249 [ERROR] LogOutputStream:75 - [STDERR_REDIRECT] 
2026-09-06 23:54:24,249 [ERROR] LogOutputStream:75 - [STDERR_REDIRECT] [Fatal Error] :1:1: Premature end of file.
2026-09-06 23:54:24,249 [ERROR] LogOutputStream:75 - [STDERR_REDIRECT] 
2026-09-06 23:54:25,250 [ERROR] LogOutputStream:75 - [STDERR_REDIRECT] [Fatal Error] :1:1: Premature end of file.
2026-09-06 23:54:25,250 [ERROR] LogOutputStream:75 - [STDERR_REDIRECT] 
2026-09-06 23:54:26,250 [ERROR] LogOutputStream:75 - [STDERR_REDIRECT] [Fatal Error] :1:1: Premature end of file.
2026-09-06 23:54:26,250 [ERROR] LogOutputStream:75 - [STDERR_REDIRECT] 
2026-09-06 23:54:27,250 [ERROR] LogOutputStream:75 - [STDERR_REDIRECT] [Fatal Error] :1:1: Premature end of file.
2026-09-06 23:54:27,250 [ERROR] LogOutputStream:75 - [STDERR_REDIRECT] 
2026-09-06 23:54:28,250 [ERROR] LogOutputStream:75 - [STDERR_REDIRECT] [Fatal Error] :1:1: Premature end of file.
2026-09-06 23:54:28,250 [ERROR] LogOutputStream:75 - [STDERR_REDIRECT] 
2026-09-06 23:54:29,250 [ERROR] LogOutputStream:75 - [STDERR_REDIRECT] [Fatal Error] :1:1: Premature end of file.
2026-09-06 23:54:29,250 [ERROR] LogOutputStream:75 - [STDERR_REDIRECT] 
2026-09-06 23:54:30,249 [ERROR] LogOutputStream:75 - [STDERR_REDIRECT] [Fatal Error] :1:1: Premature end of file.
2026-09-06 23:54:30,249 [ERROR] LogOutputStream:75 - [STDERR_REDIRECT] 
2026-09-06 23:54:31,251 [ERROR] LogOutputStream:75 - [STDERR_REDIRECT] [Fatal Error] :1:1: Premature end of file.
2026-09-06 23:54:31,251 [ERROR] LogOutputStream:75 - [STDERR_REDIRECT] 
2026-09-06 23:54:32,250 [ERROR] LogOutputStream:75 - [STDERR_REDIRECT] [Fatal Error] :1:1: Premature end of file.
2026-09-06 23:54:32,250 [ERROR] LogOutputStream:75 - [STDERR_REDIRECT] 
2026-09-06 23:54:33,249 [ERROR] LogOutputStream:75 - [STDERR_REDIRECT] [Fatal Error] :1:1: Premature end of file.
2026-09-06 23:54:33,249 [ERROR] LogOutputStream:75 - [STDERR_REDIRECT] 
2026-09-06 23:54:34,249 [ERROR] LogOutputStream:75 - [STDERR_REDIRECT] [Fatal Error] :1:1: Premature end of file.
2026-09-06 23:54:34,249 [ERROR] LogOutputStream:75 - [STDERR_REDIRECT] 
2026-09-06 23:54:35,249 [ERROR] LogOutputStream:75 - [STDERR_REDIRECT] [Fatal Error] :1:1: Premature end of file.
2026-09-06 23:54:35,250 [ERROR] LogOutputStream:75 - [STDERR_REDIRECT] 
2026-09-06 23:54:36,248 [ERROR] LogOutputStream:75 - [STDERR_REDIRECT] [Fatal Error] :1:1: Premature end of file.
2026-09-06 23:54:36,248 [ERROR] LogOutputStream:75 - [STDERR_REDIRECT] 
2026-09-06 23:54:37,250 [ERROR] LogOutputStream:75 - [STDERR_REDIRECT] [Fatal Error] :1:1: Premature end of file.
2026-09-06 23:54:37,250 [ERROR] LogOutputStream:75 - [STDERR_REDIRECT] 
2026-09-06 23:54:38,249 [ERROR] LogOutputStream:75 - [STDERR_REDIRECT] [Fatal Error] :1:1: Premature end of file.
2026-09-06 23:54:38,250 [ERROR] LogOutputStream:75 - [STDERR_REDIRECT] 
2026-09-06 23:54:39,249 [ERROR] LogOutputStream:75 - [STDERR_REDIRECT] [Fatal Error] :1:1: Premature end of file.
2026-09-06 23:54:39,249 [ERROR] LogOutputStream:75 - [STDERR_REDIRECT] 
2026-09-06 23:54:40,249 [ERROR] LogOutputStream:75 - [STDERR_REDIRECT] [Fatal Error] :1:1: Premature end of file.
2026-09-06 23:54:40,249 [ERROR] LogOutputStream:75 - [STDERR_REDIRECT] 
2026-09-06 23:54:41,249 [ERROR] LogOutputStream:75 - [STDERR_REDIRECT] [Fatal Error] :1:1: Premature end of file.
2026-09-06 23:54:41,249 [ERROR] LogOutputStream:75 - [STDERR_REDIRECT] 
2026-09-06 23:54:42,250 [ERROR] LogOutputStream:75 - [STDERR_REDIRECT] [Fatal Error] :1:1: Premature end of file.
2026-09-06 23:54:42,250 [ERROR] LogOutputStream:75 - [STDERR_REDIRECT] 
2026-09-06 23:54:43,249 [ERROR] LogOutputStream:75 - [STDERR_REDIRECT] [Fatal Error] :1:1: Premature end of file.
2026-09-06 23:54:43,249 [ERROR] LogOutputStream:75 - [STDERR_REDIRECT] 
2026-09-06 23:54:44,250 [ERROR] LogOutputStream:75 - [STDERR_REDIRECT] [Fatal Error] :1:1: Premature end of file.
2026-09-06 23:54:44,250 [ERROR] LogOutputStream:75 - [STDERR_REDIRECT] 
2026-09-06 23:54:45,249 [ERROR] LogOutputStream:75 - [STDERR_REDIRECT] [Fatal Error] :1:1: Premature end of file.
2026-09-06 23:54:45,249 [ERROR] LogOutputStream:75 - [STDERR_REDIRECT] 
2026-09-06 23:54:46,249 [ERROR] LogOutputStream:75 - [STDERR_REDIRECT] [Fatal Error] :1:1: Premature end of file.
2026-09-06 23:54:46,249 [ERROR] LogOutputStream:75 - [STDERR_REDIRECT] 
2026-09-06 23:54:47,249 [ERROR] LogOutputStream:75 - [STDERR_REDIRECT] [Fatal Error] :1:1: Premature end of file.
2026-09-06 23:54:47,249 [ERROR] LogOutputStream:75 - [STDERR_REDIRECT] 
2026-09-06 23:54:48,249 [ERROR] LogOutputStream:75 - [STDERR_REDIRECT] [Fatal Error] :1:1: Premature end of file.
2026-09-06 23:54:48,249 [ERROR] LogOutputStream:75 - [STDERR_REDIRECT] 
2026-09-06 23:54:49,249 [ERROR] LogOutputStream:75 - [STDERR_REDIRECT] [Fatal Error] :1:1: Premature end of file.
2026-09-06 23:54:49,249 [ERROR] LogOutputStream:75 - [STDERR_REDIRECT] 
2026-09-06 23:54:50,250 [ERROR] LogOutputStream:75 - [STDERR_REDIRECT] [Fatal Error] :1:1: Premature end of file.
2026-09-06 23:54:50,250 [ERROR] LogOutputStream:75 - [STDERR_REDIRECT] 
2026-09-06 23:54:51,250 [ERROR] LogOutputStream:75 - [STDERR_REDIRECT] [Fatal Error] :1:1: Premature end of file.
2026-09-06 23:54:51,250 [ERROR] LogOutputStream:75 - [STDERR_REDIRECT] 
2026-09-06 23:54:52,249 [ERROR] LogOutputStream:75 - [STDERR_REDIRECT] [Fatal Error] :1:1: Premature end of file.
2026-09-06 23:54:52,249 [ERROR] LogOutputStream:75 - [STDERR_REDIRECT] 
2026-09-06 23:54:53,253 [ERROR] LogOutputStream:75 - [STDERR_REDIRECT] [Fatal Error] :1:1: Premature end of file.
2026-09-06 23:54:53,254 [ERROR] LogOutputStream:75 - [STDERR_REDIRECT] 
2026-09-06 23:54:54,249 [ERROR] LogOutputStream:75 - [STDERR_REDIRECT] [Fatal Error] :1:1: Premature end of file.
2026-09-06 23:54:54,249 [ERROR] LogOutputStream:75 - [STDERR_REDIRECT] 
2026-09-06 23:54:55,248 [ERROR] LogOutputStream:75 - [STDERR_REDIRECT] [Fatal Error] :1:1: Premature end of file.
2026-09-06 23:54:55,249 [ERROR] LogOutputStream:75 - [STDERR_REDIRECT] 
2026-09-06 23:54:56,250 [ERROR] LogOutputStream:75 - [STDERR_REDIRECT] [Fatal Error] :1:1: Premature end of file.
2026-09-06 23:54:56,250 [ERROR] LogOutputStream:75 - [STDERR_REDIRECT] 
2026-09-06 23:54:57,251 [ERROR] LogOutputStream:75 - [STDERR_REDIRECT] [Fatal Error] :1:1: Premature end of file.
2026-09-06 23:54:57,251 [ERROR] LogOutputStream:75 - [STDERR_REDIRECT] 
2026-09-06 23:54:58,251 [ERROR] LogOutputStream:75 - [STDERR_REDIRECT] [Fatal Error] :1:1: Premature end of file.
2026-09-06 23:54:58,251 [ERROR] LogOutputStream:75 - [STDERR_REDIRECT] 
2026-09-06 23:54:59,250 [ERROR] LogOutputStream:75 - [STDERR_REDIRECT] [Fatal Error] :1:1: Premature end of file.
2026-09-06 23:54:59,250 [ERROR] LogOutputStream:75 - [STDERR_REDIRECT] 
2026-09-06 23:55:00,250 [ERROR] LogOutputStream:75 - [STDERR_REDIRECT] [Fatal Error] :1:1: Premature end of file.
2026-09-06 23:55:00,250 [ERROR] LogOutputStream:75 - [STDERR_REDIRECT] 
2026-09-06 23:55:01,251 [ERROR] LogOutputStream:75 - [STDERR_REDIRECT] [Fatal Error] :1:1: Premature end of file.
2026-09-06 23:55:01,251 [ERROR] LogOutputStream:75 - [STDERR_REDIRECT] 
2026-09-06 23:55:02,250 [ERROR] LogOutputStream:75 - [STDERR_REDIRECT] [Fatal Error] :1:1: Premature end of file.
2026-09-06 23:55:02,250 [ERROR] LogOutputStream:75 - [STDERR_REDIRECT] 
2026-09-06 23:55:03,249 [ERROR] LogOutputStream:75 - [STDERR_REDIRECT] [Fatal Error] :1:1: Premature end of file.
2026-09-06 23:55:03,249 [ERROR] LogOutputStream:75 - [STDERR_REDIRECT] 
2026-09-06 23:55:04,250 [ERROR] LogOutputStream:75 - [STDERR_REDIRECT] [Fatal Error] :1:1: Premature end of file.
2026-09-06 23:55:04,250 [ERROR] LogOutputStream:75 - [STDERR_REDIRECT] 
2026-09-06 23:55:05,250 [ERROR] LogOutputStream:75 - [STDERR_REDIRECT] [Fatal Error] :1:1: Premature end of file.
2026-09-06 23:55:05,250 [ERROR] LogOutputStream:75 - [STDERR_REDIRECT] 
2026-09-06 23:55:06,248 [ERROR] LogOutputStream:75 - [STDERR_REDIRECT] [Fatal Error] :1:1: Premature end of file.
2026-09-06 23:55:06,248 [ERROR] LogOutputStream:75 - [STDERR_REDIRECT] 
2026-09-06 23:55:07,250 [ERROR] LogOutputStream:75 - [STDERR_REDIRECT] [Fatal Error] :1:1: Premature end of file.
2026-09-06 23:55:07,250 [ERROR] LogOutputStream:75 - [STDERR_REDIRECT] 
2026-09-06 23:55:08,250 [ERROR] LogOutputStream:75 - [STDERR_REDIRECT] [Fatal Error] :1:1: Premature end of file.
2026-09-06 23:55:08,250 [ERROR] LogOutputStream:75 - [STDERR_REDIRECT] 
2026-09-06 23:55:09,249 [ERROR] LogOutputStream:75 - [STDERR_REDIRECT] [Fatal Error] :1:1: Premature end of file.
2026-09-06 23:55:09,249 [ERROR] LogOutputStream:75 - [STDERR_REDIRECT] 
2026-09-06 23:55:10,250 [ERROR] LogOutputStream:75 - [STDERR_REDIRECT] [Fatal Error] :1:1: Premature end of file.
2026-09-06 23:55:10,250 [ERROR] LogOutputStream:75 - [STDERR_REDIRECT] 
2026-09-06 23:55:11,250 [ERROR] LogOutputStream:75 - [STDERR_REDIRECT] [Fatal Error] :1:1: Premature end of file.
2026-09-06 23:55:11,250 [ERROR] LogOutputStream:75 - [STDERR_REDIRECT] 
2026-09-06 23:55:12,251 [ERROR] LogOutputStream:75 - [STDERR_REDIRECT] [Fatal Error] :1:1: Premature end of file.
2026-09-06 23:55:12,251 [ERROR] LogOutputStream:75 - [STDERR_REDIRECT] 
2026-09-06 23:55:13,249 [ERROR] LogOutputStream:75 - [STDERR_REDIRECT] [Fatal Error] :1:1: Premature end of file.
2026-09-06 23:55:13,249 [ERROR] LogOutputStream:75 - [STDERR_REDIRECT] 
2026-09-06 23:55:14,250 [ERROR] LogOutputStream:75 - [STDERR_REDIRECT] [Fatal Error] :1:1: Premature end of file.
2026-09-06 23:55:14,250 [ERROR] LogOutputStream:75 - [STDERR_REDIRECT] 
2026-09-06 23:55:15,249 [ERROR] LogOutputStream:75 - [STDERR_REDIRECT] [Fatal Error] :1:1: Premature end of file.
2026-09-06 23:55:15,249 [ERROR] LogOutputStream:75 - [STDERR_REDIRECT] 
2026-09-06 23:55:16,251 [ERROR] LogOutputStream:75 - [STDERR_REDIRECT] [Fatal Error] :1:1: Premature end of file.
2026-09-06 23:55:16,251 [ERROR] LogOutputStream:75 - [STDERR_REDIRECT] 
2026-09-06 23:55:17,249 [ERROR] LogOutputStream:75 - [STDERR_REDIRECT] [Fatal Error] :1:1: Premature end of file.
2026-09-06 23:55:17,249 [ERROR] LogOutputStream:75 - [STDERR_REDIRECT] 
2026-09-06 23:55:18,250 [ERROR] LogOutputStream:75 - [STDERR_REDIRECT] [Fatal Error] :1:1: Premature end of file.
2026-09-06 23:55:18,250 [ERROR] LogOutputStream:75 - [STDERR_REDIRECT] 
2026-09-06 23:55:19,251 [ERROR] LogOutputStream:75 - [STDERR_REDIRECT] [Fatal Error] :1:1: Premature end of file.
2026-09-06 23:55:19,251 [ERROR] LogOutputStream:75 - [STDERR_REDIRECT] 
2026-09-06 23:55:20,250 [ERROR] LogOutputStream:75 - [STDERR_REDIRECT] [Fatal Error] :1:1: Premature end of file.
2026-09-06 23:55:20,251 [ERROR] LogOutputStream:75 - [STDERR_REDIRECT] 
2026-09-06 23:55:21,250 [ERROR] LogOutputStream:75 - [STDERR_REDIRECT] [Fatal Error] :1:1: Premature end of file.
2026-09-06 23:55:21,250 [ERROR] LogOutputStream:75 - [STDERR_REDIRECT] 
2026-09-06 23:55:22,250 [ERROR] LogOutputStream:75 - [STDERR_REDIRECT] [Fatal Error] :1:1: Premature end of file.
2026-09-06 23:55:22,250 [ERROR] LogOutputStream:75 - [STDERR_REDIRECT] 
2026-09-06 23:55:23,249 [ERROR] LogOutputStream:75 - [STDERR_REDIRECT] [Fatal Error] :1:1: Premature end of file.
2026-09-06 23:55:23,250 [ERROR] LogOutputStream:75 - [STDERR_REDIRECT] 
2026-09-06 23:55:24,248 [ERROR] LogOutputStream:75 - [STDERR_REDIRECT] [Fatal Error] :1:1: Premature end of file.
2026-09-06 23:55:24,249 [ERROR] LogOutputStream:75 - [STDERR_REDIRECT] 
2026-09-06 23:55:25,249 [ERROR] LogOutputStream:75 - [STDERR_REDIRECT] [Fatal Error] :1:1: Premature end of file.
2026-09-06 23:55:25,250 [ERROR] LogOutputStream:75 - [STDERR_REDIRECT] 
2026-09-06 23:55:26,249 [ERROR] LogOutputStream:75 - [STDERR_REDIRECT] [Fatal Error] :1:1: Premature end of file.
2026-09-06 23:55:26,249 [ERROR] LogOutputStream:75 - [STDERR_REDIRECT] 
2026-09-06 23:55:27,249 [ERROR] LogOutputStream:75 - [STDERR_REDIRECT] [Fatal Error] :1:1: Premature end of file.
2026-09-06 23:55:27,249 [ERROR] LogOutputStream:75 - [STDERR_REDIRECT] 
2026-09-06 23:55:28,249 [ERROR] LogOutputStream:75 - [STDERR_REDIRECT] [Fatal Error] :1:1: Premature end of file.
2026-09-06 23:55:28,249 [ERROR] LogOutputStream:75 - [STDERR_REDIRECT] 
2026-09-06 23:55:29,249 [ERROR] LogOutputStream:75 - [STDERR_REDIRECT] [Fatal Error] :1:1: Premature end of file.
2026-09-06 23:55:29,249 [ERROR] LogOutputStream:75 - [STDERR_REDIRECT] 
2026-09-06 23:55:30,250 [ERROR] LogOutputStream:75 - [STDERR_REDIRECT] [Fatal Error] :1:1: Premature end of file.
2026-09-06 23:55:30,250 [ERROR] LogOutputStream:75 - [STDERR_REDIRECT] 
2026-09-06 23:55:31,249 [ERROR] LogOutputStream:75 - [STDERR_REDIRECT] [Fatal Error] :1:1: Premature end of file.
2026-09-06 23:55:31,249 [ERROR] LogOutputStream:75 - [STDERR_REDIRECT] 
2026-09-06 23:55:32,248 [ERROR] LogOutputStream:75 - [STDERR_REDIRECT] [Fatal Error] :1:1: Premature end of file.
2026-09-06 23:55:32,249 [ERROR] LogOutputStream:75 - [STDERR_REDIRECT] 
2026-09-06 23:55:33,250 [ERROR] LogOutputStream:75 - [STDERR_REDIRECT] [Fatal Error] :1:1: Premature end of file.
2026-09-06 23:55:33,250 [ERROR] LogOutputStream:75 - [STDERR_REDIRECT] 
2026-09-06 23:55:34,250 [ERROR] LogOutputStream:75 - [STDERR_REDIRECT] [Fatal Error] :1:1: Premature end of file.
2026-09-06 23:55:34,250 [ERROR] LogOutputStream:75 - [STDERR_REDIRECT] 
2026-09-06 23:55:35,251 [ERROR] LogOutputStream:75 - [STDERR_REDIRECT] [Fatal Error] :1:1: Premature end of file.
2026-09-06 23:55:35,251 [ERROR] LogOutputStream:75 - [STDERR_REDIRECT] 
2026-09-06 23:55:36,249 [ERROR] LogOutputStream:75 - [STDERR_REDIRECT] [Fatal Error] :1:1: Premature end of file.
2026-09-06 23:55:36,249 [ERROR] LogOutputStream:75 - [STDERR_REDIRECT] 
2026-09-06 23:55:37,250 [ERROR] LogOutputStream:75 - [STDERR_REDIRECT] [Fatal Error] :1:1: Premature end of file.
2026-09-06 23:55:37,250 [ERROR] LogOutputStream:75 - [STDERR_REDIRECT] 
2026-09-06 23:55:38,249 [ERROR] LogOutputStream:75 - [STDERR_REDIRECT] [Fatal Error] :1:1: Premature end of file.
2026-09-06 23:55:38,249 [ERROR] LogOutputStream:75 - [STDERR_REDIRECT] 
2026-09-06 23:55:39,250 [ERROR] LogOutputStream:75 - [STDERR_REDIRECT] [Fatal Error] :1:1: Premature end of file.
2026-09-06 23:55:39,250 [ERROR] LogOutputStream:75 - [STDERR_REDIRECT] 
2026-09-06 23:55:40,250 [ERROR] LogOutputStream:75 - [STDERR_REDIRECT] [Fatal Error] :1:1: Premature end of file.
2026-09-06 23:55:40,250 [ERROR] LogOutputStream:75 - [STDERR_REDIRECT] 
2026-09-06 23:55:41,251 [ERROR] LogOutputStream:75 - [STDERR_REDIRECT] [Fatal Error] :1:1: Premature end of file.
2026-09-06 23:55:41,251 [ERROR] LogOutputStream:75 - [STDERR_REDIRECT] 
2026-09-06 23:55:42,251 [ERROR] LogOutputStream:75 - [STDERR_REDIRECT] [Fatal Error] :1:1: Premature end of file.
2026-09-06 23:55:42,251 [ERROR] LogOutputStream:75 - [STDERR_REDIRECT] 
2026-09-06 23:55:43,251 [ERROR] LogOutputStream:75 - [STDERR_REDIRECT] [Fatal Error] :1:1: Premature end of file.
2026-09-06 23:55:43,253 [ERROR] LogOutputStream:75 - [STDERR_REDIRECT] 
2026-09-06 23:55:44,251 [ERROR] LogOutputStream:75 - [STDERR_REDIRECT] [Fatal Error] :1:1: Premature end of file.
2026-09-06 23:55:44,251 [ERROR] LogOutputStream:75 - [STDERR_REDIRECT] 
2026-09-06 23:55:45,249 [ERROR] LogOutputStream:75 - [STDERR_REDIRECT] [Fatal Error] :1:1: Premature end of file.
2026-09-06 23:55:45,250 [ERROR] LogOutputStream:75 - [STDERR_REDIRECT] 
2026-09-06 23:55:46,251 [ERROR] LogOutputStream:75 - [STDERR_REDIRECT] [Fatal Error] :1:1: Premature end of file.
2026-09-06 23:55:46,251 [ERROR] LogOutputStream:75 - [STDERR_REDIRECT] 
2026-09-06 23:55:47,251 [ERROR] LogOutputStream:75 - [STDERR_REDIRECT] [Fatal Error] :1:1: Premature end of file.
2026-09-06 23:55:47,251 [ERROR] LogOutputStream:75 - [STDERR_REDIRECT] 
2026-09-06 23:55:48,251 [ERROR] LogOutputStream:75 - [STDERR_REDIRECT] [Fatal Error] :1:1: Premature end of file.
2026-09-06 23:55:48,251 [ERROR] LogOutputStream:75 - [STDERR_REDIRECT] 
2026-09-06 23:55:49,252 [ERROR] LogOutputStream:75 - [STDERR_REDIRECT] [Fatal Error] :1:1: Premature end of file.
2026-09-06 23:55:49,252 [ERROR] LogOutputStream:75 - [STDERR_REDIRECT] 
2026-09-06 23:55:50,251 [ERROR] LogOutputStream:75 - [STDERR_REDIRECT] [Fatal Error] :1:1: Premature end of file.
2026-09-06 23:55:50,252 [ERROR] LogOutputStream:75 - [STDERR_REDIRECT] 
2026-09-06 23:55:51,253 [ERROR] LogOutputStream:75 - [STDERR_REDIRECT] [Fatal Error] :1:1: Premature end of file.
2026-09-06 23:55:51,253 [ERROR] LogOutputStream:75 - [STDERR_REDIRECT] 
2026-09-06 23:55:52,255 [ERROR] LogOutputStream:75 - [STDERR_REDIRECT] [Fatal Error] :1:1: Premature end of file.
2026-09-06 23:55:52,255 [ERROR] LogOutputStream:75 - [STDERR_REDIRECT] 
2026-09-06 23:55:53,252 [ERROR] LogOutputStream:75 - [STDERR_REDIRECT] [Fatal Error] :1:1: Premature end of file.
2026-09-06 23:55:53,252 [ERROR] LogOutputStream:75 - [STDERR_REDIRECT] 
2026-09-06 23:55:54,261 [ERROR] LogOutputStream:75 - [STDERR_REDIRECT] [Fatal Error] :1:1: Premature end of file.
2026-09-06 23:55:54,261 [ERROR] LogOutputStream:75 - [STDERR_REDIRECT] 
2026-09-06 23:55:55,257 [ERROR] LogOutputStream:75 - [STDERR_REDIRECT] [Fatal Error] :1:1: Premature end of file.
2026-09-06 23:55:55,258 [ERROR] LogOutputStream:75 - [STDERR_REDIRECT] 
2026-09-06 23:55:56,253 [ERROR] LogOutputStream:75 - [STDERR_REDIRECT] [Fatal Error] :1:1: Premature end of file.
2026-09-06 23:55:56,254 [ERROR] LogOutputStream:75 - [STDERR_REDIRECT] 
2026-09-06 23:55:57,263 [ERROR] LogOutputStream:75 - [STDERR_REDIRECT] [Fatal Error] :1:1: Premature end of file.
2026-09-06 23:55:57,264 [ERROR] LogOutputStream:75 - [STDERR_REDIRECT] 
2026-09-06 23:55:58,255 [ERROR] LogOutputStream:75 - [STDERR_REDIRECT] [Fatal Error] :1:1: Premature end of file.
2026-09-06 23:55:58,255 [ERROR] LogOutputStream:75 - [STDERR_REDIRECT] 
2026-09-06 23:55:59,252 [ERROR] LogOutputStream:75 - [STDERR_REDIRECT] [Fatal Error] :1:1: Premature end of file.
2026-09-06 23:55:59,252 [ERROR] LogOutputStream:75 - [STDERR_REDIRECT] 
2026-09-06 23:56:00,263 [ERROR] LogOutputStream:75 - [STDERR_REDIRECT] [Fatal Error] :1:1: Premature end of file.
2026-09-06 23:56:00,263 [ERROR] LogOutputStream:75 - [STDERR_REDIRECT] 
2026-09-06 23:56:01,252 [ERROR] LogOutputStream:75 - [STDERR_REDIRECT] [Fatal Error] :1:1: Premature end of file.
2026-09-06 23:56:01,252 [ERROR] LogOutputStream:75 - [STDERR_REDIRECT] 
2026-09-06 23:56:02,260 [ERROR] LogOutputStream:75 - [STDERR_REDIRECT] [Fatal Error] :1:1: Premature end of file.
2026-09-06 23:56:02,260 [ERROR] LogOutputStream:75 - [STDERR_REDIRECT] 
2026-09-06 23:56:03,257 [ERROR] LogOutputStream:75 - [STDERR_REDIRECT] [Fatal Error] :1:1: Premature end of file.
2026-09-06 23:56:03,257 [ERROR] LogOutputStream:75 - [STDERR_REDIRECT] 
2026-09-06 23:56:04,250 [ERROR] LogOutputStream:75 - [STDERR_REDIRECT] [Fatal Error] :1:1: Premature end of file.
2026-09-06 23:56:04,250 [ERROR] LogOutputStream:75 - [STDERR_REDIRECT] 
2026-09-06 23:56:05,266 [ERROR] LogOutputStream:75 - [STDERR_REDIRECT] [Fatal Error] :1:1: Premature end of file.
2026-09-06 23:56:05,266 [ERROR] LogOutputStream:75 - [STDERR_REDIRECT] 
2026-09-06 23:56:06,260 [ERROR] LogOutputStream:75 - [STDERR_REDIRECT] [Fatal Error] :1:1: Premature end of file.
2026-09-06 23:56:06,260 [ERROR] LogOutputStream:75 - [STDERR_REDIRECT] 
2026-09-06 23:56:07,257 [ERROR] LogOutputStream:75 - [STDERR_REDIRECT] [Fatal Error] :1:1: Premature end of file.
2026-09-06 23:56:07,257 [ERROR] LogOutputStream:75 - [STDERR_REDIRECT] 
2026-09-06 23:56:08,257 [ERROR] LogOutputStream:75 - [STDERR_REDIRECT] [Fatal Error] :1:1: Premature end of file.
2026-09-06 23:56:08,257 [ERROR] LogOutputStream:75 - [STDERR_REDIRECT] 
2026-09-06 23:56:09,250 [ERROR] LogOutputStream:75 - [STDERR_REDIRECT] [Fatal Error] :1:1: Premature end of file.
2026-09-06 23:56:09,250 [ERROR] LogOutputStream:75 - [STDERR_REDIRECT] 
2026-09-06 23:56:10,258 [ERROR] LogOutputStream:75 - [STDERR_REDIRECT] [Fatal Error] :1:1: Premature end of file.
2026-09-06 23:56:10,258 [ERROR] LogOutputStream:75 - [STDERR_REDIRECT] 
2026-09-06 23:56:11,259 [ERROR] LogOutputStream:75 - [STDERR_REDIRECT] [Fatal Error] :1:1: Premature end of file.
2026-09-06 23:56:11,259 [ERROR] LogOutputStream:75 - [STDERR_REDIRECT] 
2026-09-06 23:56:12,256 [ERROR] LogOutputStream:75 - [STDERR_REDIRECT] [Fatal Error] :1:1: Premature end of file.
2026-09-06 23:56:12,257 [ERROR] LogOutputStream:75 - [STDERR_REDIRECT] 
2026-09-06 23:56:13,255 [ERROR] LogOutputStream:75 - [STDERR_REDIRECT] [Fatal Error] :1:1: Premature end of file.
2026-09-06 23:56:13,256 [ERROR] LogOutputStream:75 - [STDERR_REDIRECT] 
2026-09-06 23:56:14,253 [ERROR] LogOutputStream:75 - [STDERR_REDIRECT] [Fatal Error] :1:1: Premature end of file.
2026-09-06 23:56:14,253 [ERROR] LogOutputStream:75 - [STDERR_REDIRECT] 
2026-09-06 23:56:15,248 [ERROR] LogOutputStream:75 - [STDERR_REDIRECT] [Fatal Error] :1:1: Premature end of file.
2026-09-06 23:56:15,249 [ERROR] LogOutputStream:75 - [STDERR_REDIRECT] 
2026-09-06 23:56:16,254 [ERROR] LogOutputStream:75 - [STDERR_REDIRECT] [Fatal Error] :1:1: Premature end of file.
2026-09-06 23:56:16,254 [ERROR] LogOutputStream:75 - [STDERR_REDIRECT] 
2026-09-06 23:56:17,250 [ERROR] LogOutputStream:75 - [STDERR_REDIRECT] [Fatal Error] :1:1: Premature end of file.
2026-09-06 23:56:17,250 [ERROR] LogOutputStream:75 - [STDERR_REDIRECT] 
2026-09-06 23:56:18,260 [ERROR] LogOutputStream:75 - [STDERR_REDIRECT] [Fatal Error] :1:1: Premature end of file.
2026-09-06 23:56:18,261 [ERROR] LogOutputStream:75 - [STDERR_REDIRECT] 
2026-09-06 23:56:19,260 [ERROR] LogOutputStream:75 - [STDERR_REDIRECT] [Fatal Error] :1:1: Premature end of file.
2026-09-06 23:56:19,260 [ERROR] LogOutputStream:75 - [STDERR_REDIRECT] 
2026-09-06 23:56:20,253 [ERROR] LogOutputStream:75 - [STDERR_REDIRECT] [Fatal Error] :1:1: Premature end of file.
2026-09-06 23:56:20,253 [ERROR] LogOutputStream:75 - [STDERR_REDIRECT] 
2026-09-06 23:56:21,253 [ERROR] LogOutputStream:75 - [STDERR_REDIRECT] [Fatal Error] :1:1: Premature end of file.
2026-09-06 23:56:21,253 [ERROR] LogOutputStream:75 - [STDERR_REDIRECT] 
2026-09-06 23:56:22,251 [ERROR] LogOutputStream:75 - [STDERR_REDIRECT] [Fatal Error] :1:1: Premature end of file.
2026-09-06 23:56:22,251 [ERROR] LogOutputStream:75 - [STDERR_REDIRECT] 
2026-09-06 23:56:23,262 [ERROR] LogOutputStream:75 - [STDERR_REDIRECT] [Fatal Error] :1:1: Premature end of file.
2026-09-06 23:56:23,262 [ERROR] LogOutputStream:75 - [STDERR_REDIRECT] 
2026-09-06 23:56:24,256 [ERROR] LogOutputStream:75 - [STDERR_REDIRECT] [Fatal Error] :1:1: Premature end of file.
2026-09-06 23:56:24,256 [ERROR] LogOutputStream:75 - [STDERR_REDIRECT] 
2026-09-06 23:56:25,255 [ERROR] LogOutputStream:75 - [STDERR_REDIRECT] [Fatal Error] :1:1: Premature end of file.
2026-09-06 23:56:25,255 [ERROR] LogOutputStream:75 - [STDERR_REDIRECT] 
2026-09-06 23:56:26,250 [ERROR] LogOutputStream:75 - [STDERR_REDIRECT] [Fatal Error] :1:1: Premature end of file.
2026-09-06 23:56:26,250 [ERROR] LogOutputStream:75 - [STDERR_REDIRECT] 
2026-09-06 23:56:27,260 [ERROR] LogOutputStream:75 - [STDERR_REDIRECT] [Fatal Error] :1:1: Premature end of file.
2026-09-06 23:56:27,260 [ERROR] LogOutputStream:75 - [STDERR_REDIRECT] 
2026-09-06 23:56:28,251 [ERROR] LogOutputStream:75 - [STDERR_REDIRECT] [Fatal Error] :1:1: Premature end of file.
2026-09-06 23:56:28,251 [ERROR] LogOutputStream:75 - [STDERR_REDIRECT] 
2026-09-06 23:56:29,261 [ERROR] LogOutputStream:75 - [STDERR_REDIRECT] [Fatal Error] :1:1: Premature end of file.
2026-09-06 23:56:29,261 [ERROR] LogOutputStream:75 - [STDERR_REDIRECT] 
2026-09-06 23:56:30,258 [ERROR] LogOutputStream:75 - [STDERR_REDIRECT] [Fatal Error] :1:1: Premature end of file.
2026-09-06 23:56:30,258 [ERROR] LogOutputStream:75 - [STDERR_REDIRECT] 
2026-09-06 23:56:31,254 [ERROR] LogOutputStream:75 - [STDERR_REDIRECT] [Fatal Error] :1:1: Premature end of file.
2026-09-06 23:56:31,254 [ERROR] LogOutputStream:75 - [STDERR_REDIRECT] 
2026-09-06 23:56:32,264 [ERROR] LogOutputStream:75 - [STDERR_REDIRECT] [Fatal Error] :1:1: Premature end of file.
2026-09-06 23:56:32,264 [ERROR] LogOutputStream:75 - [STDERR_REDIRECT] 
2026-09-06 23:56:33,261 [ERROR] LogOutputStream:75 - [STDERR_REDIRECT] [Fatal Error] :1:1: Premature end of file.
2026-09-06 23:56:33,261 [ERROR] LogOutputStream:75 - [STDERR_REDIRECT] 
2026-09-06 23:56:34,257 [ERROR] LogOutputStream:75 - [STDERR_REDIRECT] [Fatal Error] :1:1: Premature end of file.
2026-09-06 23:56:34,258 [ERROR] LogOutputStream:75 - [STDERR_REDIRECT] 
2026-09-06 23:56:35,253 [ERROR] LogOutputStream:75 - [STDERR_REDIRECT] [Fatal Error] :1:1: Premature end of file.
2026-09-06 23:56:35,253 [ERROR] LogOutputStream:75 - [STDERR_REDIRECT] 
2026-09-06 23:56:36,259 [ERROR] LogOutputStream:75 - [STDERR_REDIRECT] [Fatal Error] :1:1: Premature end of file.
2026-09-06 23:56:36,260 [ERROR] LogOutputStream:75 - [STDERR_REDIRECT] 
2026-09-06 23:56:37,252 [ERROR] LogOutputStream:75 - [STDERR_REDIRECT] [Fatal Error] :1:1: Premature end of file.
2026-09-06 23:56:37,252 [ERROR] LogOutputStream:75 - [STDERR_REDIRECT] 
2026-09-06 23:56:38,252 [ERROR] LogOutputStream:75 - [STDERR_REDIRECT] [Fatal Error] :1:1: Premature end of file.
2026-09-06 23:56:38,252 [ERROR] LogOutputStream:75 - [STDERR_REDIRECT] 
2026-09-06 23:56:39,256 [ERROR] LogOutputStream:75 - [STDERR_REDIRECT] [Fatal Error] :1:1: Premature end of file.
2026-09-06 23:56:39,256 [ERROR] LogOutputStream:75 - [STDERR_REDIRECT] 
2026-09-06 23:56:40,248 [ERROR] LogOutputStream:75 - [STDERR_REDIRECT] [Fatal Error] :1:1: Premature end of file.
2026-09-06 23:56:40,249 [ERROR] LogOutputStream:75 - [STDERR_REDIRECT] 
2026-09-06 23:56:41,249 [ERROR] LogOutputStream:75 - [STDERR_REDIRECT] [Fatal Error] :1:1: Premature end of file.
2026-09-06 23:56:41,249 [ERROR] LogOutputStream:75 - [STDERR_REDIRECT] 
2026-09-06 23:56:42,249 [ERROR] LogOutputStream:75 - [STDERR_REDIRECT] [Fatal Error] :1:1: Premature end of file.
2026-09-06 23:56:42,249 [ERROR] LogOutputStream:75 - [STDERR_REDIRECT] 
2026-09-06 23:56:43,249 [ERROR] LogOutputStream:75 - [STDERR_REDIRECT] [Fatal Error] :1:1: Premature end of file.
2026-09-06 23:56:43,249 [ERROR] LogOutputStream:75 - [STDERR_REDIRECT] 
2026-09-06 23:56:44,249 [ERROR] LogOutputStream:75 - [STDERR_REDIRECT] [Fatal Error] :1:1: Premature end of file.
2026-09-06 23:56:44,249 [ERROR] LogOutputStream:75 - [STDERR_REDIRECT] 
2026-09-06 23:56:45,250 [ERROR] LogOutputStream:75 - [STDERR_REDIRECT] [Fatal Error] :1:1: Premature end of file.
2026-09-06 23:56:45,250 [ERROR] LogOutputStream:75 - [STDERR_REDIRECT] 
2026-09-06 23:56:46,250 [ERROR] LogOutputStream:75 - [STDERR_REDIRECT] [Fatal Error] :1:1: Premature end of file.
2026-09-06 23:56:46,250 [ERROR] LogOutputStream:75 - [STDERR_REDIRECT] 
2026-09-06 23:56:47,249 [ERROR] LogOutputStream:75 - [STDERR_REDIRECT] [Fatal Error] :1:1: Premature end of file.
2026-09-06 23:56:47,250 [ERROR] LogOutputStream:75 - [STDERR_REDIRECT] 
2026-09-06 23:56:48,249 [ERROR] LogOutputStream:75 - [STDERR_REDIRECT] [Fatal Error] :1:1: Premature end of file.
2026-09-06 23:56:48,249 [ERROR] LogOutputStream:75 - [STDERR_REDIRECT] 
2026-09-06 23:56:49,249 [ERROR] LogOutputStream:75 - [STDERR_REDIRECT] [Fatal Error] :1:1: Premature end of file.
2026-09-06 23:56:49,249 [ERROR] LogOutputStream:75 - [STDERR_REDIRECT] 
2026-09-06 23:56:50,250 [ERROR] LogOutputStream:75 - [STDERR_REDIRECT] [Fatal Error] :1:1: Premature end of file.
2026-09-06 23:56:50,250 [ERROR] LogOutputStream:75 - [STDERR_REDIRECT] 
2026-09-06 23:56:51,250 [ERROR] LogOutputStream:75 - [STDERR_REDIRECT] [Fatal Error] :1:1: Premature end of file.
2026-09-06 23:56:51,250 [ERROR] LogOutputStream:75 - [STDERR_REDIRECT] 
2026-09-06 23:56:52,249 [ERROR] LogOutputStream:75 - [STDERR_REDIRECT] [Fatal Error] :1:1: Premature end of file.
2026-09-06 23:56:52,249 [ERROR] LogOutputStream:75 - [STDERR_REDIRECT] 
2026-09-06 23:56:53,248 [ERROR] LogOutputStream:75 - [STDERR_REDIRECT] [Fatal Error] :1:1: Premature end of file.
2026-09-06 23:56:53,248 [ERROR] LogOutputStream:75 - [STDERR_REDIRECT] 
2026-09-06 23:56:54,249 [ERROR] LogOutputStream:75 - [STDERR_REDIRECT] [Fatal Error] :1:1: Premature end of file.
2026-09-06 23:56:54,249 [ERROR] LogOutputStream:75 - [STDERR_REDIRECT] 
2026-09-06 23:56:55,251 [ERROR] LogOutputStream:75 - [STDERR_REDIRECT] [Fatal Error] :1:1: Premature end of file.
2026-09-06 23:56:55,251 [ERROR] LogOutputStream:75 - [STDERR_REDIRECT] 
2026-09-06 23:56:56,251 [ERROR] LogOutputStream:75 - [STDERR_REDIRECT] [Fatal Error] :1:1: Premature end of file.
2026-09-06 23:56:56,251 [ERROR] LogOutputStream:75 - [STDERR_REDIRECT] 
2026-09-06 23:56:57,250 [ERROR] LogOutputStream:75 - [STDERR_REDIRECT] [Fatal Error] :1:1: Premature end of file.
2026-09-06 23:56:57,250 [ERROR] LogOutputStream:75 - [STDERR_REDIRECT] 
2026-09-06 23:56:58,249 [ERROR] LogOutputStream:75 - [STDERR_REDIRECT] [Fatal Error] :1:1: Premature end of file.
2026-09-06 23:56:58,249 [ERROR] LogOutputStream:75 - [STDERR_REDIRECT] 
2026-09-06 23:56:59,249 [ERROR] LogOutputStream:75 - [STDERR_REDIRECT] [Fatal Error] :1:1: Premature end of file.
2026-09-06 23:56:59,249 [ERROR] LogOutputStream:75 - [STDERR_REDIRECT] 
2026-09-06 23:57:00,250 [ERROR] LogOutputStream:75 - [STDERR_REDIRECT] [Fatal Error] :1:1: Premature end of file.
2026-09-06 23:57:00,250 [ERROR] LogOutputStream:75 - [STDERR_REDIRECT] 
2026-09-06 23:57:01,249 [ERROR] LogOutputStream:75 - [STDERR_REDIRECT] [Fatal Error] :1:1: Premature end of file.
2026-09-06 23:57:01,249 [ERROR] LogOutputStream:75 - [STDERR_REDIRECT] 
2026-09-06 23:57:02,249 [ERROR] LogOutputStream:75 - [STDERR_REDIRECT] [Fatal Error] :1:1: Premature end of file.
2026-09-06 23:57:02,249 [ERROR] LogOutputStream:75 - [STDERR_REDIRECT] 
2026-09-06 23:57:03,249 [ERROR] LogOutputStream:75 - [STDERR_REDIRECT] [Fatal Error] :1:1: Premature end of file.
2026-09-06 23:57:03,249 [ERROR] LogOutputStream:75 - [STDERR_REDIRECT] 
2026-09-06 23:57:04,249 [ERROR] LogOutputStream:75 - [STDERR_REDIRECT] [Fatal Error] :1:1: Premature end of file.
2026-09-06 23:57:04,249 [ERROR] LogOutputStream:75 - [STDERR_REDIRECT] 
2026-09-06 23:57:05,250 [ERROR] LogOutputStream:75 - [STDERR_REDIRECT] [Fatal Error] :1:1: Premature end of file.
2026-09-06 23:57:05,250 [ERROR] LogOutputStream:75 - [STDERR_REDIRECT] 
2026-09-06 23:57:06,248 [ERROR] LogOutputStream:75 - [STDERR_REDIRECT] [Fatal Error] :1:1: Premature end of file.
2026-09-06 23:57:06,248 [ERROR] LogOutputStream:75 - [STDERR_REDIRECT] 
2026-09-06 23:57:07,250 [ERROR] LogOutputStream:75 - [STDERR_REDIRECT] [Fatal Error] :1:1: Premature end of file.
2026-09-06 23:57:07,250 [ERROR] LogOutputStream:75 - [STDERR_REDIRECT] 
2026-09-06 23:57:08,249 [ERROR] LogOutputStream:75 - [STDERR_REDIRECT] [Fatal Error] :1:1: Premature end of file.
2026-09-06 23:57:08,249 [ERROR] LogOutputStream:75 - [STDERR_REDIRECT] 
2026-09-06 23:57:09,249 [ERROR] LogOutputStream:75 - [STDERR_REDIRECT] [Fatal Error] :1:1: Premature end of file.
2026-09-06 23:57:09,249 [ERROR] LogOutputStream:75 - [STDERR_REDIRECT] 
2026-09-06 23:57:10,249 [ERROR] LogOutputStream:75 - [STDERR_REDIRECT] [Fatal Error] :1:1: Premature end of file.
2026-09-06 23:57:10,250 [ERROR] LogOutputStream:75 - [STDERR_REDIRECT] 
2026-09-06 23:57:11,250 [ERROR] LogOutputStream:75 - [STDERR_REDIRECT] [Fatal Error] :1:1: Premature end of file.
2026-09-06 23:57:11,251 [ERROR] LogOutputStream:75 - [STDERR_REDIRECT] 
2026-09-06 23:57:12,250 [ERROR] LogOutputStream:75 - [STDERR_REDIRECT] [Fatal Error] :1:1: Premature end of file.
2026-09-06 23:57:12,250 [ERROR] LogOutputStream:75 - [STDERR_REDIRECT] 
2026-09-06 23:57:13,249 [ERROR] LogOutputStream:75 - [STDERR_REDIRECT] [Fatal Error] :1:1: Premature end of file.
2026-09-06 23:57:13,249 [ERROR] LogOutputStream:75 - [STDERR_REDIRECT] 
2026-09-06 23:57:14,249 [ERROR] LogOutputStream:75 - [STDERR_REDIRECT] [Fatal Error] :1:1: Premature end of file.
2026-09-06 23:57:14,249 [ERROR] LogOutputStream:75 - [STDERR_REDIRECT] 
2026-09-06 23:57:15,251 [ERROR] LogOutputStream:75 - [STDERR_REDIRECT] [Fatal Error] :1:1: Premature end of file.
2026-09-06 23:57:15,251 [ERROR] LogOutputStream:75 - [STDERR_REDIRECT] 
2026-09-06 23:57:16,249 [ERROR] LogOutputStream:75 - [STDERR_REDIRECT] [Fatal Error] :1:1: Premature end of file.
2026-09-06 23:57:16,249 [ERROR] LogOutputStream:75 - [STDERR_REDIRECT] 
2026-09-06 23:57:17,251 [ERROR] LogOutputStream:75 - [STDERR_REDIRECT] [Fatal Error] :1:1: Premature end of file.
2026-09-06 23:57:17,251 [ERROR] LogOutputStream:75 - [STDERR_REDIRECT] 
2026-09-06 23:57:18,250 [ERROR] LogOutputStream:75 - [STDERR_REDIRECT] [Fatal Error] :1:1: Premature end of file.
2026-09-06 23:57:18,250 [ERROR] LogOutputStream:75 - [STDERR_REDIRECT] 
2026-09-06 23:57:19,249 [ERROR] LogOutputStream:75 - [STDERR_REDIRECT] [Fatal Error] :1:1: Premature end of file.
2026-09-06 23:57:19,250 [ERROR] LogOutputStream:75 - [STDERR_REDIRECT] 
2026-09-06 23:57:20,249 [ERROR] LogOutputStream:75 - [STDERR_REDIRECT] [Fatal Error] :1:1: Premature end of file.
2026-09-06 23:57:20,249 [ERROR] LogOutputStream:75 - [STDERR_REDIRECT] 
2026-09-06 23:57:21,251 [ERROR] LogOutputStream:75 - [STDERR_REDIRECT] [Fatal Error] :1:1: Premature end of file.
2026-09-06 23:57:21,251 [ERROR] LogOutputStream:75 - [STDERR_REDIRECT] 
2026-09-06 23:57:22,249 [ERROR] LogOutputStream:75 - [STDERR_REDIRECT] [Fatal Error] :1:1: Premature end of file.
2026-09-06 23:57:22,249 [ERROR] LogOutputStream:75 - [STDERR_REDIRECT] 
2026-09-06 23:57:23,249 [ERROR] LogOutputStream:75 - [STDERR_REDIRECT] [Fatal Error] :1:1: Premature end of file.
2026-09-06 23:57:23,249 [ERROR] LogOutputStream:75 - [STDERR_REDIRECT] 
2026-09-06 23:57:24,249 [ERROR] LogOutputStream:75 - [STDERR_REDIRECT] [Fatal Error] :1:1: Premature end of file.
2026-09-06 23:57:24,249 [ERROR] LogOutputStream:75 - [STDERR_REDIRECT] 
2026-09-06 23:57:25,249 [ERROR] LogOutputStream:75 - [STDERR_REDIRECT] [Fatal Error] :1:1: Premature end of file.
2026-09-06 23:57:25,249 [ERROR] LogOutputStream:75 - [STDERR_REDIRECT] 
2026-09-06 23:57:26,248 [ERROR] LogOutputStream:75 - [STDERR_REDIRECT] [Fatal Error] :1:1: Premature end of file.
2026-09-06 23:57:26,249 [ERROR] LogOutputStream:75 - [STDERR_REDIRECT] 
2026-09-06 23:57:27,251 [ERROR] LogOutputStream:75 - [STDERR_REDIRECT] [Fatal Error] :1:1: Premature end of file.
2026-09-06 23:57:27,251 [ERROR] LogOutputStream:75 - [STDERR_REDIRECT] 
2026-09-06 23:57:28,249 [ERROR] LogOutputStream:75 - [STDERR_REDIRECT] [Fatal Error] :1:1: Premature end of file.
2026-09-06 23:57:28,249 [ERROR] LogOutputStream:75 - [STDERR_REDIRECT] 
2026-09-06 23:57:29,250 [ERROR] LogOutputStream:75 - [STDERR_REDIRECT] [Fatal Error] :1:1: Premature end of file.
2026-09-06 23:57:29,250 [ERROR] LogOutputStream:75 - [STDERR_REDIRECT] 
2026-09-06 23:57:30,250 [ERROR] LogOutputStream:75 - [STDERR_REDIRECT] [Fatal Error] :1:1: Premature end of file.
2026-09-06 23:57:30,250 [ERROR] LogOutputStream:75 - [STDERR_REDIRECT] 
2026-09-06 23:57:31,250 [ERROR] LogOutputStream:75 - [STDERR_REDIRECT] [Fatal Error] :1:1: Premature end of file.
2026-09-06 23:57:31,250 [ERROR] LogOutputStream:75 - [STDERR_REDIRECT] 
2026-09-06 23:57:32,249 [ERROR] LogOutputStream:75 - [STDERR_REDIRECT] [Fatal Error] :1:1: Premature end of file.
2026-09-06 23:57:32,250 [ERROR] LogOutputStream:75 - [STDERR_REDIRECT] 
2026-09-06 23:57:33,250 [ERROR] LogOutputStream:75 - [STDERR_REDIRECT] [Fatal Error] :1:1: Premature end of file.
2026-09-06 23:57:33,250 [ERROR] LogOutputStream:75 - [STDERR_REDIRECT] 
2026-09-06 23:57:34,248 [ERROR] LogOutputStream:75 - [STDERR_REDIRECT] [Fatal Error] :1:1: Premature end of file.
2026-09-06 23:57:34,249 [ERROR] LogOutputStream:75 - [STDERR_REDIRECT] 
2026-09-06 23:57:35,249 [ERROR] LogOutputStream:75 - [STDERR_REDIRECT] [Fatal Error] :1:1: Premature end of file.
2026-09-06 23:57:35,249 [ERROR] LogOutputStream:75 - [STDERR_REDIRECT] 
2026-09-06 23:57:36,249 [ERROR] LogOutputStream:75 - [STDERR_REDIRECT] [Fatal Error] :1:1: Premature end of file.
2026-09-06 23:57:36,249 [ERROR] LogOutputStream:75 - [STDERR_REDIRECT] 
2026-09-06 23:57:37,249 [ERROR] LogOutputStream:75 - [STDERR_REDIRECT] [Fatal Error] :1:1: Premature end of file.
2026-09-06 23:57:37,249 [ERROR] LogOutputStream:75 - [STDERR_REDIRECT] 
2026-09-06 23:57:38,249 [ERROR] LogOutputStream:75 - [STDERR_REDIRECT] [Fatal Error] :1:1: Premature end of file.
2026-09-06 23:57:38,249 [ERROR] LogOutputStream:75 - [STDERR_REDIRECT] 
2026-09-06 23:57:39,249 [ERROR] LogOutputStream:75 - [STDERR_REDIRECT] [Fatal Error] :1:1: Premature end of file.
2026-09-06 23:57:39,249 [ERROR] LogOutputStream:75 - [STDERR_REDIRECT] 
2026-09-06 23:57:40,257 [ERROR] LogOutputStream:75 - [STDERR_REDIRECT] [Fatal Error] :1:1: Premature end of file.
2026-09-06 23:57:40,257 [ERROR] LogOutputStream:75 - [STDERR_REDIRECT] 
2026-09-06 23:57:41,251 [ERROR] LogOutputStream:75 - [STDERR_REDIRECT] [Fatal Error] :1:1: Premature end of file.
2026-09-06 23:57:41,251 [ERROR] LogOutputStream:75 - [STDERR_REDIRECT] 
2026-09-06 23:57:42,251 [ERROR] LogOutputStream:75 - [STDERR_REDIRECT] [Fatal Error] :1:1: Premature end of file.
2026-09-06 23:57:42,251 [ERROR] LogOutputStream:75 - [STDERR_REDIRECT] 
2026-09-06 23:57:43,250 [ERROR] LogOutputStream:75 - [STDERR_REDIRECT] [Fatal Error] :1:1: Premature end of file.
2026-09-06 23:57:43,250 [ERROR] LogOutputStream:75 - [STDERR_REDIRECT] 
2026-09-06 23:57:44,250 [ERROR] LogOutputStream:75 - [STDERR_REDIRECT] [Fatal Error] :1:1: Premature end of file.
2026-09-06 23:57:44,250 [ERROR] LogOutputStream:75 - [STDERR_REDIRECT] 
2026-09-06 23:57:45,248 [ERROR] LogOutputStream:75 - [STDERR_REDIRECT] [Fatal Error] :1:1: Premature end of file.
2026-09-06 23:57:45,248 [ERROR] LogOutputStream:75 - [STDERR_REDIRECT] 
2026-09-06 23:57:46,251 [ERROR] LogOutputStream:75 - [STDERR_REDIRECT] [Fatal Error] :1:1: Premature end of file.
2026-09-06 23:57:46,251 [ERROR] LogOutputStream:75 - [STDERR_REDIRECT] 
2026-09-06 23:57:47,248 [ERROR] LogOutputStream:75 - [STDERR_REDIRECT] [Fatal Error] :1:1: Premature end of file.
2026-09-06 23:57:47,248 [ERROR] LogOutputStream:75 - [STDERR_REDIRECT] 
2026-09-06 23:57:48,250 [ERROR] LogOutputStream:75 - [STDERR_REDIRECT] [Fatal Error] :1:1: Premature end of file.
2026-09-06 23:57:48,250 [ERROR] LogOutputStream:75 - [STDERR_REDIRECT] 
2026-09-06 23:57:49,249 [ERROR] LogOutputStream:75 - [STDERR_REDIRECT] [Fatal Error] :1:1: Premature end of file.
2026-09-06 23:57:49,249 [ERROR] LogOutputStream:75 - [STDERR_REDIRECT] 
2026-09-06 23:57:50,252 [ERROR] LogOutputStream:75 - [STDERR_REDIRECT] [Fatal Error] :1:1: Premature end of file.
2026-09-06 23:57:50,252 [ERROR] LogOutputStream:75 - [STDERR_REDIRECT] 
2026-09-06 23:57:51,250 [ERROR] LogOutputStream:75 - [STDERR_REDIRECT] [Fatal Error] :1:1: Premature end of file.
2026-09-06 23:57:51,250 [ERROR] LogOutputStream:75 - [STDERR_REDIRECT] 
2026-09-06 23:57:52,249 [ERROR] LogOutputStream:75 - [STDERR_REDIRECT] [Fatal Error] :1:1: Premature end of file.
2026-09-06 23:57:52,249 [ERROR] LogOutputStream:75 - [STDERR_REDIRECT] 
2026-09-06 23:57:53,249 [ERROR] LogOutputStream:75 - [STDERR_REDIRECT] [Fatal Error] :1:1: Premature end of file.
2026-09-06 23:57:53,249 [ERROR] LogOutputStream:75 - [STDERR_REDIRECT] 
2026-09-06 23:57:54,249 [ERROR] LogOutputStream:75 - [STDERR_REDIRECT] [Fatal Error] :1:1: Premature end of file.
2026-09-06 23:57:54,250 [ERROR] LogOutputStream:75 - [STDERR_REDIRECT] 
2026-09-06 23:57:55,249 [ERROR] LogOutputStream:75 - [STDERR_REDIRECT] [Fatal Error] :1:1: Premature end of file.
2026-09-06 23:57:55,249 [ERROR] LogOutputStream:75 - [STDERR_REDIRECT] 
2026-09-06 23:57:56,249 [ERROR] LogOutputStream:75 - [STDERR_REDIRECT] [Fatal Error] :1:1: Premature end of file.
2026-09-06 23:57:56,250 [ERROR] LogOutputStream:75 - [STDERR_REDIRECT] 
2026-09-06 23:57:57,250 [ERROR] LogOutputStream:75 - [STDERR_REDIRECT] [Fatal Error] :1:1: Premature end of file.
2026-09-06 23:57:57,250 [ERROR] LogOutputStream:75 - [STDERR_REDIRECT] 
2026-09-06 23:57:58,249 [ERROR] LogOutputStream:75 - [STDERR_REDIRECT] [Fatal Error] :1:1: Premature end of file.
2026-09-06 23:57:58,249 [ERROR] LogOutputStream:75 - [STDERR_REDIRECT] 
2026-09-06 23:57:59,249 [ERROR] LogOutputStream:75 - [STDERR_REDIRECT] [Fatal Error] :1:1: Premature end of file.
2026-09-06 23:57:59,249 [ERROR] LogOutputStream:75 - [STDERR_REDIRECT] 
2026-09-06 23:58:00,251 [ERROR] LogOutputStream:75 - [STDERR_REDIRECT] [Fatal Error] :1:1: Premature end of file.
2026-09-06 23:58:00,251 [ERROR] LogOutputStream:75 - [STDERR_REDIRECT] 
2026-09-06 23:58:01,249 [ERROR] LogOutputStream:75 - [STDERR_REDIRECT] [Fatal Error] :1:1: Premature end of file.
2026-09-06 23:58:01,249 [ERROR] LogOutputStream:75 - [STDERR_REDIRECT] 
2026-09-06 23:58:02,250 [ERROR] LogOutputStream:75 - [STDERR_REDIRECT] [Fatal Error] :1:1: Premature end of file.
2026-09-06 23:58:02,250 [ERROR] LogOutputStream:75 - [STDERR_REDIRECT] 
2026-09-06 23:58:03,251 [ERROR] LogOutputStream:75 - [STDERR_REDIRECT] [Fatal Error] :1:1: Premature end of file.
2026-09-06 23:58:03,251 [ERROR] LogOutputStream:75 - [STDERR_REDIRECT] 
2026-09-06 23:58:04,250 [ERROR] LogOutputStream:75 - [STDERR_REDIRECT] [Fatal Error] :1:1: Premature end of file.
2026-09-06 23:58:04,250 [ERROR] LogOutputStream:75 - [STDERR_REDIRECT] 
2026-09-06 23:58:05,249 [ERROR] LogOutputStream:75 - [STDERR_REDIRECT] [Fatal Error] :1:1: Premature end of file.
2026-09-06 23:58:05,249 [ERROR] LogOutputStream:75 - [STDERR_REDIRECT] 
2026-09-06 23:58:06,249 [ERROR] LogOutputStream:75 - [STDERR_REDIRECT] [Fatal Error] :1:1: Premature end of file.
2026-09-06 23:58:06,249 [ERROR] LogOutputStream:75 - [STDERR_REDIRECT] 
2026-09-06 23:58:07,251 [ERROR] LogOutputStream:75 - [STDERR_REDIRECT] [Fatal Error] :1:1: Premature end of file.
2026-09-06 23:58:07,251 [ERROR] LogOutputStream:75 - [STDERR_REDIRECT] 
2026-09-06 23:58:08,247 [ERROR] LogOutputStream:75 - [STDERR_REDIRECT] [Fatal Error] :1:1: Premature end of file.
2026-09-06 23:58:08,247 [ERROR] LogOutputStream:75 - [STDERR_REDIRECT] 
2026-09-06 23:58:09,252 [ERROR] LogOutputStream:75 - [STDERR_REDIRECT] [Fatal Error] :1:1: Premature end of file.
2026-09-06 23:58:09,252 [ERROR] LogOutputStream:75 - [STDERR_REDIRECT] 
2026-09-06 23:58:10,250 [ERROR] LogOutputStream:75 - [STDERR_REDIRECT] [Fatal Error] :1:1: Premature end of file.
2026-09-06 23:58:10,250 [ERROR] LogOutputStream:75 - [STDERR_REDIRECT] 
2026-09-06 23:58:11,250 [ERROR] LogOutputStream:75 - [STDERR_REDIRECT] [Fatal Error] :1:1: Premature end of file.
2026-09-06 23:58:11,250 [ERROR] LogOutputStream:75 - [STDERR_REDIRECT] 
2026-09-06 23:58:12,251 [ERROR] LogOutputStream:75 - [STDERR_REDIRECT] [Fatal Error] :1:1: Premature end of file.
2026-09-06 23:58:12,251 [ERROR] LogOutputStream:75 - [STDERR_REDIRECT] 
2026-09-06 23:58:13,248 [ERROR] LogOutputStream:75 - [STDERR_REDIRECT] [Fatal Error] :1:1: Premature end of file.
2026-09-06 23:58:13,248 [ERROR] LogOutputStream:75 - [STDERR_REDIRECT] 
2026-09-06 23:58:14,250 [ERROR] LogOutputStream:75 - [STDERR_REDIRECT] [Fatal Error] :1:1: Premature end of file.
2026-09-06 23:58:14,251 [ERROR] LogOutputStream:75 - [STDERR_REDIRECT] 
2026-09-06 23:58:15,249 [ERROR] LogOutputStream:75 - [STDERR_REDIRECT] [Fatal Error] :1:1: Premature end of file.
2026-09-06 23:58:15,249 [ERROR] LogOutputStream:75 - [STDERR_REDIRECT] 
2026-09-06 23:58:16,249 [ERROR] LogOutputStream:75 - [STDERR_REDIRECT] [Fatal Error] :1:1: Premature end of file.
2026-09-06 23:58:16,249 [ERROR] LogOutputStream:75 - [STDERR_REDIRECT] 
2026-09-06 23:58:17,248 [ERROR] LogOutputStream:75 - [STDERR_REDIRECT] [Fatal Error] :1:1: Premature end of file.
2026-09-06 23:58:17,248 [ERROR] LogOutputStream:75 - [STDERR_REDIRECT] 
2026-09-06 23:58:18,251 [ERROR] LogOutputStream:75 - [STDERR_REDIRECT] [Fatal Error] :1:1: Premature end of file.
2026-09-06 23:58:18,251 [ERROR] LogOutputStream:75 - [STDERR_REDIRECT] 
2026-09-06 23:58:19,249 [ERROR] LogOutputStream:75 - [STDERR_REDIRECT] [Fatal Error] :1:1: Premature end of file.
2026-09-06 23:58:19,249 [ERROR] LogOutputStream:75 - [STDERR_REDIRECT] 
2026-09-06 23:58:20,248 [ERROR] LogOutputStream:75 - [STDERR_REDIRECT] [Fatal Error] :1:1: Premature end of file.
2026-09-06 23:58:20,248 [ERROR] LogOutputStream:75 - [STDERR_REDIRECT] 
2026-09-06 23:58:21,249 [ERROR] LogOutputStream:75 - [STDERR_REDIRECT] [Fatal Error] :1:1: Premature end of file.
2026-09-06 23:58:21,249 [ERROR] LogOutputStream:75 - [STDERR_REDIRECT] 
2026-09-06 23:58:22,250 [ERROR] LogOutputStream:75 - [STDERR_REDIRECT] [Fatal Error] :1:1: Premature end of file.
2026-09-06 23:58:22,250 [ERROR] LogOutputStream:75 - [STDERR_REDIRECT] 
2026-09-06 23:58:23,248 [ERROR] LogOutputStream:75 - [STDERR_REDIRECT] [Fatal Error] :1:1: Premature end of file.
2026-09-06 23:58:23,249 [ERROR] LogOutputStream:75 - [STDERR_REDIRECT] 
2026-09-06 23:58:24,249 [ERROR] LogOutputStream:75 - [STDERR_REDIRECT] [Fatal Error] :1:1: Premature end of file.
2026-09-06 23:58:24,249 [ERROR] LogOutputStream:75 - [STDERR_REDIRECT] 
2026-09-06 23:58:25,250 [ERROR] LogOutputStream:75 - [STDERR_REDIRECT] [Fatal Error] :1:1: Premature end of file.
2026-09-06 23:58:25,250 [ERROR] LogOutputStream:75 - [STDERR_REDIRECT] 
2026-09-06 23:58:26,250 [ERROR] LogOutputStream:75 - [STDERR_REDIRECT] [Fatal Error] :1:1: Premature end of file.
2026-09-06 23:58:26,250 [ERROR] LogOutputStream:75 - [STDERR_REDIRECT] 
2026-09-06 23:58:27,249 [ERROR] LogOutputStream:75 - [STDERR_REDIRECT] [Fatal Error] :1:1: Premature end of file.
2026-09-06 23:58:27,249 [ERROR] LogOutputStream:75 - [STDERR_REDIRECT] 
2026-09-06 23:58:28,248 [ERROR] LogOutputStream:75 - [STDERR_REDIRECT] [Fatal Error] :1:1: Premature end of file.
2026-09-06 23:58:28,248 [ERROR] LogOutputStream:75 - [STDERR_REDIRECT] 
2026-09-06 23:58:29,248 [ERROR] LogOutputStream:75 - [STDERR_REDIRECT] [Fatal Error] :1:1: Premature end of file.
2026-09-06 23:58:29,248 [ERROR] LogOutputStream:75 - [STDERR_REDIRECT] 
2026-09-06 23:58:30,250 [ERROR] LogOutputStream:75 - [STDERR_REDIRECT] [Fatal Error] :1:1: Premature end of file.
2026-09-06 23:58:30,250 [ERROR] LogOutputStream:75 - [STDERR_REDIRECT] 
2026-09-06 23:58:31,250 [ERROR] LogOutputStream:75 - [STDERR_REDIRECT] [Fatal Error] :1:1: Premature end of file.
2026-09-06 23:58:31,250 [ERROR] LogOutputStream:75 - [STDERR_REDIRECT] 
2026-09-06 23:58:32,250 [ERROR] LogOutputStream:75 - [STDERR_REDIRECT] [Fatal Error] :1:1: Premature end of file.
2026-09-06 23:58:32,250 [ERROR] LogOutputStream:75 - [STDERR_REDIRECT] 
2026-09-06 23:58:33,251 [ERROR] LogOutputStream:75 - [STDERR_REDIRECT] [Fatal Error] :1:1: Premature end of file.
2026-09-06 23:58:33,251 [ERROR] LogOutputStream:75 - [STDERR_REDIRECT] 
2026-09-06 23:58:34,250 [ERROR] LogOutputStream:75 - [STDERR_REDIRECT] [Fatal Error] :1:1: Premature end of file.
2026-09-06 23:58:34,250 [ERROR] LogOutputStream:75 - [STDERR_REDIRECT] 
2026-09-06 23:58:35,250 [ERROR] LogOutputStream:75 - [STDERR_REDIRECT] [Fatal Error] :1:1: Premature end of file.
2026-09-06 23:58:35,250 [ERROR] LogOutputStream:75 - [STDERR_REDIRECT] 
2026-09-06 23:58:36,250 [ERROR] LogOutputStream:75 - [STDERR_REDIRECT] [Fatal Error] :1:1: Premature end of file.
2026-09-06 23:58:36,250 [ERROR] LogOutputStream:75 - [STDERR_REDIRECT] 
2026-09-06 23:58:37,250 [ERROR] LogOutputStream:75 - [STDERR_REDIRECT] [Fatal Error] :1:1: Premature end of file.
2026-09-06 23:58:37,250 [ERROR] LogOutputStream:75 - [STDERR_REDIRECT] 
2026-09-06 23:58:38,253 [ERROR] LogOutputStream:75 - [STDERR_REDIRECT] [Fatal Error] :1:1: Premature end of file.
2026-09-06 23:58:38,253 [ERROR] LogOutputStream:75 - [STDERR_REDIRECT] 
2026-09-06 23:58:39,251 [ERROR] LogOutputStream:75 - [STDERR_REDIRECT] [Fatal Error] :1:1: Premature end of file.
2026-09-06 23:58:39,251 [ERROR] LogOutputStream:75 - [STDERR_REDIRECT] 
2026-09-06 23:58:40,250 [ERROR] LogOutputStream:75 - [STDERR_REDIRECT] [Fatal Error] :1:1: Premature end of file.
2026-09-06 23:58:40,251 [ERROR] LogOutputStream:75 - [STDERR_REDIRECT] 
2026-09-06 23:58:41,251 [ERROR] LogOutputStream:75 - [STDERR_REDIRECT] [Fatal Error] :1:1: Premature end of file.
2026-09-06 23:58:41,251 [ERROR] LogOutputStream:75 - [STDERR_REDIRECT] 
2026-09-06 23:58:42,252 [ERROR] LogOutputStream:75 - [STDERR_REDIRECT] [Fatal Error] :1:1: Premature end of file.
2026-09-06 23:58:42,252 [ERROR] LogOutputStream:75 - [STDERR_REDIRECT] 
2026-09-06 23:58:43,250 [ERROR] LogOutputStream:75 - [STDERR_REDIRECT] [Fatal Error] :1:1: Premature end of file.
2026-09-06 23:58:43,250 [ERROR] LogOutputStream:75 - [STDERR_REDIRECT] 
2026-09-06 23:58:44,250 [ERROR] LogOutputStream:75 - [STDERR_REDIRECT] [Fatal Error] :1:1: Premature end of file.
2026-09-06 23:58:44,250 [ERROR] LogOutputStream:75 - [STDERR_REDIRECT] 
2026-09-06 23:58:45,250 [ERROR] LogOutputStream:75 - [STDERR_REDIRECT] [Fatal Error] :1:1: Premature end of file.
2026-09-06 23:58:45,250 [ERROR] LogOutputStream:75 - [STDERR_REDIRECT] 
2026-09-06 23:58:46,250 [ERROR] LogOutputStream:75 - [STDERR_REDIRECT] [Fatal Error] :1:1: Premature end of file.
2026-09-06 23:58:46,250 [ERROR] LogOutputStream:75 - [STDERR_REDIRECT] 
2026-09-06 23:58:47,249 [ERROR] LogOutputStream:75 - [STDERR_REDIRECT] [Fatal Error] :1:1: Premature end of file.
2026-09-06 23:58:47,249 [ERROR] LogOutputStream:75 - [STDERR_REDIRECT] 
2026-09-06 23:58:48,249 [ERROR] LogOutputStream:75 - [STDERR_REDIRECT] [Fatal Error] :1:1: Premature end of file.
2026-09-06 23:58:48,249 [ERROR] LogOutputStream:75 - [STDERR_REDIRECT] 
2026-09-06 23:58:49,252 [ERROR] LogOutputStream:75 - [STDERR_REDIRECT] [Fatal Error] :1:1: Premature end of file.
2026-09-06 23:58:49,252 [ERROR] LogOutputStream:75 - [STDERR_REDIRECT] 
2026-09-06 23:58:50,252 [ERROR] LogOutputStream:75 - [STDERR_REDIRECT] [Fatal Error] :1:1: Premature end of file.
2026-09-06 23:58:50,252 [ERROR] LogOutputStream:75 - [STDERR_REDIRECT] 
2026-09-06 23:58:51,251 [ERROR] LogOutputStream:75 - [STDERR_REDIRECT] [Fatal Error] :1:1: Premature end of file.
2026-09-06 23:58:51,251 [ERROR] LogOutputStream:75 - [STDERR_REDIRECT] 
2026-09-06 23:58:52,250 [ERROR] LogOutputStream:75 - [STDERR_REDIRECT] [Fatal Error] :1:1: Premature end of file.
2026-09-06 23:58:52,250 [ERROR] LogOutputStream:75 - [STDERR_REDIRECT] 
2026-09-06 23:58:53,252 [ERROR] LogOutputStream:75 - [STDERR_REDIRECT] [Fatal Error] :1:1: Premature end of file.
2026-09-06 23:58:53,252 [ERROR] LogOutputStream:75 - [STDERR_REDIRECT] 
2026-09-06 23:58:54,250 [ERROR] LogOutputStream:75 - [STDERR_REDIRECT] [Fatal Error] :1:1: Premature end of file.
2026-09-06 23:58:54,250 [ERROR] LogOutputStream:75 - [STDERR_REDIRECT] 
2026-09-06 23:58:55,250 [ERROR] LogOutputStream:75 - [STDERR_REDIRECT] [Fatal Error] :1:1: Premature end of file.
2026-09-06 23:58:55,250 [ERROR] LogOutputStream:75 - [STDERR_REDIRECT] 
2026-09-06 23:58:56,249 [ERROR] LogOutputStream:75 - [STDERR_REDIRECT] [Fatal Error] :1:1: Premature end of file.
2026-09-06 23:58:56,249 [ERROR] LogOutputStream:75 - [STDERR_REDIRECT] 
2026-09-06 23:58:57,250 [ERROR] LogOutputStream:75 - [STDERR_REDIRECT] [Fatal Error] :1:1: Premature end of file.
2026-09-06 23:58:57,250 [ERROR] LogOutputStream:75 - [STDERR_REDIRECT] 
2026-09-06 23:58:58,249 [ERROR] LogOutputStream:75 - [STDERR_REDIRECT] [Fatal Error] :1:1: Premature end of file.
2026-09-06 23:58:58,249 [ERROR] LogOutputStream:75 - [STDERR_REDIRECT] 
2026-09-06 23:58:59,250 [ERROR] LogOutputStream:75 - [STDERR_REDIRECT] [Fatal Error] :1:1: Premature end of file.
2026-09-06 23:58:59,251 [ERROR] LogOutputStream:75 - [STDERR_REDIRECT] 
2026-09-06 23:59:00,249 [ERROR] LogOutputStream:75 - [STDERR_REDIRECT] [Fatal Error] :1:1: Premature end of file.
2026-09-06 23:59:00,249 [ERROR] LogOutputStream:75 - [STDERR_REDIRECT] 
2026-09-06 23:59:01,250 [ERROR] LogOutputStream:75 - [STDERR_REDIRECT] [Fatal Error] :1:1: Premature end of file.
2026-09-06 23:59:01,250 [ERROR] LogOutputStream:75 - [STDERR_REDIRECT] 
2026-09-06 23:59:02,250 [ERROR] LogOutputStream:75 - [STDERR_REDIRECT] [Fatal Error] :1:1: Premature end of file.
2026-09-06 23:59:02,250 [ERROR] LogOutputStream:75 - [STDERR_REDIRECT] 
2026-09-06 23:59:03,249 [ERROR] LogOutputStream:75 - [STDERR_REDIRECT] [Fatal Error] :1:1: Premature end of file.
2026-09-06 23:59:03,249 [ERROR] LogOutputStream:75 - [STDERR_REDIRECT] 
2026-09-06 23:59:04,249 [ERROR] LogOutputStream:75 - [STDERR_REDIRECT] [Fatal Error] :1:1: Premature end of file.
2026-09-06 23:59:04,249 [ERROR] LogOutputStream:75 - [STDERR_REDIRECT] 
2026-09-06 23:59:05,249 [ERROR] LogOutputStream:75 - [STDERR_REDIRECT] [Fatal Error] :1:1: Premature end of file.
2026-09-06 23:59:05,249 [ERROR] LogOutputStream:75 - [STDERR_REDIRECT] 
2026-09-06 23:59:06,248 [ERROR] LogOutputStream:75 - [STDERR_REDIRECT] [Fatal Error] :1:1: Premature end of file.
2026-09-06 23:59:06,249 [ERROR] LogOutputStream:75 - [STDERR_REDIRECT] 
2026-09-06 23:59:07,250 [ERROR] LogOutputStream:75 - [STDERR_REDIRECT] [Fatal Error] :1:1: Premature end of file.
2026-09-06 23:59:07,250 [ERROR] LogOutputStream:75 - [STDERR_REDIRECT] 
2026-09-06 23:59:08,250 [ERROR] LogOutputStream:75 - [STDERR_REDIRECT] [Fatal Error] :1:1: Premature end of file.
2026-09-06 23:59:08,250 [ERROR] LogOutputStream:75 - [STDERR_REDIRECT] 
2026-09-06 23:59:09,249 [ERROR] LogOutputStream:75 - [STDERR_REDIRECT] [Fatal Error] :1:1: Premature end of file.
2026-09-06 23:59:09,249 [ERROR] LogOutputStream:75 - [STDERR_REDIRECT] 
2026-09-06 23:59:10,249 [ERROR] LogOutputStream:75 - [STDERR_REDIRECT] [Fatal Error] :1:1: Premature end of file.
2026-09-06 23:59:10,249 [ERROR] LogOutputStream:75 - [STDERR_REDIRECT] 
2026-09-06 23:59:11,249 [ERROR] LogOutputStream:75 - [STDERR_REDIRECT] [Fatal Error] :1:1: Premature end of file.
2026-09-06 23:59:11,250 [ERROR] LogOutputStream:75 - [STDERR_REDIRECT] 
2026-09-06 23:59:12,249 [ERROR] LogOutputStream:75 - [STDERR_REDIRECT] [Fatal Error] :1:1: Premature end of file.
2026-09-06 23:59:12,249 [ERROR] LogOutputStream:75 - [STDERR_REDIRECT] 
2026-09-06 23:59:13,250 [ERROR] LogOutputStream:75 - [STDERR_REDIRECT] [Fatal Error] :1:1: Premature end of file.
2026-09-06 23:59:13,250 [ERROR] LogOutputStream:75 - [STDERR_REDIRECT] 
2026-09-06 23:59:14,254 [ERROR] LogOutputStream:75 - [STDERR_REDIRECT] [Fatal Error] :1:1: Premature end of file.
2026-09-06 23:59:14,254 [ERROR] LogOutputStream:75 - [STDERR_REDIRECT] 
2026-09-06 23:59:15,251 [ERROR] LogOutputStream:75 - [STDERR_REDIRECT] [Fatal Error] :1:1: Premature end of file.
2026-09-06 23:59:15,251 [ERROR] LogOutputStream:75 - [STDERR_REDIRECT] 
2026-09-06 23:59:16,250 [ERROR] LogOutputStream:75 - [STDERR_REDIRECT] [Fatal Error] :1:1: Premature end of file.
2026-09-06 23:59:16,250 [ERROR] LogOutputStream:75 - [STDERR_REDIRECT] 
2026-09-06 23:59:17,248 [ERROR] LogOutputStream:75 - [STDERR_REDIRECT] [Fatal Error] :1:1: Premature end of file.
2026-09-06 23:59:17,249 [ERROR] LogOutputStream:75 - [STDERR_REDIRECT] 
2026-09-06 23:59:18,249 [ERROR] LogOutputStream:75 - [STDERR_REDIRECT] [Fatal Error] :1:1: Premature end of file.
2026-09-06 23:59:18,249 [ERROR] LogOutputStream:75 - [STDERR_REDIRECT] 
2026-09-06 23:59:19,249 [ERROR] LogOutputStream:75 - [STDERR_REDIRECT] [Fatal Error] :1:1: Premature end of file.
2026-09-06 23:59:19,250 [ERROR] LogOutputStream:75 - [STDERR_REDIRECT] 
2026-09-06 23:59:20,250 [ERROR] LogOutputStream:75 - [STDERR_REDIRECT] [Fatal Error] :1:1: Premature end of file.
2026-09-06 23:59:20,250 [ERROR] LogOutputStream:75 - [STDERR_REDIRECT] 
2026-09-06 23:59:21,249 [ERROR] LogOutputStream:75 - [STDERR_REDIRECT] [Fatal Error] :1:1: Premature end of file.
2026-09-06 23:59:21,249 [ERROR] LogOutputStream:75 - [STDERR_REDIRECT] 
2026-09-06 23:59:22,249 [ERROR] LogOutputStream:75 - [STDERR_REDIRECT] [Fatal Error] :1:1: Premature end of file.
2026-09-06 23:59:22,249 [ERROR] LogOutputStream:75 - [STDERR_REDIRECT] 
2026-09-06 23:59:23,250 [ERROR] LogOutputStream:75 - [STDERR_REDIRECT] [Fatal Error] :1:1: Premature end of file.
2026-09-06 23:59:23,250 [ERROR] LogOutputStream:75 - [STDERR_REDIRECT] 
2026-09-06 23:59:24,248 [ERROR] LogOutputStream:75 - [STDERR_REDIRECT] [Fatal Error] :1:1: Premature end of file.
2026-09-06 23:59:24,248 [ERROR] LogOutputStream:75 - [STDERR_REDIRECT] 
2026-09-06 23:59:25,250 [ERROR] LogOutputStream:75 - [STDERR_REDIRECT] [Fatal Error] :1:1: Premature end of file.
2026-09-06 23:59:25,250 [ERROR] LogOutputStream:75 - [STDERR_REDIRECT] 
2026-09-06 23:59:26,249 [ERROR] LogOutputStream:75 - [STDERR_REDIRECT] [Fatal Error] :1:1: Premature end of file.
2026-09-06 23:59:26,249 [ERROR] LogOutputStream:75 - [STDERR_REDIRECT] 
2026-09-06 23:59:27,249 [ERROR] LogOutputStream:75 - [STDERR_REDIRECT] [Fatal Error] :1:1: Premature end of file.
2026-09-06 23:59:27,249 [ERROR] LogOutputStream:75 - [STDERR_REDIRECT] 
2026-09-06 23:59:28,249 [ERROR] LogOutputStream:75 - [STDERR_REDIRECT] [Fatal Error] :1:1: Premature end of file.
2026-09-06 23:59:28,249 [ERROR] LogOutputStream:75 - [STDERR_REDIRECT] 
2026-09-06 23:59:29,248 [ERROR] LogOutputStream:75 - [STDERR_REDIRECT] [Fatal Error] :1:1: Premature end of file.
2026-09-06 23:59:29,248 [ERROR] LogOutputStream:75 - [STDERR_REDIRECT] 
2026-09-06 23:59:30,250 [ERROR] LogOutputStream:75 - [STDERR_REDIRECT] [Fatal Error] :1:1: Premature end of file.
2026-09-06 23:59:30,250 [ERROR] LogOutputStream:75 - [STDERR_REDIRECT] 
2026-09-06 23:59:31,250 [ERROR] LogOutputStream:75 - [STDERR_REDIRECT] [Fatal Error] :1:1: Premature end of file.
2026-09-06 23:59:31,250 [ERROR] LogOutputStream:75 - [STDERR_REDIRECT] 
2026-09-06 23:59:32,253 [ERROR] LogOutputStream:75 - [STDERR_REDIRECT] [Fatal Error] :1:1: Premature end of file.
2026-09-06 23:59:32,253 [ERROR] LogOutputStream:75 - [STDERR_REDIRECT] 
2026-09-06 23:59:33,251 [ERROR] LogOutputStream:75 - [STDERR_REDIRECT] [Fatal Error] :1:1: Premature end of file.
2026-09-06 23:59:33,251 [ERROR] LogOutputStream:75 - [STDERR_REDIRECT] 
2026-09-06 23:59:34,250 [ERROR] LogOutputStream:75 - [STDERR_REDIRECT] [Fatal Error] :1:1: Premature end of file.
2026-09-06 23:59:34,250 [ERROR] LogOutputStream:75 - [STDERR_REDIRECT] 
2026-09-06 23:59:35,250 [ERROR] LogOutputStream:75 - [STDERR_REDIRECT] [Fatal Error] :1:1: Premature end of file.
2026-09-06 23:59:35,250 [ERROR] LogOutputStream:75 - [STDERR_REDIRECT] 
2026-09-06 23:59:36,250 [ERROR] LogOutputStream:75 - [STDERR_REDIRECT] [Fatal Error] :1:1: Premature end of file.
2026-09-06 23:59:36,250 [ERROR] LogOutputStream:75 - [STDERR_REDIRECT] 
2026-09-06 23:59:37,248 [ERROR] LogOutputStream:75 - [STDERR_REDIRECT] [Fatal Error] :1:1: Premature end of file.
2026-09-06 23:59:37,248 [ERROR] LogOutputStream:75 - [STDERR_REDIRECT] 
2026-09-06 23:59:38,249 [ERROR] LogOutputStream:75 - [STDERR_REDIRECT] [Fatal Error] :1:1: Premature end of file.
2026-09-06 23:59:38,250 [ERROR] LogOutputStream:75 - [STDERR_REDIRECT] 
2026-09-06 23:59:39,249 [ERROR] LogOutputStream:75 - [STDERR_REDIRECT] [Fatal Error] :1:1: Premature end of file.
2026-09-06 23:59:39,249 [ERROR] LogOutputStream:75 - [STDERR_REDIRECT] 
2026-09-06 23:59:40,251 [ERROR] LogOutputStream:75 - [STDERR_REDIRECT] [Fatal Error] :1:1: Premature end of file.
2026-09-06 23:59:40,251 [ERROR] LogOutputStream:75 - [STDERR_REDIRECT] 
2026-09-06 23:59:41,250 [ERROR] LogOutputStream:75 - [STDERR_REDIRECT] [Fatal Error] :1:1: Premature end of file.
2026-09-06 23:59:41,250 [ERROR] LogOutputStream:75 - [STDERR_REDIRECT] 
2026-09-06 23:59:42,250 [ERROR] LogOutputStream:75 - [STDERR_REDIRECT] [Fatal Error] :1:1: Premature end of file.
2026-09-06 23:59:42,250 [ERROR] LogOutputStream:75 - [STDERR_REDIRECT] 
2026-09-06 23:59:43,250 [ERROR] LogOutputStream:75 - [STDERR_REDIRECT] [Fatal Error] :1:1: Premature end of file.
2026-09-06 23:59:43,250 [ERROR] LogOutputStream:75 - [STDERR_REDIRECT] 
2026-09-06 23:59:44,249 [ERROR] LogOutputStream:75 - [STDERR_REDIRECT] [Fatal Error] :1:1: Premature end of file.
2026-09-06 23:59:44,249 [ERROR] LogOutputStream:75 - [STDERR_REDIRECT] 
2026-09-06 23:59:45,252 [ERROR] LogOutputStream:75 - [STDERR_REDIRECT] [Fatal Error] :1:1: Premature end of file.
2026-09-06 23:59:45,252 [ERROR] LogOutputStream:75 - [STDERR_REDIRECT] 
2026-09-06 23:59:46,251 [ERROR] LogOutputStream:75 - [STDERR_REDIRECT] [Fatal Error] :1:1: Premature end of file.
2026-09-06 23:59:46,251 [ERROR] LogOutputStream:75 - [STDERR_REDIRECT] 
2026-09-06 23:59:47,251 [ERROR] LogOutputStream:75 - [STDERR_REDIRECT] [Fatal Error] :1:1: Premature end of file.
2026-09-06 23:59:47,251 [ERROR] LogOutputStream:75 - [STDERR_REDIRECT] 
2026-09-06 23:59:48,257 [ERROR] LogOutputStream:75 - [STDERR_REDIRECT] [Fatal Error] :1:1: Premature end of file.
2026-09-06 23:59:48,257 [ERROR] LogOutputStream:75 - [STDERR_REDIRECT] 
2026-09-06 23:59:49,249 [ERROR] LogOutputStream:75 - [STDERR_REDIRECT] [Fatal Error] :1:1: Premature end of file.
2026-09-06 23:59:49,249 [ERROR] LogOutputStream:75 - [STDERR_REDIRECT] 
2026-09-06 23:59:50,251 [ERROR] LogOutputStream:75 - [STDERR_REDIRECT] [Fatal Error] :1:1: Premature end of file.
2026-09-06 23:59:50,251 [ERROR] LogOutputStream:75 - [STDERR_REDIRECT] 
2026-09-06 23:59:51,252 [ERROR] LogOutputStream:75 - [STDERR_REDIRECT] [Fatal Error] :1:1: Premature end of file.
2026-09-06 23:59:51,252 [ERROR] LogOutputStream:75 - [STDERR_REDIRECT] 
2026-09-06 23:59:52,250 [ERROR] LogOutputStream:75 - [STDERR_REDIRECT] [Fatal Error] :1:1: Premature end of file.
2026-09-06 23:59:52,250 [ERROR] LogOutputStream:75 - [STDERR_REDIRECT] 
2026-09-06 23:59:53,248 [ERROR] LogOutputStream:75 - [STDERR_REDIRECT] [Fatal Error] :1:1: Premature end of file.
2026-09-06 23:59:53,248 [ERROR] LogOutputStream:75 - [STDERR_REDIRECT] 
2026-09-06 23:59:54,251 [ERROR] LogOutputStream:75 - [STDERR_REDIRECT] [Fatal Error] :1:1: Premature end of file.
2026-09-06 23:59:54,251 [ERROR] LogOutputStream:75 - [STDERR_REDIRECT] 
2026-09-06 23:59:55,249 [ERROR] LogOutputStream:75 - [STDERR_REDIRECT] [Fatal Error] :1:1: Premature end of file.
2026-09-06 23:59:55,249 [ERROR] LogOutputStream:75 - [STDERR_REDIRECT] 
2026-09-06 23:59:56,251 [ERROR] LogOutputStream:75 - [STDERR_REDIRECT] [Fatal Error] :1:1: Premature end of file.
2026-09-06 23:59:56,251 [ERROR] LogOutputStream:75 - [STDERR_REDIRECT] 
2026-09-06 23:59:57,250 [ERROR] LogOutputStream:75 - [STDERR_REDIRECT] [Fatal Error] :1:1: Premature end of file.
2026-09-06 23:59:57,250 [ERROR] LogOutputStream:75 - [STDERR_REDIRECT] 
2026-09-06 23:59:58,251 [ERROR] LogOutputStream:75 - [STDERR_REDIRECT] [Fatal Error] :1:1: Premature end of file.
2026-09-06 23:59:58,251 [ERROR] LogOutputStream:75 - [STDERR_REDIRECT] 
2026-09-06 23:59:59,250 [ERROR] LogOutputStream:75 - [STDERR_REDIRECT] [Fatal Error] :1:1: Premature end of file.
2026-09-06 23:59:59,250 [ERROR] LogOutputStream:75 - [STDERR_REDIRECT] 
