2026-10-04 20:19:58,150 [INFO] Activator:176 - 


2026-10-04 20:19:58,156 [INFO] Activator:177 - !SESSION log4j initialized
2026-10-04 20:20:03,461 [INFO] LogOutputStream:77 - [STDOUT_REDIRECT] 
2026-10-04 20:20:05,748 [INFO] ApplicationProperties:184 - Using Application install path: C:\ST\STM32CubeIDE_1.16.0\STM32CubeIDE\plugins\com.st.stm32cube.common.mx_6.12.0.202406281431
2026-10-04 20:20:05,764 [INFO] DbMcusXml:78 - Set database path to: C:\ST\STM32CubeIDE_1.16.0\STM32CubeIDE\plugins\com.st.stm32cube.common.mx_6.12.0.202406281431\\db\/mcu/
2026-10-04 20:20:05,764 [INFO] ApiDb:274 - Set plugin database path to: C:\ST\STM32CubeIDE_1.16.0\STM32CubeIDE\plugins\com.st.stm32cube.common.mx_6.12.0.202406281431\\db\/plugins/boardmanager/
2026-10-04 20:20:05,765 [WARN] ApiDb:259 - Overriding images path with different value:  => C:\ST\STM32CubeIDE_1.16.0\STM32CubeIDE\plugins\com.st.stm32cube.common.mx_6.12.0.202406281431\\db\/plugins/mcufinder/images/
2026-10-04 20:20:05,773 [INFO] ApiDb:250 - Set database path to: C:\Users\seung\.stmcufinder\plugins\mcufinder//mcu/
2026-10-04 20:20:05,774 [INFO] DbMcusAds:125 - Set database path to: C:\Users\seung\.stmcufinder\plugins\mcufinder//mcu/
2026-10-04 20:20:05,777 [INFO] CrossReferenceDbSqlite:203 - Set database path to: C:\Users\seung\.stmcufinder\plugins\mcufinder//mcu/cs/
2026-10-04 20:20:05,891 [INFO] RulesReader:64 - Compatibility file has been processed (297 Rules)
2026-10-04 20:20:05,957 [INFO] DbMcusXml:78 - Set database path to: C:\ST\STM32CubeIDE_1.16.0\STM32CubeIDE\plugins\com.st.stm32cube.common.mx_6.12.0.202406281431\\db\/mcu/
2026-10-04 20:20:05,957 [INFO] ApiDb:274 - Set plugin database path to: C:\ST\STM32CubeIDE_1.16.0\STM32CubeIDE\plugins\com.st.stm32cube.common.mx_6.12.0.202406281431\\db\/plugins/boardmanager/
2026-10-04 20:20:05,957 [INFO] ApiDb:261 - Set plugin images path to: C:\ST\STM32CubeIDE_1.16.0\STM32CubeIDE\plugins\com.st.stm32cube.common.mx_6.12.0.202406281431\\db\/plugins/mcufinder/images/
2026-10-04 20:20:05,958 [WARN] DbFile:41 - Overriding database path with different value: C:\Users\seung\.stmcufinder\plugins\mcufinder/ => C:\Users\seung\.stmcufinder\plugins\mcufinder
2026-10-04 20:20:05,958 [INFO] ApiDb:250 - Set database path to: C:\Users\seung\.stmcufinder\plugins\mcufinder//mcu/
2026-10-04 20:20:05,958 [WARN] DbFile:41 - Overriding database path with different value: C:\Users\seung\.stmcufinder\plugins\mcufinder/ => C:\Users\seung\.stmcufinder\plugins\mcufinder
2026-10-04 20:20:05,958 [INFO] DbMcusAds:125 - Set database path to: C:\Users\seung\.stmcufinder\plugins\mcufinder//mcu/
2026-10-04 20:20:05,958 [WARN] DbFile:41 - Overriding database path with different value: C:\Users\seung\.stmcufinder\plugins\mcufinder/ => C:\Users\seung\.stmcufinder\plugins\mcufinder
2026-10-04 20:20:05,958 [WARN] DbFile:41 - Overriding database path with different value: C:\Users\seung\.stmcufinder\plugins\mcufinder/ => C:\Users\seung\.stmcufinder\plugins\mcufinder
2026-10-04 20:20:05,958 [INFO] CrossReferenceDbSqlite:203 - Set database path to: C:\Users\seung\.stmcufinder\plugins\mcufinder//mcu/cs/
2026-10-04 20:20:06,026 [INFO] MainPanel:268 - HeapMemory: 268435456
2026-10-04 20:20:06,102 [INFO] DbMcusXml:78 - Set database path to: C:\ST\STM32CubeIDE_1.16.0\STM32CubeIDE\plugins\com.st.stm32cube.common.mx_6.12.0.202406281431\\db\/mcu/
2026-10-04 20:20:06,102 [INFO] ApiDb:274 - Set plugin database path to: C:\ST\STM32CubeIDE_1.16.0\STM32CubeIDE\plugins\com.st.stm32cube.common.mx_6.12.0.202406281431\\db\/plugins/boardmanager/
2026-10-04 20:20:06,102 [INFO] ApiDb:261 - Set plugin images path to: C:\ST\STM32CubeIDE_1.16.0\STM32CubeIDE\plugins\com.st.stm32cube.common.mx_6.12.0.202406281431\\db\/plugins/mcufinder/images/
2026-10-04 20:20:06,103 [WARN] DbFile:41 - Overriding database path with different value: C:\Users\seung\.stmcufinder\plugins\mcufinder/ => C:\Users\seung\.stmcufinder\plugins\mcufinder
2026-10-04 20:20:06,103 [INFO] ApiDb:250 - Set database path to: C:\Users\seung\.stmcufinder\plugins\mcufinder//mcu/
2026-10-04 20:20:06,103 [WARN] DbFile:41 - Overriding database path with different value: C:\Users\seung\.stmcufinder\plugins\mcufinder/ => C:\Users\seung\.stmcufinder\plugins\mcufinder
2026-10-04 20:20:06,103 [INFO] DbMcusAds:125 - Set database path to: C:\Users\seung\.stmcufinder\plugins\mcufinder//mcu/
2026-10-04 20:20:06,103 [WARN] DbFile:41 - Overriding database path with different value: C:\Users\seung\.stmcufinder\plugins\mcufinder/ => C:\Users\seung\.stmcufinder\plugins\mcufinder
2026-10-04 20:20:06,103 [WARN] DbFile:41 - Overriding database path with different value: C:\Users\seung\.stmcufinder\plugins\mcufinder/ => C:\Users\seung\.stmcufinder\plugins\mcufinder
2026-10-04 20:20:06,103 [INFO] CrossReferenceDbSqlite:203 - Set database path to: C:\Users\seung\.stmcufinder\plugins\mcufinder//mcu/cs/
2026-10-04 20:20:06,116 [INFO] ApplicationProperties:184 - Using Application install path: C:\ST\STM32CubeIDE_1.16.0\STM32CubeIDE\plugins\com.st.stm32cube.common.mx_6.12.0.202406281431
2026-10-04 20:20:06,117 [INFO] PluginManage:196 - Search for loadable plugins [exclusion list=, ]
2026-10-04 20:20:06,118 [INFO] PluginManage:310 - Check plugin analytics
2026-10-04 20:20:06,249 [INFO] AnalyticsPlugin:253 - Accepted Software Licenses: 
2026-10-04 20:20:06,249 [INFO] AnalyticsPlugin:255 - Accepted CMSIS Pack Licenses: 
2026-10-04 20:20:06,250 [INFO] AnalyticsPlugin:257 - Accepted Firmware Licenses: FW.F7.1.17.0
2026-10-04 20:20:06,252 [INFO] PluginManage:359 - Loaded plugin analytics (category:tool,tabindex:-1)
2026-10-04 20:20:06,252 [INFO] PluginManage:310 - Check plugin cadmodel
2026-10-04 20:20:06,265 [INFO] CADModel:105 - Init CAD model plugin
2026-10-04 20:20:06,265 [INFO] PluginManage:359 - Loaded plugin cadmodel (category:power,tabindex:5)
2026-10-04 20:20:06,265 [INFO] PluginManage:310 - Check plugin clock
2026-10-04 20:20:06,280 [INFO] PluginManage:359 - Loaded plugin clock (category:base,tabindex:2)
2026-10-04 20:20:06,280 [INFO] PluginManage:310 - Check plugin ddr
2026-10-04 20:20:06,283 [INFO] PluginManage:359 - Loaded plugin ddr (category:tool,tabindex:6)
2026-10-04 20:20:06,283 [INFO] PluginManage:310 - Check plugin filemanager
2026-10-04 20:20:06,396 [INFO] PluginManage:359 - Loaded plugin filemanager (category:base,tabindex:10)
2026-10-04 20:20:06,396 [INFO] PluginManage:310 - Check plugin ipmanager
2026-10-04 20:20:06,403 [INFO] PluginManage:359 - Loaded plugin ipmanager (category:base,tabindex:5)
2026-10-04 20:20:06,403 [INFO] PluginManage:310 - Check plugin lpbam
2026-10-04 20:20:06,418 [INFO] PluginManage:359 - Loaded plugin lpbam (category:base,tabindex:0)
2026-10-04 20:20:06,418 [INFO] PluginManage:310 - Check plugin memorymap
2026-10-04 20:20:06,434 [INFO] PluginManage:359 - Loaded plugin memorymap (category:base,tabindex:4)
2026-10-04 20:20:06,434 [INFO] PluginManage:310 - Check plugin pinoutandconfiguration
2026-10-04 20:20:06,449 [INFO] PluginManage:359 - Loaded plugin pinoutandconfiguration (category:base,tabindex:1)
2026-10-04 20:20:06,449 [INFO] PluginManage:310 - Check plugin pinoutconfig
2026-10-04 20:20:06,529 [WARN] SupportedApi:132 - Cannot load RTOS API schema: s4s-elt-must-match.1: The content of 'definitions' must match (annotation?, (simpleType | complexType)?, (unique | key | keyref)*)). A problem was found starting at: attribute.
2026-10-04 20:20:06,650 [INFO] PluginManage:359 - Loaded plugin pinoutconfig (category:base,tabindex:0)
2026-10-04 20:20:06,650 [INFO] PluginManage:310 - Check plugin power
2026-10-04 20:20:06,666 [INFO] PluginManage:359 - Loaded plugin power (category:power,tabindex:4)
2026-10-04 20:20:06,666 [INFO] PluginManage:310 - Check plugin projectmanager
2026-10-04 20:20:06,678 [INFO] PluginManage:359 - Loaded plugin projectmanager (category:projectmanager,tabindex:4)
2026-10-04 20:20:06,678 [INFO] PluginManage:310 - Check plugin rif
2026-10-04 20:20:06,689 [INFO] PluginManage:359 - Loaded plugin rif (category:base,tabindex:3)
2026-10-04 20:20:06,689 [INFO] PluginManage:310 - Check plugin thirdparty
2026-10-04 20:20:06,906 [INFO] PluginManage:359 - Loaded plugin thirdparty (category:base,tabindex:-1)
2026-10-04 20:20:06,906 [WARN] IntegrityCheckThread:84 - waiting for thirdparty lock release [integrity check]
2026-10-04 20:20:06,906 [INFO] PluginManage:310 - Check plugin tools
2026-10-04 20:20:06,906 [INFO] IntegrityCheckThread:86 - entering critical section [integrity check]
2026-10-04 20:20:06,907 [INFO] ThirdPartyUpdaterWithRetryManager:70 - Updater plugin not ready yet. [1/15]
2026-10-04 20:20:06,931 [INFO] PluginManage:359 - Loaded plugin tools (category:base,tabindex:7)
2026-10-04 20:20:06,932 [INFO] PluginManage:310 - Check plugin tutovideos
2026-10-04 20:20:07,076 [INFO] PluginManage:359 - Loaded plugin tutovideos (category:base,tabindex:-1)
2026-10-04 20:20:07,076 [INFO] PluginManage:310 - Check plugin updater
2026-10-04 20:20:07,089 [INFO] PluginManage:359 - Loaded plugin updater (category:base,tabindex:12)
2026-10-04 20:20:07,089 [INFO] PluginManage:310 - Check plugin userauth
2026-10-04 20:20:07,094 [INFO] UserAuth:113 - Init User Auth plugin
2026-10-04 20:20:07,094 [INFO] PluginManage:359 - Loaded plugin userauth (category:base,tabindex:14)
2026-10-04 20:20:07,094 [INFO] PluginManage:283 - PluginManage : Loaded plugins [18]
2026-10-04 20:20:07,251 [INFO] PinOutPanel:1561 - setPackage(No Configuration,No Configuration)
2026-10-04 20:20:07,320 [INFO] CADModel:165 - CPN selected for project level
2026-10-04 20:20:07,320 [INFO] CADModel:114 - Register for checkConnection events
2026-10-04 20:20:07,342 [INFO] IPUIPlugin:80 - create IPUIPlugin
2026-10-04 20:20:07,343 [INFO] PluginManager:220 - loadIPPluginJar : add adc
2026-10-04 20:20:07,372 [INFO] IPUIPlugin:80 - create IPUIPlugin
2026-10-04 20:20:07,373 [INFO] PluginManager:220 - loadIPPluginJar : add aes
2026-10-04 20:20:07,407 [INFO] IPUIPlugin:80 - create IPUIPlugin
2026-10-04 20:20:07,408 [INFO] PluginManager:220 - loadIPPluginJar : add can
2026-10-04 20:20:07,428 [INFO] IPUIPlugin:80 - create IPUIPlugin
2026-10-04 20:20:07,429 [INFO] PluginManager:220 - loadIPPluginJar : add comp
2026-10-04 20:20:07,454 [INFO] IPUIPlugin:80 - create IPUIPlugin
2026-10-04 20:20:07,455 [INFO] PluginManager:220 - loadIPPluginJar : add cryp
2026-10-04 20:20:07,463 [INFO] IPUIPlugin:80 - create IPUIPlugin
2026-10-04 20:20:07,464 [INFO] PluginManager:220 - loadIPPluginJar : add ddr_ctrl_phy
2026-10-04 20:20:07,486 [INFO] IPUIPlugin:80 - create IPUIPlugin
2026-10-04 20:20:07,486 [INFO] PluginManager:220 - loadIPPluginJar : add dfsdm
2026-10-04 20:20:07,496 [INFO] IPUIPlugin:80 - create IPUIPlugin
2026-10-04 20:20:07,496 [INFO] PluginManager:220 - loadIPPluginJar : add dma
2026-10-04 20:20:07,528 [INFO] IPUIPlugin:80 - create IPUIPlugin
2026-10-04 20:20:07,528 [INFO] PluginManager:220 - loadIPPluginJar : add dma3
2026-10-04 20:20:07,560 [INFO] IPUIPlugin:80 - create IPUIPlugin
2026-10-04 20:20:07,560 [INFO] PluginManager:220 - loadIPPluginJar : add extmemmanager
2026-10-04 20:20:07,574 [INFO] IPUIPlugin:80 - create IPUIPlugin
2026-10-04 20:20:07,574 [INFO] PluginManager:220 - loadIPPluginJar : add fatfs
2026-10-04 20:20:07,608 [INFO] IPUIPlugin:80 - create IPUIPlugin
2026-10-04 20:20:07,608 [INFO] PluginManager:220 - loadIPPluginJar : add fmc
2026-10-04 20:20:07,619 [INFO] IPUIPlugin:80 - create IPUIPlugin
2026-10-04 20:20:07,619 [INFO] PluginManager:220 - loadIPPluginJar : add freertos
2026-10-04 20:20:07,634 [INFO] IPUIPlugin:80 - create IPUIPlugin
2026-10-04 20:20:07,634 [INFO] PluginManager:220 - loadIPPluginJar : add genericplugin
2026-10-04 20:20:07,697 [INFO] IPUIPlugin:80 - create IPUIPlugin
2026-10-04 20:20:07,697 [INFO] PluginManager:220 - loadIPPluginJar : add gfxmmu
2026-10-04 20:20:07,783 [INFO] IPUIPlugin:80 - create IPUIPlugin
2026-10-04 20:20:07,783 [INFO] PluginManager:220 - loadIPPluginJar : add gic
2026-10-04 20:20:07,793 [INFO] IPUIPlugin:80 - create IPUIPlugin
2026-10-04 20:20:07,793 [INFO] PluginManager:220 - loadIPPluginJar : add gpio
2026-10-04 20:20:07,866 [INFO] IPUIPlugin:80 - create IPUIPlugin
2026-10-04 20:20:07,866 [INFO] PluginManager:220 - loadIPPluginJar : add gtzc
2026-10-04 20:20:07,888 [INFO] IPUIPlugin:80 - create IPUIPlugin
2026-10-04 20:20:07,888 [INFO] PluginManager:220 - loadIPPluginJar : add hash
2026-10-04 20:20:07,921 [INFO] IPUIPlugin:80 - create IPUIPlugin
2026-10-04 20:20:07,922 [INFO] PluginManager:220 - loadIPPluginJar : add i2c
2026-10-04 20:20:07,949 [INFO] IPUIPlugin:80 - create IPUIPlugin
2026-10-04 20:20:07,949 [INFO] PluginManager:220 - loadIPPluginJar : add i2s
2026-10-04 20:20:07,978 [INFO] IPUIPlugin:80 - create IPUIPlugin
2026-10-04 20:20:07,978 [INFO] PluginManager:220 - loadIPPluginJar : add i3c
2026-10-04 20:20:08,059 [INFO] IPUIPlugin:80 - create IPUIPlugin
2026-10-04 20:20:08,059 [INFO] PluginManager:220 - loadIPPluginJar : add ipddr
2026-10-04 20:20:08,121 [INFO] IPUIPlugin:80 - create IPUIPlugin
2026-10-04 20:20:08,121 [INFO] PluginManager:220 - loadIPPluginJar : add linkedlist
2026-10-04 20:20:08,147 [INFO] IPUIPlugin:80 - create IPUIPlugin
2026-10-04 20:20:08,147 [INFO] PluginManager:220 - loadIPPluginJar : add lorawan
2026-10-04 20:20:08,171 [INFO] IPUIPlugin:80 - create IPUIPlugin
2026-10-04 20:20:08,171 [INFO] PluginManager:220 - loadIPPluginJar : add ltdc
2026-10-04 20:20:08,181 [INFO] IPUIPlugin:80 - create IPUIPlugin
2026-10-04 20:20:08,181 [INFO] PluginManager:220 - loadIPPluginJar : add mdma
2026-10-04 20:20:08,190 [INFO] IPUIPlugin:80 - create IPUIPlugin
2026-10-04 20:20:08,190 [INFO] PluginManager:220 - loadIPPluginJar : add nvic
2026-10-04 20:20:08,218 [INFO] IPUIPlugin:80 - create IPUIPlugin
2026-10-04 20:20:08,218 [INFO] PluginManager:220 - loadIPPluginJar : add opamp
2026-10-04 20:20:08,259 [INFO] IPUIPlugin:80 - create IPUIPlugin
2026-10-04 20:20:08,259 [INFO] PluginManager:220 - loadIPPluginJar : add openamp
2026-10-04 20:20:08,289 [INFO] IPUIPlugin:80 - create IPUIPlugin
2026-10-04 20:20:08,289 [INFO] PluginManager:220 - loadIPPluginJar : add pdm2pcm
2026-10-04 20:20:08,299 [INFO] IPUIPlugin:80 - create IPUIPlugin
2026-10-04 20:20:08,300 [INFO] PluginManager:220 - loadIPPluginJar : add plateformsettings
2026-10-04 20:20:08,317 [INFO] IPUIPlugin:80 - create IPUIPlugin
2026-10-04 20:20:08,317 [INFO] PluginManager:220 - loadIPPluginJar : add quadspi
2026-10-04 20:20:08,334 [INFO] IPUIPlugin:80 - create IPUIPlugin
2026-10-04 20:20:08,335 [INFO] PluginManager:220 - loadIPPluginJar : add radio
2026-10-04 20:20:08,343 [INFO] IPUIPlugin:80 - create IPUIPlugin
2026-10-04 20:20:08,344 [INFO] PluginManager:220 - loadIPPluginJar : add resmgrutility
2026-10-04 20:20:08,377 [INFO] IPUIPlugin:80 - create IPUIPlugin
2026-10-04 20:20:08,377 [INFO] PluginManager:220 - loadIPPluginJar : add sai
2026-10-04 20:20:08,401 [INFO] IPUIPlugin:80 - create IPUIPlugin
2026-10-04 20:20:08,401 [INFO] PluginManager:220 - loadIPPluginJar : add spi
2026-10-04 20:20:08,450 [INFO] IPUIPlugin:80 - create IPUIPlugin
2026-10-04 20:20:08,450 [INFO] PluginManager:220 - loadIPPluginJar : add stm32_wpan
2026-10-04 20:20:08,465 [INFO] IPUIPlugin:80 - create IPUIPlugin
2026-10-04 20:20:08,465 [INFO] PluginManager:220 - loadIPPluginJar : add tim
2026-10-04 20:20:08,507 [INFO] IPUIPlugin:80 - create IPUIPlugin
2026-10-04 20:20:08,507 [INFO] PluginManager:220 - loadIPPluginJar : add touchsensing
2026-10-04 20:20:08,523 [INFO] IPUIPlugin:80 - create IPUIPlugin
2026-10-04 20:20:08,524 [INFO] PluginManager:220 - loadIPPluginJar : add tracer_emb
2026-10-04 20:20:08,540 [INFO] IPUIPlugin:80 - create IPUIPlugin
2026-10-04 20:20:08,540 [INFO] PluginManager:220 - loadIPPluginJar : add ts
2026-10-04 20:20:08,554 [INFO] IPUIPlugin:80 - create IPUIPlugin
2026-10-04 20:20:08,554 [INFO] PluginManager:220 - loadIPPluginJar : add tsc
2026-10-04 20:20:08,570 [INFO] IPUIPlugin:80 - create IPUIPlugin
2026-10-04 20:20:08,570 [INFO] PluginManager:220 - loadIPPluginJar : add ucpd
2026-10-04 20:20:08,604 [INFO] IPUIPlugin:80 - create IPUIPlugin
2026-10-04 20:20:08,604 [INFO] PluginManager:220 - loadIPPluginJar : add usart
2026-10-04 20:20:08,634 [INFO] IPUIPlugin:80 - create IPUIPlugin
2026-10-04 20:20:08,634 [INFO] PluginManager:220 - loadIPPluginJar : add usbx
2026-10-04 20:20:08,748 [INFO] CADModel:165 - CPN selected for project level
2026-10-04 20:20:08,748 [INFO] CADModel:114 - Register for checkConnection events
2026-10-04 20:20:08,748 [FATAL] Updater:334 - Updater called before beeing initialized
2026-10-04 20:20:08,748 [ERROR] CADModel:125 - Updater not yet initialized, retry later 
2026-10-04 20:20:08,834 [INFO] CADModel:165 - CPN selected for project level
2026-10-04 20:20:08,834 [INFO] CADModel:114 - Register for checkConnection events
2026-10-04 20:20:08,834 [FATAL] Updater:334 - Updater called before beeing initialized
2026-10-04 20:20:08,835 [ERROR] CADModel:125 - Updater not yet initialized, retry later 
2026-10-04 20:20:08,836 [FATAL] Updater:334 - Updater called before beeing initialized
2026-10-04 20:20:08,908 [FATAL] Updater:334 - Updater called before beeing initialized
2026-10-04 20:20:08,916 [INFO] DbMcusAds:53 - JSON generation date=Wed Jul 15 18:44:54 KST 2026 (1784108694001)
2026-10-04 20:20:08,916 [FATAL] Updater:334 - Updater called before beeing initialized
2026-10-04 20:20:08,944 [WARN] DetailPanel:346 - Failed to get advertising image, set to default
2026-10-04 20:20:09,008 [FATAL] Updater:334 - Updater called before beeing initialized
2026-10-04 20:20:09,010 [FATAL] Updater:334 - Updater called before beeing initialized
2026-10-04 20:20:09,010 [FATAL] Updater:334 - Updater called before beeing initialized
2026-10-04 20:20:09,010 [WARN] DetailPanel:346 - Failed to get advertising image, set to default
2026-10-04 20:20:09,010 [FATAL] Updater:334 - Updater called before beeing initialized
2026-10-04 20:20:09,060 [ERROR] Updater:1164 - MainUpdater not yet initialized. External WinMGr cannot be set.
2026-10-04 20:20:09,068 [INFO] Updater:1100 - Updater Version found : 6.12.0
2026-10-04 20:20:09,079 [INFO] ApplicationProperties:184 - Using Application install path: C:\ST\STM32CubeIDE_1.16.0\STM32CubeIDE\plugins\com.st.stm32cube.common.mx_6.12.0.202406281431
2026-10-04 20:20:09,918 [INFO] ThirdPartyUpdaterWithRetryManager:70 - Updater plugin not ready yet. [2/15]
2026-10-04 20:20:10,686 [ERROR] LogOutputStream:75 - [STDERR_REDIRECT] Oct 04, 2026 8:20:10 PM java.util.prefs.WindowsPreferences <init>
2026-10-04 20:20:10,688 [ERROR] LogOutputStream:75 - [STDERR_REDIRECT] WARNING: Could not open/create prefs root node Software\JavaSoft\Prefs at root 0xffffffff80000002. Windows RegCreateKeyEx(...) returned error code 5.
2026-10-04 20:20:10,688 [ERROR] LogOutputStream:75 - [STDERR_REDIRECT] 
2026-10-04 20:20:11,016 [INFO] MainUpdater:2873 - connection check result : 10
2026-10-04 20:20:11,016 [INFO] MainUpdater:3567 - Updater definition file requires update
2026-10-04 20:20:11,017 [INFO] MainUpdater:290 - Updater Check For Update Now.
2026-10-04 20:20:11,017 [INFO] MicroXplorer:498 - Change Database Version : DB.6.0.120
2026-10-04 20:20:11,031 [INFO] McuFinderGlobals:63 - Set McuFinder mode to 2 (CubeIDE integrated)
2026-10-04 20:20:11,036 [INFO] UserAuth:417 - Internet connection configuration mode: 1
2026-10-04 20:20:11,055 [INFO] JxBrowserEngine:152 - Initiate JxBrowser Engine with user profile folder
2026-10-04 20:20:11,211 [INFO] ServerAccessManage:473 - Download File updaters.zip
2026-10-04 20:20:11,386 [INFO] FileExtend:240 - Unzip File : updaters.zip
2026-10-04 20:20:11,387 [INFO] FileExtend:255 - Standard Zip Deflate
2026-10-04 20:20:11,918 [INFO] ServerAccessManage:473 - Download File PacksControlFlags.xml
2026-10-04 20:20:12,062 [INFO] ServerAccessManage:473 - Download File cubemx.pidx
2026-10-04 20:20:12,139 [INFO] LoadServerUpdatesThread:375 - End of LoadServerUpdate Thread
2026-10-04 20:20:12,307 [INFO] CheckServerUpdateThread:120 - End of CheckServer Thread
2026-10-04 20:20:12,466 [INFO] WebApp:167 - Instantiating new browser for Auth
2026-10-04 20:20:12,963 [INFO] WebApp:448 - Apply proxy settings
2026-10-04 20:20:12,963 [INFO] WebApp:533 - Chromium requires no authentication
2026-10-04 20:20:12,971 [INFO] WebApp:476 - Direct internet connection detected
2026-10-04 20:20:12,990 [INFO] WebApp:869 - Register for checkConnection events
2026-10-04 20:20:12,990 [INFO] WebApp:448 - Apply proxy settings
2026-10-04 20:20:12,990 [INFO] WebApp:533 - Chromium requires no authentication
2026-10-04 20:20:12,991 [INFO] WebApp:476 - Direct internet connection detected
2026-10-04 20:20:13,136 [INFO] WebApp:220 - Starting web application
2026-10-04 20:20:13,136 [INFO] WebApp:578 - Web application path used C:\ST\STM32CubeIDE_1.16.0\STM32CubeIDE\plugins\com.st.stm32cube.common.mx_6.12.0.202406281431\db\plugins\mcufinder\reactClient1\index.html
2026-10-04 20:20:13,177 [WARN] PackLoader:240 - Cannot read IP mode file for STMicroelectronics.X-CUBE-AZRTOS-H7.3.5.0
2026-10-04 20:20:13,195 [WARN] PackLoader:240 - Cannot read IP mode file for STMicroelectronics.FP-SNS-MOTENVWB1.1.4.0
2026-10-04 20:20:13,208 [WARN] PackLoader:240 - Cannot read IP mode file for STMicroelectronics.FP-ATR-ASTRA1.2.0.3
2026-10-04 20:20:13,218 [WARN] PackLoader:240 - Cannot read IP mode file for STMicroelectronics.FP-ATR-ASTRA1.2.0.2
2026-10-04 20:20:13,230 [ERROR] Engine:466 - C:\Users\seung\.stm32cubemx\thirdparties\pdsc\STMicroelectronics.X-CUBE-SMBUS.2.1.1.pdsc: PDSC version is not supported
2026-10-04 20:20:13,240 [WARN] PackLoader:240 - Cannot read IP mode file for STMicroelectronics.X-CUBE-SMBUS.2.1.0
2026-10-04 20:20:13,250 [ERROR] Engine:466 - C:\Users\seung\.stm32cubemx\thirdparties\pdsc\STMicroelectronics.X-CUBE-ST60.1.0.0.pdsc: PDSC version is not supported
2026-10-04 20:20:13,263 [INFO] WebApp:186 - Connection restablished
2026-10-04 20:20:13,265 [INFO] UserAuth:417 - Internet connection configuration mode: 1
2026-10-04 20:20:13,278 [WARN] PackLoader:240 - Cannot read IP mode file for STMicroelectronics.X-CUBE-AZRTOS-F7.1.1.0
2026-10-04 20:20:13,291 [ERROR] Engine:466 - C:\Users\seung\.stm32cubemx\thirdparties\pdsc\STMicroelectronics.X-CUBE-FREERTOS.1.6.0.pdsc: PDSC version is not supported
2026-10-04 20:20:13,301 [ERROR] Engine:466 - C:\Users\seung\.stm32cubemx\thirdparties\pdsc\STMicroelectronics.FP-SNS-MOTENV1.5.1.0.pdsc: PDSC version is not supported
2026-10-04 20:20:13,325 [WARN] PackLoader:240 - Cannot read IP mode file for STMicroelectronics.X-CUBE-AZRTOS-H7RS.1.3.0
2026-10-04 20:20:13,354 [WARN] PackLoader:240 - Cannot read IP mode file for Infineon.AIROC-Wi-Fi-Bluetooth-STM32.1.7.0
2026-10-04 20:20:13,370 [ERROR] LogOutputStream:75 - [STDERR_REDIRECT] [Fatal Error] :1:1: Premature end of file.
2026-10-04 20:20:13,370 [ERROR] LogOutputStream:75 - [STDERR_REDIRECT] 
2026-10-04 20:20:13,380 [WARN] PackLoader:240 - Cannot read IP mode file for STMicroelectronics.X-CUBE-AZRTOS-H7.3.4.0
2026-10-04 20:20:13,396 [WARN] PackLoader:240 - Cannot read IP mode file for STMicroelectronics.X-CUBE-DISPLAY.3.0.0
2026-10-04 20:20:13,414 [WARN] PackLoader:240 - Cannot read IP mode file for STMicroelectronics.X-CUBE-GNSS1.7.1.1
2026-10-04 20:20:13,423 [ERROR] Engine:466 - C:\Users\seung\.stm32cubemx\thirdparties\pdsc\STMicroelectronics.FP-SNS-MOTENVWB1.1.5.0.pdsc: PDSC version is not supported
2026-10-04 20:20:13,435 [WARN] PackLoader:240 - Cannot read IP mode file for STMicroelectronics.X-CUBE-NFC10.1.0.0
2026-10-04 20:20:13,452 [WARN] PackLoader:240 - Cannot read IP mode file for STMicroelectronics.X-CUBE-BLEMGR.4.0.0
2026-10-04 20:20:13,464 [ERROR] Engine:466 - C:\Users\seung\.stm32cubemx\thirdparties\pdsc\STMicroelectronics.X-CUBE-ST60.1.1.0.pdsc: PDSC version is not supported
2026-10-04 20:20:13,475 [WARN] PackLoader:240 - Cannot read IP mode file for emotas.I-CUBE-CANOPEN.1.3.0
2026-10-04 20:20:13,486 [ERROR] Engine:466 - C:\Users\seung\.stm32cubemx\thirdparties\pdsc\STMicroelectronics.X-CUBE-WBA.1.1.0.pdsc: PDSC version is not supported
2026-10-04 20:20:13,496 [WARN] PackLoader:240 - Cannot read IP mode file for STMicroelectronics.X-CUBE-GNSS1.7.1.0
2026-10-04 20:20:13,507 [WARN] ConditionMgr:438 - getConditionDescription Invalid condition id : Cortex-A Device cause : null
2026-10-04 20:20:13,523 [WARN] ConditionMgr:1039 - genDependencies : Invalid condition id : Cortex-A Device cause : null
2026-10-04 20:20:13,523 [WARN] ConditionMgr:1039 - genDependencies : Invalid condition id : Cortex-A Device cause : null
2026-10-04 20:20:13,523 [WARN] ConditionMgr:1039 - genDependencies : Invalid condition id : Cortex-A Device cause : null
2026-10-04 20:20:13,536 [WARN] PackLoader:240 - Cannot read IP mode file for STMicroelectronics.X-CUBE-AI.10.0.0
2026-10-04 20:20:13,547 [ERROR] Engine:466 - C:\Users\seung\.stm32cubemx\thirdparties\pdsc\STMicroelectronics.FP-SNS-STBOX1.2.1.0.pdsc: PDSC version is not supported
2026-10-04 20:20:13,558 [WARN] PackLoader:240 - Cannot read IP mode file for STMicroelectronics.FP-SNS-SMARTAG2.1.2.0
2026-10-04 20:20:13,575 [INFO] LogOutputStream:77 - [STDOUT_REDIRECT] 1 : Invalid condition id : UX_CORESTACK_Condition cause : null
2026-10-04 20:20:13,576 [INFO] LogOutputStream:77 - [STDOUT_REDIRECT] 1 : Invalid condition id : UX_CORESTACK_Condition cause : null
2026-10-04 20:20:13,577 [INFO] LogOutputStream:77 - [STDOUT_REDIRECT] 1 : Invalid condition id : UX_CORESTACK_Condition cause : null
2026-10-04 20:20:13,577 [INFO] LogOutputStream:77 - [STDOUT_REDIRECT] 1 : Invalid condition id : UX_CORESTACK_Condition cause : null
2026-10-04 20:20:13,578 [INFO] LogOutputStream:77 - [STDOUT_REDIRECT] 1 : Invalid condition id : UX_CORESTACK_Condition cause : null
2026-10-04 20:20:13,580 [WARN] PackLoader:240 - Cannot read IP mode file for STMicroelectronics.X-CUBE-AZRTOS-WL.2.0.0
2026-10-04 20:20:13,594 [WARN] PackLoader:240 - Cannot read IP mode file for STMicroelectronics.FP-SNS-MOTENV1.5.0.0
2026-10-04 20:20:13,615 [WARN] PackLoader:240 - Cannot read IP mode file for STMicroelectronics.X-CUBE-AZRTOS-H7RS.1.2.0
2026-10-04 20:20:13,629 [WARN] PackLoader:240 - Cannot read IP mode file for WES.I-CUBE-Cesium.1.3.0
2026-10-04 20:20:13,639 [WARN] PackLoader:240 - Cannot read IP mode file for STMicroelectronics.X-CUBE-BLE2.3.3.0
2026-10-04 20:20:13,647 [ERROR] Engine:466 - C:\Users\seung\.stm32cubemx\thirdparties\pdsc\Avnet-IOTCONNECT.X-CUBE-iotc-st67-sdk.1.0.0.pdsc: PDSC version is not supported
2026-10-04 20:20:13,660 [WARN] PackLoader:240 - Cannot read IP mode file for STMicroelectronics.X-CUBE-NFC9.1.0.0
2026-10-04 20:20:13,675 [WARN] PackLoader:240 - Cannot read IP mode file for wolfSSL.I-CUBE-wolfSSL.5.8.0
2026-10-04 20:20:13,687 [WARN] PackLoader:240 - Cannot read IP mode file for STMicroelectronics.X-CUBE-BLE1.7.1.0
2026-10-04 20:20:13,700 [WARN] PackLoader:240 - Cannot read IP mode file for wolfSSL.I-CUBE-wolfMQTT.1.19.2
2026-10-04 20:20:13,710 [ERROR] Engine:466 - C:\Users\seung\.stm32cubemx\thirdparties\pdsc\STMicroelectronics.X-CUBE-FREERTOS.1.4.0.pdsc: PDSC version is not supported
2026-10-04 20:20:13,722 [WARN] PackLoader:240 - Cannot read IP mode file for STMicroelectronics.X-CUBE-EEPRMA1.5.2.0
2026-10-04 20:20:13,735 [ERROR] Engine:466 - C:\Users\seung\.stm32cubemx\thirdparties\pdsc\STMicroelectronics.X-CUBE-ST67W61.1.1.0.pdsc: PDSC version is not supported
2026-10-04 20:20:13,745 [WARN] PackLoader:240 - Cannot read IP mode file for STMicroelectronics.X-CUBE-AI.10.1.0
2026-10-04 20:20:13,756 [ERROR] Engine:466 - C:\Users\seung\.stm32cubemx\thirdparties\pdsc\STMicroelectronics.FP-SNS-STAIOTCFT.1.1.0.pdsc: PDSC version is not supported
2026-10-04 20:20:13,789 [WARN] PackLoader:240 - Cannot read IP mode file for STMicroelectronics.X-CUBE-MEMS1.12.0.0
2026-10-04 20:20:13,856 [WARN] PackLoader:240 - Cannot read IP mode file for STMicroelectronics.X-CUBE-AZRTOS-G0.1.1.0
2026-10-04 20:20:13,870 [WARN] PackLoader:240 - Cannot read IP mode file for STMicroelectronics.X-CUBE-SAFEA1.1.2.2
2026-10-04 20:20:13,882 [WARN] PackLoader:240 - Cannot read IP mode file for STMicroelectronics.X-CUBE-NFC4.3.0.0
2026-10-04 20:20:13,896 [WARN] PackLoader:240 - Cannot read IP mode file for EmbeddedOffice.I-CUBE-FS-RTOS.1.0.1
2026-10-04 20:20:13,896 [ERROR] ConditionMgr:805 - Attr not supported : Dmpu
2026-10-04 20:20:13,896 [ERROR] ConditionMgr:805 - Attr not supported : Dmpu
2026-10-04 20:20:13,896 [ERROR] ConditionMgr:805 - Attr not supported : Dmpu
2026-10-04 20:20:13,896 [ERROR] ConditionMgr:805 - Attr not supported : Dmpu
2026-10-04 20:20:13,896 [ERROR] ConditionMgr:805 - Attr not supported : Dmpu
2026-10-04 20:20:13,896 [ERROR] ConditionMgr:805 - Attr not supported : Dmpu
2026-10-04 20:20:13,896 [ERROR] ConditionMgr:805 - Attr not supported : Dmpu
2026-10-04 20:20:13,896 [ERROR] ConditionMgr:805 - Attr not supported : Dmpu
2026-10-04 20:20:13,896 [ERROR] ConditionMgr:805 - Attr not supported : Dmpu
2026-10-04 20:20:13,896 [ERROR] ConditionMgr:805 - Attr not supported : Dmpu
2026-10-04 20:20:13,896 [ERROR] ConditionMgr:805 - Attr not supported : Dmpu
2026-10-04 20:20:13,896 [ERROR] ConditionMgr:805 - Attr not supported : Dmpu
2026-10-04 20:20:13,896 [ERROR] ConditionMgr:805 - Attr not supported : Dmpu
2026-10-04 20:20:13,897 [ERROR] ConditionMgr:805 - Attr not supported : Dmpu
2026-10-04 20:20:13,897 [ERROR] ConditionMgr:805 - Attr not supported : Dmpu
2026-10-04 20:20:13,897 [ERROR] ConditionMgr:805 - Attr not supported : Dmpu
2026-10-04 20:20:13,897 [ERROR] ConditionMgr:805 - Attr not supported : Dmpu
2026-10-04 20:20:13,897 [ERROR] ConditionMgr:805 - Attr not supported : Dmpu
2026-10-04 20:20:13,897 [ERROR] ConditionMgr:805 - Attr not supported : Dmpu
2026-10-04 20:20:13,897 [ERROR] ConditionMgr:805 - Attr not supported : Dmpu
2026-10-04 20:20:13,897 [ERROR] ConditionMgr:805 - Attr not supported : Dmpu
2026-10-04 20:20:13,897 [ERROR] ConditionMgr:805 - Attr not supported : Dmpu
2026-10-04 20:20:13,897 [ERROR] ConditionMgr:805 - Attr not supported : Dmpu
2026-10-04 20:20:13,897 [ERROR] ConditionMgr:805 - Attr not supported : Dmpu
2026-10-04 20:20:13,897 [ERROR] ConditionMgr:805 - Attr not supported : Dmpu
2026-10-04 20:20:13,897 [ERROR] ConditionMgr:805 - Attr not supported : Dmpu
2026-10-04 20:20:13,897 [ERROR] ConditionMgr:805 - Attr not supported : Dmpu
2026-10-04 20:20:13,897 [ERROR] ConditionMgr:805 - Attr not supported : Dmpu
2026-10-04 20:20:13,897 [ERROR] ConditionMgr:805 - Attr not supported : Dmpu
2026-10-04 20:20:13,897 [ERROR] ConditionMgr:805 - Attr not supported : Dmpu
2026-10-04 20:20:13,897 [ERROR] ConditionMgr:805 - Attr not supported : Dmpu
2026-10-04 20:20:13,897 [ERROR] ConditionMgr:805 - Attr not supported : Dmpu
2026-10-04 20:20:13,897 [ERROR] ConditionMgr:805 - Attr not supported : Dmpu
2026-10-04 20:20:13,897 [ERROR] ConditionMgr:805 - Attr not supported : Dmpu
2026-10-04 20:20:13,897 [ERROR] ConditionMgr:805 - Attr not supported : Dmpu
2026-10-04 20:20:13,897 [ERROR] ConditionMgr:805 - Attr not supported : Dmpu
2026-10-04 20:20:13,897 [ERROR] ConditionMgr:805 - Attr not supported : Dmpu
2026-10-04 20:20:13,897 [ERROR] ConditionMgr:805 - Attr not supported : Dmpu
2026-10-04 20:20:13,897 [ERROR] ConditionMgr:805 - Attr not supported : Dmpu
2026-10-04 20:20:13,897 [ERROR] ConditionMgr:805 - Attr not supported : Dmpu
2026-10-04 20:20:13,897 [ERROR] ConditionMgr:805 - Attr not supported : Dmpu
2026-10-04 20:20:13,897 [ERROR] ConditionMgr:805 - Attr not supported : Dmpu
2026-10-04 20:20:13,897 [ERROR] ConditionMgr:805 - Attr not supported : Dmpu
2026-10-04 20:20:13,897 [ERROR] ConditionMgr:805 - Attr not supported : Dmpu
2026-10-04 20:20:13,897 [ERROR] ConditionMgr:805 - Attr not supported : Dmpu
2026-10-04 20:20:13,897 [ERROR] ConditionMgr:805 - Attr not supported : Dmpu
2026-10-04 20:20:13,897 [ERROR] ConditionMgr:805 - Attr not supported : Dmpu
2026-10-04 20:20:13,897 [ERROR] ConditionMgr:805 - Attr not supported : Dmpu
2026-10-04 20:20:13,897 [ERROR] ConditionMgr:805 - Attr not supported : Dmpu
2026-10-04 20:20:13,897 [ERROR] ConditionMgr:805 - Attr not supported : Dmpu
2026-10-04 20:20:13,898 [ERROR] ConditionMgr:805 - Attr not supported : Dmpu
2026-10-04 20:20:13,898 [ERROR] ConditionMgr:805 - Attr not supported : Dmpu
2026-10-04 20:20:13,898 [ERROR] ConditionMgr:805 - Attr not supported : Dmpu
2026-10-04 20:20:13,898 [ERROR] ConditionMgr:805 - Attr not supported : Dmpu
2026-10-04 20:20:13,898 [ERROR] ConditionMgr:805 - Attr not supported : Dmpu
2026-10-04 20:20:13,898 [ERROR] ConditionMgr:805 - Attr not supported : Dmpu
2026-10-04 20:20:13,898 [ERROR] ConditionMgr:805 - Attr not supported : Dmpu
2026-10-04 20:20:13,898 [ERROR] ConditionMgr:805 - Attr not supported : Dmpu
2026-10-04 20:20:13,898 [ERROR] ConditionMgr:805 - Attr not supported : Dmpu
2026-10-04 20:20:13,898 [ERROR] ConditionMgr:805 - Attr not supported : Dmpu
2026-10-04 20:20:13,898 [ERROR] ConditionMgr:805 - Attr not supported : Dmpu
2026-10-04 20:20:13,898 [ERROR] ConditionMgr:805 - Attr not supported : Dmpu
2026-10-04 20:20:13,898 [ERROR] ConditionMgr:805 - Attr not supported : Dmpu
2026-10-04 20:20:13,898 [ERROR] ConditionMgr:805 - Attr not supported : Dmpu
2026-10-04 20:20:13,910 [WARN] PackLoader:240 - Cannot read IP mode file for STMicroelectronics.X-CUBE-WB05N.2.0.0
2026-10-04 20:20:13,922 [WARN] PackLoader:240 - Cannot read IP mode file for wolfSSL.I-CUBE-wolfTPM.3.8.0
2026-10-04 20:20:13,931 [ERROR] Engine:466 - C:\Users\seung\.stm32cubemx\thirdparties\pdsc\STMicroelectronics.X-CUBE-TCPP.4.2.0.pdsc: PDSC version is not supported
2026-10-04 20:20:13,941 [WARN] PackLoader:240 - Cannot read IP mode file for RealThread.X-CUBE-RT-Thread_Nano.4.1.1
2026-10-04 20:20:13,952 [WARN] PackLoader:240 - Cannot read IP mode file for STMicroelectronics.FP-ATR-SIGFOX1.3.2.0
2026-10-04 20:20:13,963 [WARN] PackLoader:240 - Cannot read IP mode file for STMicroelectronics.X-CUBE-EEPRMA1.5.1.0
2026-10-04 20:20:13,972 [ERROR] Engine:466 - C:\Users\seung\.stm32cubemx\thirdparties\pdsc\STMicroelectronics.X-CUBE-FREERTOS.1.5.0.pdsc: PDSC version is not supported
2026-10-04 20:20:13,987 [WARN] PackLoader:240 - Cannot read IP mode file for ITTIA_DB.I-CUBE-ITTIADB.8.9.0
2026-10-04 20:20:14,000 [WARN] PackLoader:240 - Cannot read IP mode file for STMicroelectronics.X-CUBE-NFC6.3.2.0
2026-10-04 20:20:14,012 [ERROR] Engine:466 - C:\Users\seung\.stm32cubemx\thirdparties\pdsc\STMicroelectronics.X-CUBE-ST67W61.1.0.0.pdsc: PDSC version is not supported
2026-10-04 20:20:14,023 [WARN] PackLoader:240 - Cannot read IP mode file for STMicroelectronics.X-CUBE-AI.10.2.1
2026-10-04 20:20:14,034 [WARN] PackLoader:240 - Cannot read IP mode file for STMicroelectronics.X-CUBE-AI.10.2.0
2026-10-04 20:20:14,066 [WARN] PackLoader:240 - Cannot read IP mode file for STMicroelectronics.X-CUBE-MEMS1.12.1.0
2026-10-04 20:20:14,129 [WARN] PackLoader:240 - Cannot read IP mode file for SEGGER.I-CUBE-embOS.1.3.1
2026-10-04 20:20:14,157 [WARN] PackLoader:240 - Cannot read IP mode file for STMicroelectronics.X-CUBE-ALGOBUILD.1.4.0
2026-10-04 20:20:14,187 [WARN] PackLoader:240 - Cannot read IP mode file for STMicroelectronics.X-CUBE-MEMS1.11.3.0
2026-10-04 20:20:14,246 [ERROR] Engine:466 - C:\Users\seung\.stm32cubemx\thirdparties\pdsc\STMicroelectronics.FP-SNS-STAIOTCFT.2.0.0.pdsc: PDSC version is not supported
2026-10-04 20:20:14,257 [WARN] PackLoader:240 - Cannot read IP mode file for STMicroelectronics.X-CUBE-NFC13.1.0.0
2026-10-04 20:20:14,269 [WARN] PackLoader:240 - Cannot read IP mode file for STMicroelectronics.X-CUBE-PM33A1.1.0.0
2026-10-04 20:20:14,285 [WARN] PackLoader:240 - Cannot read IP mode file for STMicroelectronics.X-CUBE-AZRTOS-F4.1.1.0
2026-10-04 20:20:14,297 [WARN] PackLoader:240 - Cannot read IP mode file for STMicroelectronics.X-CUBE-ISPU.2.1.0
2026-10-04 20:20:14,308 [ERROR] Engine:466 - C:\Users\seung\.stm32cubemx\thirdparties\pdsc\STMicroelectronics.X-CUBE-IPS.3.2.0.pdsc: PDSC version is not supported
2026-10-04 20:20:14,318 [ERROR] Engine:466 - C:\Users\seung\.stm32cubemx\thirdparties\pdsc\STMicroelectronics.eDS-WB_DPC_TT-BIDIR.2.1.1.pdsc: PDSC version is not supported
2026-10-04 20:20:14,329 [WARN] PackLoader:240 - Cannot read IP mode file for STMicroelectronics.X-CUBE-NFC12.1.0.0
2026-10-04 20:20:14,344 [ERROR] LogOutputStream:75 - [STDERR_REDIRECT] [Fatal Error] :1:1: Premature end of file.
2026-10-04 20:20:14,344 [ERROR] LogOutputStream:75 - [STDERR_REDIRECT] 
2026-10-04 20:20:14,352 [WARN] PackLoader:240 - Cannot read IP mode file for STMicroelectronics.X-CUBE-AZRTOS-L5.2.0.0
2026-10-04 20:20:14,365 [WARN] PackLoader:240 - Cannot read IP mode file for STMicroelectronics.X-CUBE-NFC6.3.1.0
2026-10-04 20:20:14,376 [WARN] PackLoader:240 - Cannot read IP mode file for STMicroelectronics.X-CUBE-ALGOBUILD.1.5.0
2026-10-04 20:20:14,385 [ERROR] Engine:466 - C:\Users\seung\.stm32cubemx\thirdparties\pdsc\STMicroelectronics.eDS-WB_DPC_VIENNA.1.2.0.pdsc: PDSC version is not supported
2026-10-04 20:20:14,413 [WARN] PackLoader:240 - Cannot read IP mode file for STMicroelectronics.X-CUBE-MEMS1.13.0.0
2026-10-04 20:20:14,454 [ERROR] Engine:466 - C:\Users\seung\.stm32cubemx\thirdparties\pdsc\STMicroelectronics.eDS-WB_DPC_3PH2L-BIDIR.1.1.1.pdsc: PDSC version is not supported
2026-10-04 20:20:14,464 [ERROR] Engine:466 - C:\Users\seung\.stm32cubemx\thirdparties\pdsc\STMicroelectronics.X-CUBE-ST67W61.1.3.0.pdsc: PDSC version is not supported
2026-10-04 20:20:14,475 [WARN] PackLoader:240 - Cannot read IP mode file for STMicroelectronics.X-CUBE-FREERTOS.1.3.1
2026-10-04 20:20:14,486 [WARN] PackLoader:240 - Cannot read IP mode file for STMicroelectronics.X-CUBE-TOUCHGFX.4.26.0
2026-10-04 20:20:14,495 [WARN] PackLoader:240 - Cannot read IP mode file for STMicroelectronics.X-CUBE-TOUCHGFX.4.26.1
2026-10-04 20:20:14,503 [ERROR] Engine:466 - C:\Users\seung\.stm32cubemx\thirdparties\pdsc\STMicroelectronics.FP-SNS-STAIOTCFT.1.0.0.pdsc: PDSC version is not supported
2026-10-04 20:20:14,513 [WARN] PackLoader:240 - Cannot read IP mode file for STMicroelectronics.X-CUBE-DPower.1.3.0
2026-10-04 20:20:14,530 [WARN] ConditionMgr:438 - getConditionDescription Invalid condition id : LAN8742 Phy interface Condition cause : null
2026-10-04 20:20:14,530 [WARN] PackLoader:240 - Cannot read IP mode file for STMicroelectronics.X-CUBE-AZRTOS-L4.2.0.0
2026-10-04 20:20:14,531 [WARN] ConditionMgr:1039 - genDependencies : Invalid condition id : LAN8742 Phy interface Condition cause : null
2026-10-04 20:20:14,531 [WARN] ConditionMgr:1039 - genDependencies : Invalid condition id : LAN8742 Phy interface Condition cause : null
2026-10-04 20:20:14,531 [WARN] ConditionMgr:1039 - genDependencies : Invalid condition id : LAN8742 Phy interface Condition cause : null
2026-10-04 20:20:14,543 [WARN] PackLoader:240 - Cannot read IP mode file for STMicroelectronics.X-CUBE-SFXS2LP1.4.0.0
2026-10-04 20:20:14,552 [WARN] PackLoader:240 - Cannot read IP mode file for STMicroelectronics.X-CUBE-WB05N.2.1.0
2026-10-04 20:20:14,562 [ERROR] Engine:466 - C:\Users\seung\.stm32cubemx\thirdparties\pdsc\STMicroelectronics.X-CUBE-BLEMGR.4.1.0.pdsc: PDSC version is not supported
2026-10-04 20:20:14,579 [WARN] ConditionMgr:438 - getConditionDescription Invalid condition id : UX DEVICE CLASS RTOS Condition cause : null
2026-10-04 20:20:14,580 [WARN] ConditionMgr:438 - getConditionDescription Invalid condition id : UX DEVICE CLASS RTOS Condition cause : null
2026-10-04 20:20:14,580 [WARN] PackLoader:240 - Cannot read IP mode file for STMicroelectronics.X-CUBE-AZRTOS-WB.2.0.0
2026-10-04 20:20:14,581 [WARN] ConditionMgr:1039 - genDependencies : Invalid condition id : UX DEVICE CLASS RTOS Condition cause : null
2026-10-04 20:20:14,581 [WARN] ConditionMgr:1039 - genDependencies : Invalid condition id : UX DEVICE CLASS RTOS Condition cause : null
2026-10-04 20:20:14,581 [WARN] ConditionMgr:1039 - genDependencies : Invalid condition id : UX DEVICE CLASS RTOS Condition cause : null
2026-10-04 20:20:14,581 [WARN] ConditionMgr:1039 - genDependencies : Invalid condition id : UX DEVICE CLASS RTOS Condition cause : null
2026-10-04 20:20:14,581 [WARN] ConditionMgr:1039 - genDependencies : Invalid condition id : UX DEVICE CLASS RTOS Condition cause : null
2026-10-04 20:20:14,592 [WARN] PackLoader:240 - Cannot read IP mode file for STMicroelectronics.X-CUBE-GNSS1.7.0.1
2026-10-04 20:20:14,603 [WARN] PackLoader:240 - Cannot read IP mode file for STMicroelectronics.X-CUBE-TOUCHGFX.4.25.0
2026-10-04 20:20:14,614 [WARN] PackLoader:240 - Cannot read IP mode file for STMicroelectronics.FP-SNS-STBOX1.2.0.0
2026-10-04 20:20:14,625 [WARN] PackLoader:240 - Cannot read IP mode file for STMicroelectronics.X-CUBE-STSE01.2.0.0
2026-10-04 20:20:14,639 [WARN] PackLoader:240 - Cannot read IP mode file for STMicroelectronics.X-CUBE-SUBG2.5.0.0
2026-10-04 20:20:14,659 [WARN] PackLoader:240 - Cannot read IP mode file for STMicroelectronics.X-CUBE-AZRTOS-H7RS.1.1.0
2026-10-04 20:20:14,670 [WARN] PackLoader:240 - Cannot read IP mode file for Cesanta.I-CUBE-Mongoose.7.13.0
2026-10-04 20:20:14,687 [WARN] PackLoader:240 - Cannot read IP mode file for STMicroelectronics.X-CUBE-AZRTOS-G4.2.0.0
2026-10-04 20:20:14,697 [WARN] PackLoader:240 - Cannot read IP mode file for wolfSSL.I-CUBE-wolfSSH.1.4.20
2026-10-04 20:20:14,707 [WARN] PackLoader:240 - Cannot read IP mode file for STMicroelectronics.X-CUBE-NFC7.2.0.0
2026-10-04 20:20:14,717 [ERROR] Engine:466 - C:\Users\seung\.stm32cubemx\thirdparties\pdsc\STMicroelectronics.X-CUBE-IPS.3.1.0.pdsc: PDSC version is not supported
2026-10-04 20:20:14,725 [ERROR] Engine:466 - C:\Users\seung\.stm32cubemx\thirdparties\pdsc\STMicroelectronics.X-CUBE-BLEMGR.4.2.0.pdsc: PDSC version is not supported
2026-10-04 20:20:14,736 [WARN] PackLoader:240 - Cannot read IP mode file for STMicroelectronics.X-CUBE-ALS.1.0.2
2026-10-04 20:20:14,745 [WARN] PackLoader:240 - Cannot read IP mode file for STMicroelectronics.X-CUBE-STSE01.1.0.0
2026-10-04 20:20:14,757 [WARN] PackLoader:240 - Cannot read IP mode file for portGmbH.I-Cube-SoM-uGOAL.1.1.0
2026-10-04 20:20:14,767 [ERROR] Engine:466 - C:\Users\seung\.stm32cubemx\thirdparties\pdsc\STMicroelectronics.X-CUBE-TOF1.3.4.3.pdsc: PDSC version is not supported
2026-10-04 20:20:14,767 [INFO] ThirdParty:978 - Integrity check success = true
2026-10-04 20:20:14,767 [INFO] IntegrityCheckThread:100 - exiting critical section [integrity check]
2026-10-04 20:20:14,767 [INFO] IntegrityCheckThread:103 - End integrity checks thread
2026-10-04 20:20:15,336 [ERROR] LogOutputStream:75 - [STDERR_REDIRECT] [Fatal Error] :1:1: Premature end of file.
2026-10-04 20:20:15,336 [ERROR] LogOutputStream:75 - [STDERR_REDIRECT] 
2026-10-04 20:20:16,335 [ERROR] LogOutputStream:75 - [STDERR_REDIRECT] [Fatal Error] :1:1: Premature end of file.
2026-10-04 20:20:16,336 [ERROR] LogOutputStream:75 - [STDERR_REDIRECT] 
2026-10-04 20:20:17,335 [ERROR] LogOutputStream:75 - [STDERR_REDIRECT] [Fatal Error] :1:1: Premature end of file.
2026-10-04 20:20:17,335 [ERROR] LogOutputStream:75 - [STDERR_REDIRECT] 
2026-10-04 20:20:18,337 [ERROR] LogOutputStream:75 - [STDERR_REDIRECT] [Fatal Error] :1:1: Premature end of file.
2026-10-04 20:20:18,337 [ERROR] LogOutputStream:75 - [STDERR_REDIRECT] 
2026-10-04 20:20:19,335 [ERROR] LogOutputStream:75 - [STDERR_REDIRECT] [Fatal Error] :1:1: Premature end of file.
2026-10-04 20:20:19,335 [ERROR] LogOutputStream:75 - [STDERR_REDIRECT] 
2026-10-04 20:20:20,336 [ERROR] LogOutputStream:75 - [STDERR_REDIRECT] [Fatal Error] :1:1: Premature end of file.
2026-10-04 20:20:20,336 [ERROR] LogOutputStream:75 - [STDERR_REDIRECT] 
2026-10-04 20:20:21,340 [ERROR] LogOutputStream:75 - [STDERR_REDIRECT] [Fatal Error] :1:1: Premature end of file.
2026-10-04 20:20:21,340 [ERROR] LogOutputStream:75 - [STDERR_REDIRECT] 
2026-10-04 20:20:22,335 [ERROR] LogOutputStream:75 - [STDERR_REDIRECT] [Fatal Error] :1:1: Premature end of file.
2026-10-04 20:20:22,335 [ERROR] LogOutputStream:75 - [STDERR_REDIRECT] 
2026-10-04 20:20:23,337 [ERROR] LogOutputStream:75 - [STDERR_REDIRECT] [Fatal Error] :1:1: Premature end of file.
2026-10-04 20:20:23,337 [ERROR] LogOutputStream:75 - [STDERR_REDIRECT] 
2026-10-04 20:20:24,336 [ERROR] LogOutputStream:75 - [STDERR_REDIRECT] [Fatal Error] :1:1: Premature end of file.
2026-10-04 20:20:24,336 [ERROR] LogOutputStream:75 - [STDERR_REDIRECT] 
2026-10-04 20:20:25,337 [ERROR] LogOutputStream:75 - [STDERR_REDIRECT] [Fatal Error] :1:1: Premature end of file.
2026-10-04 20:20:25,337 [ERROR] LogOutputStream:75 - [STDERR_REDIRECT] 
2026-10-04 20:20:26,345 [ERROR] LogOutputStream:75 - [STDERR_REDIRECT] [Fatal Error] :1:1: Premature end of file.
2026-10-04 20:20:26,346 [ERROR] LogOutputStream:75 - [STDERR_REDIRECT] 
2026-10-04 20:20:27,335 [ERROR] LogOutputStream:75 - [STDERR_REDIRECT] [Fatal Error] :1:1: Premature end of file.
2026-10-04 20:20:27,335 [ERROR] LogOutputStream:75 - [STDERR_REDIRECT] 
2026-10-04 20:20:28,336 [ERROR] LogOutputStream:75 - [STDERR_REDIRECT] [Fatal Error] :1:1: Premature end of file.
2026-10-04 20:20:28,336 [ERROR] LogOutputStream:75 - [STDERR_REDIRECT] 
2026-10-04 20:20:29,336 [ERROR] LogOutputStream:75 - [STDERR_REDIRECT] [Fatal Error] :1:1: Premature end of file.
2026-10-04 20:20:29,336 [ERROR] LogOutputStream:75 - [STDERR_REDIRECT] 
2026-10-04 20:20:30,336 [ERROR] LogOutputStream:75 - [STDERR_REDIRECT] [Fatal Error] :1:1: Premature end of file.
2026-10-04 20:20:30,337 [ERROR] LogOutputStream:75 - [STDERR_REDIRECT] 
2026-10-04 20:20:31,336 [ERROR] LogOutputStream:75 - [STDERR_REDIRECT] [Fatal Error] :1:1: Premature end of file.
2026-10-04 20:20:31,336 [ERROR] LogOutputStream:75 - [STDERR_REDIRECT] 
2026-10-04 20:20:32,336 [ERROR] LogOutputStream:75 - [STDERR_REDIRECT] [Fatal Error] :1:1: Premature end of file.
2026-10-04 20:20:32,336 [ERROR] LogOutputStream:75 - [STDERR_REDIRECT] 
2026-10-04 20:20:33,344 [ERROR] LogOutputStream:75 - [STDERR_REDIRECT] [Fatal Error] :1:1: Premature end of file.
2026-10-04 20:20:33,344 [ERROR] LogOutputStream:75 - [STDERR_REDIRECT] 
2026-10-04 20:20:34,334 [ERROR] LogOutputStream:75 - [STDERR_REDIRECT] [Fatal Error] :1:1: Premature end of file.
2026-10-04 20:20:34,334 [ERROR] LogOutputStream:75 - [STDERR_REDIRECT] 
2026-10-04 20:20:35,336 [ERROR] LogOutputStream:75 - [STDERR_REDIRECT] [Fatal Error] :1:1: Premature end of file.
2026-10-04 20:20:35,336 [ERROR] LogOutputStream:75 - [STDERR_REDIRECT] 
2026-10-04 20:20:36,337 [ERROR] LogOutputStream:75 - [STDERR_REDIRECT] [Fatal Error] :1:1: Premature end of file.
2026-10-04 20:20:36,337 [ERROR] LogOutputStream:75 - [STDERR_REDIRECT] 
2026-10-04 20:20:37,336 [ERROR] LogOutputStream:75 - [STDERR_REDIRECT] [Fatal Error] :1:1: Premature end of file.
2026-10-04 20:20:37,336 [ERROR] LogOutputStream:75 - [STDERR_REDIRECT] 
2026-10-04 20:20:38,335 [ERROR] LogOutputStream:75 - [STDERR_REDIRECT] [Fatal Error] :1:1: Premature end of file.
2026-10-04 20:20:38,336 [ERROR] LogOutputStream:75 - [STDERR_REDIRECT] 
2026-10-04 20:20:39,334 [ERROR] LogOutputStream:75 - [STDERR_REDIRECT] [Fatal Error] :1:1: Premature end of file.
2026-10-04 20:20:39,334 [ERROR] LogOutputStream:75 - [STDERR_REDIRECT] 
2026-10-04 20:20:40,336 [ERROR] LogOutputStream:75 - [STDERR_REDIRECT] [Fatal Error] :1:1: Premature end of file.
2026-10-04 20:20:40,337 [ERROR] LogOutputStream:75 - [STDERR_REDIRECT] 
2026-10-04 20:20:41,335 [ERROR] LogOutputStream:75 - [STDERR_REDIRECT] [Fatal Error] :1:1: Premature end of file.
2026-10-04 20:20:41,336 [ERROR] LogOutputStream:75 - [STDERR_REDIRECT] 
2026-10-04 20:20:42,337 [ERROR] LogOutputStream:75 - [STDERR_REDIRECT] [Fatal Error] :1:1: Premature end of file.
2026-10-04 20:20:42,338 [ERROR] LogOutputStream:75 - [STDERR_REDIRECT] 
2026-10-04 20:20:43,338 [ERROR] LogOutputStream:75 - [STDERR_REDIRECT] [Fatal Error] :1:1: Premature end of file.
2026-10-04 20:20:43,338 [ERROR] LogOutputStream:75 - [STDERR_REDIRECT] 
2026-10-04 20:20:44,342 [ERROR] LogOutputStream:75 - [STDERR_REDIRECT] [Fatal Error] :1:1: Premature end of file.
2026-10-04 20:20:44,342 [ERROR] LogOutputStream:75 - [STDERR_REDIRECT] 
2026-10-04 20:20:45,339 [ERROR] LogOutputStream:75 - [STDERR_REDIRECT] [Fatal Error] :1:1: Premature end of file.
2026-10-04 20:20:45,339 [ERROR] LogOutputStream:75 - [STDERR_REDIRECT] 
2026-10-04 20:20:46,337 [ERROR] LogOutputStream:75 - [STDERR_REDIRECT] [Fatal Error] :1:1: Premature end of file.
2026-10-04 20:20:46,337 [ERROR] LogOutputStream:75 - [STDERR_REDIRECT] 
2026-10-04 20:20:47,336 [ERROR] LogOutputStream:75 - [STDERR_REDIRECT] [Fatal Error] :1:1: Premature end of file.
2026-10-04 20:20:47,336 [ERROR] LogOutputStream:75 - [STDERR_REDIRECT] 
2026-10-04 20:20:48,337 [ERROR] LogOutputStream:75 - [STDERR_REDIRECT] [Fatal Error] :1:1: Premature end of file.
2026-10-04 20:20:48,338 [ERROR] LogOutputStream:75 - [STDERR_REDIRECT] 
2026-10-04 20:20:49,335 [ERROR] LogOutputStream:75 - [STDERR_REDIRECT] [Fatal Error] :1:1: Premature end of file.
2026-10-04 20:20:49,335 [ERROR] LogOutputStream:75 - [STDERR_REDIRECT] 
2026-10-04 20:20:50,334 [ERROR] LogOutputStream:75 - [STDERR_REDIRECT] [Fatal Error] :1:1: Premature end of file.
2026-10-04 20:20:50,334 [ERROR] LogOutputStream:75 - [STDERR_REDIRECT] 
2026-10-04 20:20:51,338 [ERROR] LogOutputStream:75 - [STDERR_REDIRECT] [Fatal Error] :1:1: Premature end of file.
2026-10-04 20:20:51,338 [ERROR] LogOutputStream:75 - [STDERR_REDIRECT] 
2026-10-04 20:20:52,336 [ERROR] LogOutputStream:75 - [STDERR_REDIRECT] [Fatal Error] :1:1: Premature end of file.
2026-10-04 20:20:52,337 [ERROR] LogOutputStream:75 - [STDERR_REDIRECT] 
2026-10-04 20:20:53,334 [ERROR] LogOutputStream:75 - [STDERR_REDIRECT] [Fatal Error] :1:1: Premature end of file.
2026-10-04 20:20:53,335 [ERROR] LogOutputStream:75 - [STDERR_REDIRECT] 
2026-10-04 20:20:54,335 [ERROR] LogOutputStream:75 - [STDERR_REDIRECT] [Fatal Error] :1:1: Premature end of file.
2026-10-04 20:20:54,335 [ERROR] LogOutputStream:75 - [STDERR_REDIRECT] 
2026-10-04 20:20:55,338 [ERROR] LogOutputStream:75 - [STDERR_REDIRECT] [Fatal Error] :1:1: Premature end of file.
2026-10-04 20:20:55,338 [ERROR] LogOutputStream:75 - [STDERR_REDIRECT] 
2026-10-04 20:20:56,345 [ERROR] LogOutputStream:75 - [STDERR_REDIRECT] [Fatal Error] :1:1: Premature end of file.
2026-10-04 20:20:56,345 [ERROR] LogOutputStream:75 - [STDERR_REDIRECT] 
2026-10-04 20:20:57,335 [ERROR] LogOutputStream:75 - [STDERR_REDIRECT] [Fatal Error] :1:1: Premature end of file.
2026-10-04 20:20:57,335 [ERROR] LogOutputStream:75 - [STDERR_REDIRECT] 
2026-10-04 20:20:58,336 [ERROR] LogOutputStream:75 - [STDERR_REDIRECT] [Fatal Error] :1:1: Premature end of file.
2026-10-04 20:20:58,336 [ERROR] LogOutputStream:75 - [STDERR_REDIRECT] 
2026-10-04 20:20:59,335 [ERROR] LogOutputStream:75 - [STDERR_REDIRECT] [Fatal Error] :1:1: Premature end of file.
2026-10-04 20:20:59,335 [ERROR] LogOutputStream:75 - [STDERR_REDIRECT] 
2026-10-04 20:21:00,336 [ERROR] LogOutputStream:75 - [STDERR_REDIRECT] [Fatal Error] :1:1: Premature end of file.
2026-10-04 20:21:00,336 [ERROR] LogOutputStream:75 - [STDERR_REDIRECT] 
2026-10-04 20:21:01,335 [ERROR] LogOutputStream:75 - [STDERR_REDIRECT] [Fatal Error] :1:1: Premature end of file.
2026-10-04 20:21:01,336 [ERROR] LogOutputStream:75 - [STDERR_REDIRECT] 
2026-10-04 20:21:02,337 [ERROR] LogOutputStream:75 - [STDERR_REDIRECT] [Fatal Error] :1:1: Premature end of file.
2026-10-04 20:21:02,337 [ERROR] LogOutputStream:75 - [STDERR_REDIRECT] 
2026-10-04 20:21:03,343 [ERROR] LogOutputStream:75 - [STDERR_REDIRECT] [Fatal Error] :1:1: Premature end of file.
2026-10-04 20:21:03,343 [ERROR] LogOutputStream:75 - [STDERR_REDIRECT] 
2026-10-04 20:21:04,334 [ERROR] LogOutputStream:75 - [STDERR_REDIRECT] [Fatal Error] :1:1: Premature end of file.
2026-10-04 20:21:04,335 [ERROR] LogOutputStream:75 - [STDERR_REDIRECT] 
2026-10-04 20:21:05,337 [ERROR] LogOutputStream:75 - [STDERR_REDIRECT] [Fatal Error] :1:1: Premature end of file.
2026-10-04 20:21:05,337 [ERROR] LogOutputStream:75 - [STDERR_REDIRECT] 
2026-10-04 20:21:06,337 [ERROR] LogOutputStream:75 - [STDERR_REDIRECT] [Fatal Error] :1:1: Premature end of file.
2026-10-04 20:21:06,337 [ERROR] LogOutputStream:75 - [STDERR_REDIRECT] 
2026-10-04 20:21:07,334 [ERROR] LogOutputStream:75 - [STDERR_REDIRECT] [Fatal Error] :1:1: Premature end of file.
2026-10-04 20:21:07,334 [ERROR] LogOutputStream:75 - [STDERR_REDIRECT] 
2026-10-04 20:21:08,337 [ERROR] LogOutputStream:75 - [STDERR_REDIRECT] [Fatal Error] :1:1: Premature end of file.
2026-10-04 20:21:08,337 [ERROR] LogOutputStream:75 - [STDERR_REDIRECT] 
2026-10-04 20:21:09,336 [ERROR] LogOutputStream:75 - [STDERR_REDIRECT] [Fatal Error] :1:1: Premature end of file.
2026-10-04 20:21:09,336 [ERROR] LogOutputStream:75 - [STDERR_REDIRECT] 
2026-10-04 20:21:10,334 [ERROR] LogOutputStream:75 - [STDERR_REDIRECT] [Fatal Error] :1:1: Premature end of file.
2026-10-04 20:21:10,334 [ERROR] LogOutputStream:75 - [STDERR_REDIRECT] 
2026-10-04 20:21:11,335 [ERROR] LogOutputStream:75 - [STDERR_REDIRECT] [Fatal Error] :1:1: Premature end of file.
2026-10-04 20:21:11,335 [ERROR] LogOutputStream:75 - [STDERR_REDIRECT] 
2026-10-04 20:21:12,335 [ERROR] LogOutputStream:75 - [STDERR_REDIRECT] [Fatal Error] :1:1: Premature end of file.
2026-10-04 20:21:12,336 [ERROR] LogOutputStream:75 - [STDERR_REDIRECT] 
2026-10-04 20:21:13,335 [ERROR] LogOutputStream:75 - [STDERR_REDIRECT] [Fatal Error] :1:1: Premature end of file.
2026-10-04 20:21:13,335 [ERROR] LogOutputStream:75 - [STDERR_REDIRECT] 
2026-10-04 20:21:14,335 [ERROR] LogOutputStream:75 - [STDERR_REDIRECT] [Fatal Error] :1:1: Premature end of file.
2026-10-04 20:21:14,335 [ERROR] LogOutputStream:75 - [STDERR_REDIRECT] 
2026-10-04 20:21:15,334 [ERROR] LogOutputStream:75 - [STDERR_REDIRECT] [Fatal Error] :1:1: Premature end of file.
2026-10-04 20:21:15,334 [ERROR] LogOutputStream:75 - [STDERR_REDIRECT] 
2026-10-04 20:21:16,336 [ERROR] LogOutputStream:75 - [STDERR_REDIRECT] [Fatal Error] :1:1: Premature end of file.
2026-10-04 20:21:16,336 [ERROR] LogOutputStream:75 - [STDERR_REDIRECT] 
2026-10-04 20:21:17,334 [ERROR] LogOutputStream:75 - [STDERR_REDIRECT] [Fatal Error] :1:1: Premature end of file.
2026-10-04 20:21:17,334 [ERROR] LogOutputStream:75 - [STDERR_REDIRECT] 
2026-10-04 20:21:18,337 [ERROR] LogOutputStream:75 - [STDERR_REDIRECT] [Fatal Error] :1:1: Premature end of file.
2026-10-04 20:21:18,338 [ERROR] LogOutputStream:75 - [STDERR_REDIRECT] 
2026-10-04 20:21:19,342 [ERROR] LogOutputStream:75 - [STDERR_REDIRECT] [Fatal Error] :1:1: Premature end of file.
2026-10-04 20:21:19,343 [ERROR] LogOutputStream:75 - [STDERR_REDIRECT] 
2026-10-04 20:21:20,336 [ERROR] LogOutputStream:75 - [STDERR_REDIRECT] [Fatal Error] :1:1: Premature end of file.
2026-10-04 20:21:20,336 [ERROR] LogOutputStream:75 - [STDERR_REDIRECT] 
2026-10-04 20:21:21,336 [ERROR] LogOutputStream:75 - [STDERR_REDIRECT] [Fatal Error] :1:1: Premature end of file.
2026-10-04 20:21:21,336 [ERROR] LogOutputStream:75 - [STDERR_REDIRECT] 
2026-10-04 20:21:22,337 [ERROR] LogOutputStream:75 - [STDERR_REDIRECT] [Fatal Error] :1:1: Premature end of file.
2026-10-04 20:21:22,337 [ERROR] LogOutputStream:75 - [STDERR_REDIRECT] 
2026-10-04 20:21:23,334 [ERROR] LogOutputStream:75 - [STDERR_REDIRECT] [Fatal Error] :1:1: Premature end of file.
2026-10-04 20:21:23,335 [ERROR] LogOutputStream:75 - [STDERR_REDIRECT] 
2026-10-04 20:21:24,335 [ERROR] LogOutputStream:75 - [STDERR_REDIRECT] [Fatal Error] :1:1: Premature end of file.
2026-10-04 20:21:24,335 [ERROR] LogOutputStream:75 - [STDERR_REDIRECT] 
2026-10-04 20:21:25,336 [ERROR] LogOutputStream:75 - [STDERR_REDIRECT] [Fatal Error] :1:1: Premature end of file.
2026-10-04 20:21:25,336 [ERROR] LogOutputStream:75 - [STDERR_REDIRECT] 
2026-10-04 20:21:26,335 [ERROR] LogOutputStream:75 - [STDERR_REDIRECT] [Fatal Error] :1:1: Premature end of file.
2026-10-04 20:21:26,335 [ERROR] LogOutputStream:75 - [STDERR_REDIRECT] 
2026-10-04 20:21:27,334 [ERROR] LogOutputStream:75 - [STDERR_REDIRECT] [Fatal Error] :1:1: Premature end of file.
2026-10-04 20:21:27,334 [ERROR] LogOutputStream:75 - [STDERR_REDIRECT] 
2026-10-04 20:21:28,336 [ERROR] LogOutputStream:75 - [STDERR_REDIRECT] [Fatal Error] :1:1: Premature end of file.
2026-10-04 20:21:28,336 [ERROR] LogOutputStream:75 - [STDERR_REDIRECT] 
2026-10-04 20:21:29,338 [ERROR] LogOutputStream:75 - [STDERR_REDIRECT] [Fatal Error] :1:1: Premature end of file.
2026-10-04 20:21:29,338 [ERROR] LogOutputStream:75 - [STDERR_REDIRECT] 
2026-10-04 20:21:30,337 [ERROR] LogOutputStream:75 - [STDERR_REDIRECT] [Fatal Error] :1:1: Premature end of file.
2026-10-04 20:21:30,338 [ERROR] LogOutputStream:75 - [STDERR_REDIRECT] 
2026-10-04 20:21:31,335 [ERROR] LogOutputStream:75 - [STDERR_REDIRECT] [Fatal Error] :1:1: Premature end of file.
2026-10-04 20:21:31,336 [ERROR] LogOutputStream:75 - [STDERR_REDIRECT] 
2026-10-04 20:21:32,335 [ERROR] LogOutputStream:75 - [STDERR_REDIRECT] [Fatal Error] :1:1: Premature end of file.
2026-10-04 20:21:32,335 [ERROR] LogOutputStream:75 - [STDERR_REDIRECT] 
2026-10-04 20:21:33,335 [ERROR] LogOutputStream:75 - [STDERR_REDIRECT] [Fatal Error] :1:1: Premature end of file.
2026-10-04 20:21:33,335 [ERROR] LogOutputStream:75 - [STDERR_REDIRECT] 
2026-10-04 20:21:34,335 [ERROR] LogOutputStream:75 - [STDERR_REDIRECT] [Fatal Error] :1:1: Premature end of file.
2026-10-04 20:21:34,335 [ERROR] LogOutputStream:75 - [STDERR_REDIRECT] 
2026-10-04 20:21:35,337 [ERROR] LogOutputStream:75 - [STDERR_REDIRECT] [Fatal Error] :1:1: Premature end of file.
2026-10-04 20:21:35,337 [ERROR] LogOutputStream:75 - [STDERR_REDIRECT] 
2026-10-04 20:21:36,335 [ERROR] LogOutputStream:75 - [STDERR_REDIRECT] [Fatal Error] :1:1: Premature end of file.
2026-10-04 20:21:36,335 [ERROR] LogOutputStream:75 - [STDERR_REDIRECT] 
2026-10-04 20:21:37,336 [ERROR] LogOutputStream:75 - [STDERR_REDIRECT] [Fatal Error] :1:1: Premature end of file.
2026-10-04 20:21:37,336 [ERROR] LogOutputStream:75 - [STDERR_REDIRECT] 
2026-10-04 20:21:38,334 [ERROR] LogOutputStream:75 - [STDERR_REDIRECT] [Fatal Error] :1:1: Premature end of file.
2026-10-04 20:21:38,334 [ERROR] LogOutputStream:75 - [STDERR_REDIRECT] 
2026-10-04 20:21:39,337 [ERROR] LogOutputStream:75 - [STDERR_REDIRECT] [Fatal Error] :1:1: Premature end of file.
2026-10-04 20:21:39,337 [ERROR] LogOutputStream:75 - [STDERR_REDIRECT] 
2026-10-04 20:21:40,337 [ERROR] LogOutputStream:75 - [STDERR_REDIRECT] [Fatal Error] :1:1: Premature end of file.
2026-10-04 20:21:40,337 [ERROR] LogOutputStream:75 - [STDERR_REDIRECT] 
2026-10-04 20:21:41,338 [ERROR] LogOutputStream:75 - [STDERR_REDIRECT] [Fatal Error] :1:1: Premature end of file.
2026-10-04 20:21:41,338 [ERROR] LogOutputStream:75 - [STDERR_REDIRECT] 
2026-10-04 20:21:42,335 [ERROR] LogOutputStream:75 - [STDERR_REDIRECT] [Fatal Error] :1:1: Premature end of file.
2026-10-04 20:21:42,335 [ERROR] LogOutputStream:75 - [STDERR_REDIRECT] 
2026-10-04 20:21:43,336 [ERROR] LogOutputStream:75 - [STDERR_REDIRECT] [Fatal Error] :1:1: Premature end of file.
2026-10-04 20:21:43,337 [ERROR] LogOutputStream:75 - [STDERR_REDIRECT] 
2026-10-04 20:21:44,335 [ERROR] LogOutputStream:75 - [STDERR_REDIRECT] [Fatal Error] :1:1: Premature end of file.
2026-10-04 20:21:44,335 [ERROR] LogOutputStream:75 - [STDERR_REDIRECT] 
2026-10-04 20:21:45,336 [ERROR] LogOutputStream:75 - [STDERR_REDIRECT] [Fatal Error] :1:1: Premature end of file.
2026-10-04 20:21:45,336 [ERROR] LogOutputStream:75 - [STDERR_REDIRECT] 
2026-10-04 20:21:46,335 [ERROR] LogOutputStream:75 - [STDERR_REDIRECT] [Fatal Error] :1:1: Premature end of file.
2026-10-04 20:21:46,335 [ERROR] LogOutputStream:75 - [STDERR_REDIRECT] 
2026-10-04 20:21:47,335 [ERROR] LogOutputStream:75 - [STDERR_REDIRECT] [Fatal Error] :1:1: Premature end of file.
2026-10-04 20:21:47,335 [ERROR] LogOutputStream:75 - [STDERR_REDIRECT] 
2026-10-04 20:21:48,335 [ERROR] LogOutputStream:75 - [STDERR_REDIRECT] [Fatal Error] :1:1: Premature end of file.
2026-10-04 20:21:48,335 [ERROR] LogOutputStream:75 - [STDERR_REDIRECT] 
2026-10-04 20:21:49,334 [ERROR] LogOutputStream:75 - [STDERR_REDIRECT] [Fatal Error] :1:1: Premature end of file.
2026-10-04 20:21:49,334 [ERROR] LogOutputStream:75 - [STDERR_REDIRECT] 
2026-10-04 20:21:50,336 [ERROR] LogOutputStream:75 - [STDERR_REDIRECT] [Fatal Error] :1:1: Premature end of file.
2026-10-04 20:21:50,336 [ERROR] LogOutputStream:75 - [STDERR_REDIRECT] 
2026-10-04 20:21:51,336 [ERROR] LogOutputStream:75 - [STDERR_REDIRECT] [Fatal Error] :1:1: Premature end of file.
2026-10-04 20:21:51,336 [ERROR] LogOutputStream:75 - [STDERR_REDIRECT] 
2026-10-04 20:21:52,334 [ERROR] LogOutputStream:75 - [STDERR_REDIRECT] [Fatal Error] :1:1: Premature end of file.
2026-10-04 20:21:52,335 [ERROR] LogOutputStream:75 - [STDERR_REDIRECT] 
2026-10-04 20:21:53,336 [ERROR] LogOutputStream:75 - [STDERR_REDIRECT] [Fatal Error] :1:1: Premature end of file.
2026-10-04 20:21:53,336 [ERROR] LogOutputStream:75 - [STDERR_REDIRECT] 
2026-10-04 20:21:54,337 [ERROR] LogOutputStream:75 - [STDERR_REDIRECT] [Fatal Error] :1:1: Premature end of file.
2026-10-04 20:21:54,337 [ERROR] LogOutputStream:75 - [STDERR_REDIRECT] 
2026-10-04 20:21:55,338 [ERROR] LogOutputStream:75 - [STDERR_REDIRECT] [Fatal Error] :1:1: Premature end of file.
2026-10-04 20:21:55,338 [ERROR] LogOutputStream:75 - [STDERR_REDIRECT] 
2026-10-04 20:21:56,335 [ERROR] LogOutputStream:75 - [STDERR_REDIRECT] [Fatal Error] :1:1: Premature end of file.
2026-10-04 20:21:56,336 [ERROR] LogOutputStream:75 - [STDERR_REDIRECT] 
2026-10-04 20:21:57,336 [ERROR] LogOutputStream:75 - [STDERR_REDIRECT] [Fatal Error] :1:1: Premature end of file.
2026-10-04 20:21:57,336 [ERROR] LogOutputStream:75 - [STDERR_REDIRECT] 
2026-10-04 20:21:58,337 [ERROR] LogOutputStream:75 - [STDERR_REDIRECT] [Fatal Error] :1:1: Premature end of file.
2026-10-04 20:21:58,338 [ERROR] LogOutputStream:75 - [STDERR_REDIRECT] 
2026-10-04 20:21:59,336 [ERROR] LogOutputStream:75 - [STDERR_REDIRECT] [Fatal Error] :1:1: Premature end of file.
2026-10-04 20:21:59,336 [ERROR] LogOutputStream:75 - [STDERR_REDIRECT] 
2026-10-04 20:22:00,336 [ERROR] LogOutputStream:75 - [STDERR_REDIRECT] [Fatal Error] :1:1: Premature end of file.
2026-10-04 20:22:00,336 [ERROR] LogOutputStream:75 - [STDERR_REDIRECT] 
2026-10-04 20:22:01,339 [ERROR] LogOutputStream:75 - [STDERR_REDIRECT] [Fatal Error] :1:1: Premature end of file.
2026-10-04 20:22:01,339 [ERROR] LogOutputStream:75 - [STDERR_REDIRECT] 
2026-10-04 20:22:02,338 [ERROR] LogOutputStream:75 - [STDERR_REDIRECT] [Fatal Error] :1:1: Premature end of file.
2026-10-04 20:22:02,338 [ERROR] LogOutputStream:75 - [STDERR_REDIRECT] 
2026-10-04 20:22:03,334 [ERROR] LogOutputStream:75 - [STDERR_REDIRECT] [Fatal Error] :1:1: Premature end of file.
2026-10-04 20:22:03,334 [ERROR] LogOutputStream:75 - [STDERR_REDIRECT] 
2026-10-04 20:22:04,336 [ERROR] LogOutputStream:75 - [STDERR_REDIRECT] [Fatal Error] :1:1: Premature end of file.
2026-10-04 20:22:04,336 [ERROR] LogOutputStream:75 - [STDERR_REDIRECT] 
2026-10-04 20:22:05,335 [ERROR] LogOutputStream:75 - [STDERR_REDIRECT] [Fatal Error] :1:1: Premature end of file.
2026-10-04 20:22:05,336 [ERROR] LogOutputStream:75 - [STDERR_REDIRECT] 
2026-10-04 20:22:06,335 [ERROR] LogOutputStream:75 - [STDERR_REDIRECT] [Fatal Error] :1:1: Premature end of file.
2026-10-04 20:22:06,335 [ERROR] LogOutputStream:75 - [STDERR_REDIRECT] 
2026-10-04 20:22:07,335 [ERROR] LogOutputStream:75 - [STDERR_REDIRECT] [Fatal Error] :1:1: Premature end of file.
2026-10-04 20:22:07,335 [ERROR] LogOutputStream:75 - [STDERR_REDIRECT] 
2026-10-04 20:22:08,335 [ERROR] LogOutputStream:75 - [STDERR_REDIRECT] [Fatal Error] :1:1: Premature end of file.
2026-10-04 20:22:08,335 [ERROR] LogOutputStream:75 - [STDERR_REDIRECT] 
2026-10-04 20:22:09,333 [ERROR] LogOutputStream:75 - [STDERR_REDIRECT] [Fatal Error] :1:1: Premature end of file.
2026-10-04 20:22:09,333 [ERROR] LogOutputStream:75 - [STDERR_REDIRECT] 
2026-10-04 20:22:10,336 [ERROR] LogOutputStream:75 - [STDERR_REDIRECT] [Fatal Error] :1:1: Premature end of file.
2026-10-04 20:22:10,337 [ERROR] LogOutputStream:75 - [STDERR_REDIRECT] 
2026-10-04 20:22:11,335 [ERROR] LogOutputStream:75 - [STDERR_REDIRECT] [Fatal Error] :1:1: Premature end of file.
2026-10-04 20:22:11,336 [ERROR] LogOutputStream:75 - [STDERR_REDIRECT] 
2026-10-04 20:22:12,337 [ERROR] LogOutputStream:75 - [STDERR_REDIRECT] [Fatal Error] :1:1: Premature end of file.
2026-10-04 20:22:12,337 [ERROR] LogOutputStream:75 - [STDERR_REDIRECT] 
2026-10-04 20:22:13,341 [ERROR] LogOutputStream:75 - [STDERR_REDIRECT] [Fatal Error] :1:1: Premature end of file.
2026-10-04 20:22:13,341 [ERROR] LogOutputStream:75 - [STDERR_REDIRECT] 
2026-10-04 20:22:14,335 [ERROR] LogOutputStream:75 - [STDERR_REDIRECT] [Fatal Error] :1:1: Premature end of file.
2026-10-04 20:22:14,335 [ERROR] LogOutputStream:75 - [STDERR_REDIRECT] 
2026-10-04 20:22:15,335 [ERROR] LogOutputStream:75 - [STDERR_REDIRECT] [Fatal Error] :1:1: Premature end of file.
2026-10-04 20:22:15,335 [ERROR] LogOutputStream:75 - [STDERR_REDIRECT] 
2026-10-04 20:22:16,336 [ERROR] LogOutputStream:75 - [STDERR_REDIRECT] [Fatal Error] :1:1: Premature end of file.
2026-10-04 20:22:16,336 [ERROR] LogOutputStream:75 - [STDERR_REDIRECT] 
2026-10-04 20:22:17,336 [ERROR] LogOutputStream:75 - [STDERR_REDIRECT] [Fatal Error] :1:1: Premature end of file.
2026-10-04 20:22:17,336 [ERROR] LogOutputStream:75 - [STDERR_REDIRECT] 
2026-10-04 20:22:18,335 [ERROR] LogOutputStream:75 - [STDERR_REDIRECT] [Fatal Error] :1:1: Premature end of file.
2026-10-04 20:22:18,335 [ERROR] LogOutputStream:75 - [STDERR_REDIRECT] 
2026-10-04 20:22:19,335 [ERROR] LogOutputStream:75 - [STDERR_REDIRECT] [Fatal Error] :1:1: Premature end of file.
2026-10-04 20:22:19,335 [ERROR] LogOutputStream:75 - [STDERR_REDIRECT] 
2026-10-04 20:22:20,335 [ERROR] LogOutputStream:75 - [STDERR_REDIRECT] [Fatal Error] :1:1: Premature end of file.
2026-10-04 20:22:20,335 [ERROR] LogOutputStream:75 - [STDERR_REDIRECT] 
2026-10-04 20:22:21,335 [ERROR] LogOutputStream:75 - [STDERR_REDIRECT] [Fatal Error] :1:1: Premature end of file.
2026-10-04 20:22:21,335 [ERROR] LogOutputStream:75 - [STDERR_REDIRECT] 
2026-10-04 20:22:22,337 [ERROR] LogOutputStream:75 - [STDERR_REDIRECT] [Fatal Error] :1:1: Premature end of file.
2026-10-04 20:22:22,338 [ERROR] LogOutputStream:75 - [STDERR_REDIRECT] 
2026-10-04 20:22:23,346 [ERROR] LogOutputStream:75 - [STDERR_REDIRECT] [Fatal Error] :1:1: Premature end of file.
2026-10-04 20:22:23,346 [ERROR] LogOutputStream:75 - [STDERR_REDIRECT] 
2026-10-04 20:22:24,337 [ERROR] LogOutputStream:75 - [STDERR_REDIRECT] [Fatal Error] :1:1: Premature end of file.
2026-10-04 20:22:24,337 [ERROR] LogOutputStream:75 - [STDERR_REDIRECT] 
2026-10-04 20:22:25,346 [ERROR] LogOutputStream:75 - [STDERR_REDIRECT] [Fatal Error] :1:1: Premature end of file.
2026-10-04 20:22:25,346 [ERROR] LogOutputStream:75 - [STDERR_REDIRECT] 
2026-10-04 20:22:26,351 [ERROR] LogOutputStream:75 - [STDERR_REDIRECT] [Fatal Error] :1:1: Premature end of file.
2026-10-04 20:22:26,351 [ERROR] LogOutputStream:75 - [STDERR_REDIRECT] 
2026-10-04 20:22:27,347 [ERROR] LogOutputStream:75 - [STDERR_REDIRECT] [Fatal Error] :1:1: Premature end of file.
2026-10-04 20:22:27,347 [ERROR] LogOutputStream:75 - [STDERR_REDIRECT] 
2026-10-04 20:22:28,338 [ERROR] LogOutputStream:75 - [STDERR_REDIRECT] [Fatal Error] :1:1: Premature end of file.
2026-10-04 20:22:28,338 [ERROR] LogOutputStream:75 - [STDERR_REDIRECT] 
2026-10-04 20:22:29,335 [ERROR] LogOutputStream:75 - [STDERR_REDIRECT] [Fatal Error] :1:1: Premature end of file.
2026-10-04 20:22:29,335 [ERROR] LogOutputStream:75 - [STDERR_REDIRECT] 
2026-10-04 20:22:30,344 [ERROR] LogOutputStream:75 - [STDERR_REDIRECT] [Fatal Error] :1:1: Premature end of file.
2026-10-04 20:22:30,344 [ERROR] LogOutputStream:75 - [STDERR_REDIRECT] 
2026-10-04 20:22:31,335 [ERROR] LogOutputStream:75 - [STDERR_REDIRECT] [Fatal Error] :1:1: Premature end of file.
2026-10-04 20:22:31,335 [ERROR] LogOutputStream:75 - [STDERR_REDIRECT] 
2026-10-04 20:22:32,335 [ERROR] LogOutputStream:75 - [STDERR_REDIRECT] [Fatal Error] :1:1: Premature end of file.
2026-10-04 20:22:32,335 [ERROR] LogOutputStream:75 - [STDERR_REDIRECT] 
2026-10-04 20:22:33,337 [ERROR] LogOutputStream:75 - [STDERR_REDIRECT] [Fatal Error] :1:1: Premature end of file.
2026-10-04 20:22:33,337 [ERROR] LogOutputStream:75 - [STDERR_REDIRECT] 
2026-10-04 20:22:34,350 [ERROR] LogOutputStream:75 - [STDERR_REDIRECT] [Fatal Error] :1:1: Premature end of file.
2026-10-04 20:22:34,350 [ERROR] LogOutputStream:75 - [STDERR_REDIRECT] 
2026-10-04 20:22:35,335 [ERROR] LogOutputStream:75 - [STDERR_REDIRECT] [Fatal Error] :1:1: Premature end of file.
2026-10-04 20:22:35,335 [ERROR] LogOutputStream:75 - [STDERR_REDIRECT] 
2026-10-04 20:22:36,335 [ERROR] LogOutputStream:75 - [STDERR_REDIRECT] [Fatal Error] :1:1: Premature end of file.
2026-10-04 20:22:36,335 [ERROR] LogOutputStream:75 - [STDERR_REDIRECT] 
2026-10-04 20:22:37,336 [ERROR] LogOutputStream:75 - [STDERR_REDIRECT] [Fatal Error] :1:1: Premature end of file.
2026-10-04 20:22:37,336 [ERROR] LogOutputStream:75 - [STDERR_REDIRECT] 
2026-10-04 20:22:38,339 [ERROR] LogOutputStream:75 - [STDERR_REDIRECT] [Fatal Error] :1:1: Premature end of file.
2026-10-04 20:22:38,339 [ERROR] LogOutputStream:75 - [STDERR_REDIRECT] 
2026-10-04 20:22:39,336 [ERROR] LogOutputStream:75 - [STDERR_REDIRECT] [Fatal Error] :1:1: Premature end of file.
2026-10-04 20:22:39,336 [ERROR] LogOutputStream:75 - [STDERR_REDIRECT] 
2026-10-04 20:22:40,334 [ERROR] LogOutputStream:75 - [STDERR_REDIRECT] [Fatal Error] :1:1: Premature end of file.
2026-10-04 20:22:40,334 [ERROR] LogOutputStream:75 - [STDERR_REDIRECT] 
2026-10-04 20:22:41,337 [ERROR] LogOutputStream:75 - [STDERR_REDIRECT] [Fatal Error] :1:1: Premature end of file.
2026-10-04 20:22:41,337 [ERROR] LogOutputStream:75 - [STDERR_REDIRECT] 
2026-10-04 20:22:42,339 [ERROR] LogOutputStream:75 - [STDERR_REDIRECT] [Fatal Error] :1:1: Premature end of file.
2026-10-04 20:22:42,339 [ERROR] LogOutputStream:75 - [STDERR_REDIRECT] 
2026-10-04 20:22:43,336 [ERROR] LogOutputStream:75 - [STDERR_REDIRECT] [Fatal Error] :1:1: Premature end of file.
2026-10-04 20:22:43,336 [ERROR] LogOutputStream:75 - [STDERR_REDIRECT] 
2026-10-04 20:22:44,336 [ERROR] LogOutputStream:75 - [STDERR_REDIRECT] [Fatal Error] :1:1: Premature end of file.
2026-10-04 20:22:44,336 [ERROR] LogOutputStream:75 - [STDERR_REDIRECT] 
2026-10-04 20:22:45,336 [ERROR] LogOutputStream:75 - [STDERR_REDIRECT] [Fatal Error] :1:1: Premature end of file.
2026-10-04 20:22:45,336 [ERROR] LogOutputStream:75 - [STDERR_REDIRECT] 
2026-10-04 20:22:46,336 [ERROR] LogOutputStream:75 - [STDERR_REDIRECT] [Fatal Error] :1:1: Premature end of file.
2026-10-04 20:22:46,336 [ERROR] LogOutputStream:75 - [STDERR_REDIRECT] 
2026-10-04 20:22:47,334 [ERROR] LogOutputStream:75 - [STDERR_REDIRECT] [Fatal Error] :1:1: Premature end of file.
2026-10-04 20:22:47,335 [ERROR] LogOutputStream:75 - [STDERR_REDIRECT] 
2026-10-04 20:22:48,336 [ERROR] LogOutputStream:75 - [STDERR_REDIRECT] [Fatal Error] :1:1: Premature end of file.
2026-10-04 20:22:48,336 [ERROR] LogOutputStream:75 - [STDERR_REDIRECT] 
2026-10-04 20:22:49,336 [ERROR] LogOutputStream:75 - [STDERR_REDIRECT] [Fatal Error] :1:1: Premature end of file.
2026-10-04 20:22:49,336 [ERROR] LogOutputStream:75 - [STDERR_REDIRECT] 
2026-10-04 20:22:50,335 [ERROR] LogOutputStream:75 - [STDERR_REDIRECT] [Fatal Error] :1:1: Premature end of file.
2026-10-04 20:22:50,335 [ERROR] LogOutputStream:75 - [STDERR_REDIRECT] 
2026-10-04 20:22:51,336 [ERROR] LogOutputStream:75 - [STDERR_REDIRECT] [Fatal Error] :1:1: Premature end of file.
2026-10-04 20:22:51,336 [ERROR] LogOutputStream:75 - [STDERR_REDIRECT] 
2026-10-04 20:22:52,336 [ERROR] LogOutputStream:75 - [STDERR_REDIRECT] [Fatal Error] :1:1: Premature end of file.
2026-10-04 20:22:52,337 [ERROR] LogOutputStream:75 - [STDERR_REDIRECT] 
2026-10-04 20:22:53,333 [ERROR] LogOutputStream:75 - [STDERR_REDIRECT] [Fatal Error] :1:1: Premature end of file.
2026-10-04 20:22:53,334 [ERROR] LogOutputStream:75 - [STDERR_REDIRECT] 
2026-10-04 20:22:54,337 [ERROR] LogOutputStream:75 - [STDERR_REDIRECT] [Fatal Error] :1:1: Premature end of file.
2026-10-04 20:22:54,337 [ERROR] LogOutputStream:75 - [STDERR_REDIRECT] 
2026-10-04 20:22:55,346 [ERROR] LogOutputStream:75 - [STDERR_REDIRECT] [Fatal Error] :1:1: Premature end of file.
2026-10-04 20:22:55,346 [ERROR] LogOutputStream:75 - [STDERR_REDIRECT] 
2026-10-04 20:22:56,335 [ERROR] LogOutputStream:75 - [STDERR_REDIRECT] [Fatal Error] :1:1: Premature end of file.
2026-10-04 20:22:56,335 [ERROR] LogOutputStream:75 - [STDERR_REDIRECT] 
2026-10-04 20:22:57,335 [ERROR] LogOutputStream:75 - [STDERR_REDIRECT] [Fatal Error] :1:1: Premature end of file.
2026-10-04 20:22:57,335 [ERROR] LogOutputStream:75 - [STDERR_REDIRECT] 
2026-10-04 20:22:58,334 [ERROR] LogOutputStream:75 - [STDERR_REDIRECT] [Fatal Error] :1:1: Premature end of file.
2026-10-04 20:22:58,335 [ERROR] LogOutputStream:75 - [STDERR_REDIRECT] 
2026-10-04 20:22:59,337 [ERROR] LogOutputStream:75 - [STDERR_REDIRECT] [Fatal Error] :1:1: Premature end of file.
2026-10-04 20:22:59,337 [ERROR] LogOutputStream:75 - [STDERR_REDIRECT] 
2026-10-04 20:23:00,341 [ERROR] LogOutputStream:75 - [STDERR_REDIRECT] [Fatal Error] :1:1: Premature end of file.
2026-10-04 20:23:00,341 [ERROR] LogOutputStream:75 - [STDERR_REDIRECT] 
2026-10-04 20:23:01,335 [ERROR] LogOutputStream:75 - [STDERR_REDIRECT] [Fatal Error] :1:1: Premature end of file.
2026-10-04 20:23:01,335 [ERROR] LogOutputStream:75 - [STDERR_REDIRECT] 
2026-10-04 20:23:02,334 [ERROR] LogOutputStream:75 - [STDERR_REDIRECT] [Fatal Error] :1:1: Premature end of file.
2026-10-04 20:23:02,335 [ERROR] LogOutputStream:75 - [STDERR_REDIRECT] 
2026-10-04 20:23:03,336 [ERROR] LogOutputStream:75 - [STDERR_REDIRECT] [Fatal Error] :1:1: Premature end of file.
2026-10-04 20:23:03,336 [ERROR] LogOutputStream:75 - [STDERR_REDIRECT] 
2026-10-04 20:23:04,335 [ERROR] LogOutputStream:75 - [STDERR_REDIRECT] [Fatal Error] :1:1: Premature end of file.
2026-10-04 20:23:04,336 [ERROR] LogOutputStream:75 - [STDERR_REDIRECT] 
2026-10-04 20:23:05,335 [ERROR] LogOutputStream:75 - [STDERR_REDIRECT] [Fatal Error] :1:1: Premature end of file.
2026-10-04 20:23:05,336 [ERROR] LogOutputStream:75 - [STDERR_REDIRECT] 
2026-10-04 20:23:06,336 [ERROR] LogOutputStream:75 - [STDERR_REDIRECT] [Fatal Error] :1:1: Premature end of file.
2026-10-04 20:23:06,336 [ERROR] LogOutputStream:75 - [STDERR_REDIRECT] 
2026-10-04 20:23:07,337 [ERROR] LogOutputStream:75 - [STDERR_REDIRECT] [Fatal Error] :1:1: Premature end of file.
2026-10-04 20:23:07,337 [ERROR] LogOutputStream:75 - [STDERR_REDIRECT] 
2026-10-04 20:23:08,339 [ERROR] LogOutputStream:75 - [STDERR_REDIRECT] [Fatal Error] :1:1: Premature end of file.
2026-10-04 20:23:08,339 [ERROR] LogOutputStream:75 - [STDERR_REDIRECT] 
2026-10-04 20:23:09,336 [ERROR] LogOutputStream:75 - [STDERR_REDIRECT] [Fatal Error] :1:1: Premature end of file.
2026-10-04 20:23:09,336 [ERROR] LogOutputStream:75 - [STDERR_REDIRECT] 
2026-10-04 20:23:10,335 [ERROR] LogOutputStream:75 - [STDERR_REDIRECT] [Fatal Error] :1:1: Premature end of file.
2026-10-04 20:23:10,335 [ERROR] LogOutputStream:75 - [STDERR_REDIRECT] 
2026-10-04 20:23:11,335 [ERROR] LogOutputStream:75 - [STDERR_REDIRECT] [Fatal Error] :1:1: Premature end of file.
2026-10-04 20:23:11,335 [ERROR] LogOutputStream:75 - [STDERR_REDIRECT] 
2026-10-04 20:23:12,337 [ERROR] LogOutputStream:75 - [STDERR_REDIRECT] [Fatal Error] :1:1: Premature end of file.
2026-10-04 20:23:12,338 [ERROR] LogOutputStream:75 - [STDERR_REDIRECT] 
2026-10-04 20:23:13,341 [ERROR] LogOutputStream:75 - [STDERR_REDIRECT] [Fatal Error] :1:1: Premature end of file.
2026-10-04 20:23:13,342 [ERROR] LogOutputStream:75 - [STDERR_REDIRECT] 
2026-10-04 20:23:14,336 [ERROR] LogOutputStream:75 - [STDERR_REDIRECT] [Fatal Error] :1:1: Premature end of file.
2026-10-04 20:23:14,336 [ERROR] LogOutputStream:75 - [STDERR_REDIRECT] 
2026-10-04 20:23:15,335 [ERROR] LogOutputStream:75 - [STDERR_REDIRECT] [Fatal Error] :1:1: Premature end of file.
2026-10-04 20:23:15,335 [ERROR] LogOutputStream:75 - [STDERR_REDIRECT] 
2026-10-04 20:23:16,335 [ERROR] LogOutputStream:75 - [STDERR_REDIRECT] [Fatal Error] :1:1: Premature end of file.
2026-10-04 20:23:16,336 [ERROR] LogOutputStream:75 - [STDERR_REDIRECT] 
2026-10-04 20:23:17,336 [ERROR] LogOutputStream:75 - [STDERR_REDIRECT] [Fatal Error] :1:1: Premature end of file.
2026-10-04 20:23:17,337 [ERROR] LogOutputStream:75 - [STDERR_REDIRECT] 
2026-10-04 20:23:18,336 [ERROR] LogOutputStream:75 - [STDERR_REDIRECT] [Fatal Error] :1:1: Premature end of file.
2026-10-04 20:23:18,336 [ERROR] LogOutputStream:75 - [STDERR_REDIRECT] 
2026-10-04 20:23:19,335 [ERROR] LogOutputStream:75 - [STDERR_REDIRECT] [Fatal Error] :1:1: Premature end of file.
2026-10-04 20:23:19,336 [ERROR] LogOutputStream:75 - [STDERR_REDIRECT] 
2026-10-04 20:23:20,336 [ERROR] LogOutputStream:75 - [STDERR_REDIRECT] [Fatal Error] :1:1: Premature end of file.
2026-10-04 20:23:20,336 [ERROR] LogOutputStream:75 - [STDERR_REDIRECT] 
2026-10-04 20:23:21,336 [ERROR] LogOutputStream:75 - [STDERR_REDIRECT] [Fatal Error] :1:1: Premature end of file.
2026-10-04 20:23:21,336 [ERROR] LogOutputStream:75 - [STDERR_REDIRECT] 
2026-10-04 20:23:22,335 [ERROR] LogOutputStream:75 - [STDERR_REDIRECT] [Fatal Error] :1:1: Premature end of file.
2026-10-04 20:23:22,335 [ERROR] LogOutputStream:75 - [STDERR_REDIRECT] 
2026-10-04 20:23:23,336 [ERROR] LogOutputStream:75 - [STDERR_REDIRECT] [Fatal Error] :1:1: Premature end of file.
2026-10-04 20:23:23,337 [ERROR] LogOutputStream:75 - [STDERR_REDIRECT] 
2026-10-04 20:23:24,334 [ERROR] LogOutputStream:75 - [STDERR_REDIRECT] [Fatal Error] :1:1: Premature end of file.
2026-10-04 20:23:24,334 [ERROR] LogOutputStream:75 - [STDERR_REDIRECT] 
2026-10-04 20:23:25,334 [ERROR] LogOutputStream:75 - [STDERR_REDIRECT] [Fatal Error] :1:1: Premature end of file.
2026-10-04 20:23:25,335 [ERROR] LogOutputStream:75 - [STDERR_REDIRECT] 
2026-10-04 20:23:26,335 [ERROR] LogOutputStream:75 - [STDERR_REDIRECT] [Fatal Error] :1:1: Premature end of file.
2026-10-04 20:23:26,335 [ERROR] LogOutputStream:75 - [STDERR_REDIRECT] 
2026-10-04 20:23:27,336 [ERROR] LogOutputStream:75 - [STDERR_REDIRECT] [Fatal Error] :1:1: Premature end of file.
2026-10-04 20:23:27,336 [ERROR] LogOutputStream:75 - [STDERR_REDIRECT] 
2026-10-04 20:23:28,338 [ERROR] LogOutputStream:75 - [STDERR_REDIRECT] [Fatal Error] :1:1: Premature end of file.
2026-10-04 20:23:28,339 [ERROR] LogOutputStream:75 - [STDERR_REDIRECT] 
2026-10-04 20:23:29,336 [ERROR] LogOutputStream:75 - [STDERR_REDIRECT] [Fatal Error] :1:1: Premature end of file.
2026-10-04 20:23:29,336 [ERROR] LogOutputStream:75 - [STDERR_REDIRECT] 
2026-10-04 20:23:30,334 [ERROR] LogOutputStream:75 - [STDERR_REDIRECT] [Fatal Error] :1:1: Premature end of file.
2026-10-04 20:23:30,334 [ERROR] LogOutputStream:75 - [STDERR_REDIRECT] 
2026-10-04 20:23:31,333 [ERROR] LogOutputStream:75 - [STDERR_REDIRECT] [Fatal Error] :1:1: Premature end of file.
2026-10-04 20:23:31,333 [ERROR] LogOutputStream:75 - [STDERR_REDIRECT] 
2026-10-04 20:23:32,334 [ERROR] LogOutputStream:75 - [STDERR_REDIRECT] [Fatal Error] :1:1: Premature end of file.
2026-10-04 20:23:32,334 [ERROR] LogOutputStream:75 - [STDERR_REDIRECT] 
2026-10-04 20:23:33,336 [ERROR] LogOutputStream:75 - [STDERR_REDIRECT] [Fatal Error] :1:1: Premature end of file.
2026-10-04 20:23:33,336 [ERROR] LogOutputStream:75 - [STDERR_REDIRECT] 
2026-10-04 20:23:34,336 [ERROR] LogOutputStream:75 - [STDERR_REDIRECT] [Fatal Error] :1:1: Premature end of file.
2026-10-04 20:23:34,336 [ERROR] LogOutputStream:75 - [STDERR_REDIRECT] 
2026-10-04 20:23:35,334 [ERROR] LogOutputStream:75 - [STDERR_REDIRECT] [Fatal Error] :1:1: Premature end of file.
2026-10-04 20:23:35,335 [ERROR] LogOutputStream:75 - [STDERR_REDIRECT] 
2026-10-04 20:23:36,336 [ERROR] LogOutputStream:75 - [STDERR_REDIRECT] [Fatal Error] :1:1: Premature end of file.
2026-10-04 20:23:36,336 [ERROR] LogOutputStream:75 - [STDERR_REDIRECT] 
2026-10-04 20:23:37,334 [ERROR] LogOutputStream:75 - [STDERR_REDIRECT] [Fatal Error] :1:1: Premature end of file.
2026-10-04 20:23:37,334 [ERROR] LogOutputStream:75 - [STDERR_REDIRECT] 
2026-10-04 20:23:38,336 [ERROR] LogOutputStream:75 - [STDERR_REDIRECT] [Fatal Error] :1:1: Premature end of file.
2026-10-04 20:23:38,336 [ERROR] LogOutputStream:75 - [STDERR_REDIRECT] 
2026-10-04 20:23:39,335 [ERROR] LogOutputStream:75 - [STDERR_REDIRECT] [Fatal Error] :1:1: Premature end of file.
2026-10-04 20:23:39,335 [ERROR] LogOutputStream:75 - [STDERR_REDIRECT] 
2026-10-04 20:23:40,335 [ERROR] LogOutputStream:75 - [STDERR_REDIRECT] [Fatal Error] :1:1: Premature end of file.
2026-10-04 20:23:40,335 [ERROR] LogOutputStream:75 - [STDERR_REDIRECT] 
2026-10-04 20:23:41,334 [ERROR] LogOutputStream:75 - [STDERR_REDIRECT] [Fatal Error] :1:1: Premature end of file.
2026-10-04 20:23:41,334 [ERROR] LogOutputStream:75 - [STDERR_REDIRECT] 
2026-10-04 20:23:42,335 [ERROR] LogOutputStream:75 - [STDERR_REDIRECT] [Fatal Error] :1:1: Premature end of file.
2026-10-04 20:23:42,335 [ERROR] LogOutputStream:75 - [STDERR_REDIRECT] 
2026-10-04 20:23:43,334 [ERROR] LogOutputStream:75 - [STDERR_REDIRECT] [Fatal Error] :1:1: Premature end of file.
2026-10-04 20:23:43,334 [ERROR] LogOutputStream:75 - [STDERR_REDIRECT] 
2026-10-04 20:23:44,334 [ERROR] LogOutputStream:75 - [STDERR_REDIRECT] [Fatal Error] :1:1: Premature end of file.
2026-10-04 20:23:44,334 [ERROR] LogOutputStream:75 - [STDERR_REDIRECT] 
2026-10-04 20:23:45,334 [ERROR] LogOutputStream:75 - [STDERR_REDIRECT] [Fatal Error] :1:1: Premature end of file.
2026-10-04 20:23:45,335 [ERROR] LogOutputStream:75 - [STDERR_REDIRECT] 
2026-10-04 20:23:46,335 [ERROR] LogOutputStream:75 - [STDERR_REDIRECT] [Fatal Error] :1:1: Premature end of file.
2026-10-04 20:23:46,335 [ERROR] LogOutputStream:75 - [STDERR_REDIRECT] 
2026-10-04 20:23:47,337 [ERROR] LogOutputStream:75 - [STDERR_REDIRECT] [Fatal Error] :1:1: Premature end of file.
2026-10-04 20:23:47,337 [ERROR] LogOutputStream:75 - [STDERR_REDIRECT] 
2026-10-04 20:23:48,348 [ERROR] LogOutputStream:75 - [STDERR_REDIRECT] [Fatal Error] :1:1: Premature end of file.
2026-10-04 20:23:48,348 [ERROR] LogOutputStream:75 - [STDERR_REDIRECT] 
2026-10-04 20:23:49,344 [ERROR] LogOutputStream:75 - [STDERR_REDIRECT] [Fatal Error] :1:1: Premature end of file.
2026-10-04 20:23:49,344 [ERROR] LogOutputStream:75 - [STDERR_REDIRECT] 
2026-10-04 20:23:50,349 [ERROR] LogOutputStream:75 - [STDERR_REDIRECT] [Fatal Error] :1:1: Premature end of file.
2026-10-04 20:23:50,349 [ERROR] LogOutputStream:75 - [STDERR_REDIRECT] 
2026-10-04 20:23:51,336 [ERROR] LogOutputStream:75 - [STDERR_REDIRECT] [Fatal Error] :1:1: Premature end of file.
2026-10-04 20:23:51,337 [ERROR] LogOutputStream:75 - [STDERR_REDIRECT] 
2026-10-04 20:23:52,343 [ERROR] LogOutputStream:75 - [STDERR_REDIRECT] [Fatal Error] :1:1: Premature end of file.
2026-10-04 20:23:52,343 [ERROR] LogOutputStream:75 - [STDERR_REDIRECT] 
2026-10-04 20:23:53,349 [ERROR] LogOutputStream:75 - [STDERR_REDIRECT] [Fatal Error] :1:1: Premature end of file.
2026-10-04 20:23:53,349 [ERROR] LogOutputStream:75 - [STDERR_REDIRECT] 
2026-10-04 20:23:54,347 [ERROR] LogOutputStream:75 - [STDERR_REDIRECT] [Fatal Error] :1:1: Premature end of file.
2026-10-04 20:23:54,347 [ERROR] LogOutputStream:75 - [STDERR_REDIRECT] 
2026-10-04 20:23:55,349 [ERROR] LogOutputStream:75 - [STDERR_REDIRECT] [Fatal Error] :1:1: Premature end of file.
2026-10-04 20:23:55,349 [ERROR] LogOutputStream:75 - [STDERR_REDIRECT] 
2026-10-04 20:23:56,339 [ERROR] LogOutputStream:75 - [STDERR_REDIRECT] [Fatal Error] :1:1: Premature end of file.
2026-10-04 20:23:56,339 [ERROR] LogOutputStream:75 - [STDERR_REDIRECT] 
2026-10-04 20:23:57,341 [ERROR] LogOutputStream:75 - [STDERR_REDIRECT] [Fatal Error] :1:1: Premature end of file.
2026-10-04 20:23:57,341 [ERROR] LogOutputStream:75 - [STDERR_REDIRECT] 
2026-10-04 20:23:58,350 [ERROR] LogOutputStream:75 - [STDERR_REDIRECT] [Fatal Error] :1:1: Premature end of file.
2026-10-04 20:23:58,350 [ERROR] LogOutputStream:75 - [STDERR_REDIRECT] 
2026-10-04 20:23:59,349 [ERROR] LogOutputStream:75 - [STDERR_REDIRECT] [Fatal Error] :1:1: Premature end of file.
2026-10-04 20:23:59,349 [ERROR] LogOutputStream:75 - [STDERR_REDIRECT] 
2026-10-04 20:24:00,339 [ERROR] LogOutputStream:75 - [STDERR_REDIRECT] [Fatal Error] :1:1: Premature end of file.
2026-10-04 20:24:00,339 [ERROR] LogOutputStream:75 - [STDERR_REDIRECT] 
2026-10-04 20:24:01,344 [ERROR] LogOutputStream:75 - [STDERR_REDIRECT] [Fatal Error] :1:1: Premature end of file.
2026-10-04 20:24:01,344 [ERROR] LogOutputStream:75 - [STDERR_REDIRECT] 
2026-10-04 20:24:02,348 [ERROR] LogOutputStream:75 - [STDERR_REDIRECT] [Fatal Error] :1:1: Premature end of file.
2026-10-04 20:24:02,348 [ERROR] LogOutputStream:75 - [STDERR_REDIRECT] 
2026-10-04 20:24:03,340 [ERROR] LogOutputStream:75 - [STDERR_REDIRECT] [Fatal Error] :1:1: Premature end of file.
2026-10-04 20:24:03,340 [ERROR] LogOutputStream:75 - [STDERR_REDIRECT] 
2026-10-04 20:24:04,347 [ERROR] LogOutputStream:75 - [STDERR_REDIRECT] [Fatal Error] :1:1: Premature end of file.
2026-10-04 20:24:04,347 [ERROR] LogOutputStream:75 - [STDERR_REDIRECT] 
2026-10-04 20:24:05,350 [ERROR] LogOutputStream:75 - [STDERR_REDIRECT] [Fatal Error] :1:1: Premature end of file.
2026-10-04 20:24:05,350 [ERROR] LogOutputStream:75 - [STDERR_REDIRECT] 
2026-10-04 20:24:06,342 [ERROR] LogOutputStream:75 - [STDERR_REDIRECT] [Fatal Error] :1:1: Premature end of file.
2026-10-04 20:24:06,342 [ERROR] LogOutputStream:75 - [STDERR_REDIRECT] 
2026-10-04 20:24:07,348 [ERROR] LogOutputStream:75 - [STDERR_REDIRECT] [Fatal Error] :1:1: Premature end of file.
2026-10-04 20:24:07,348 [ERROR] LogOutputStream:75 - [STDERR_REDIRECT] 
2026-10-04 20:24:08,348 [ERROR] LogOutputStream:75 - [STDERR_REDIRECT] [Fatal Error] :1:1: Premature end of file.
2026-10-04 20:24:08,348 [ERROR] LogOutputStream:75 - [STDERR_REDIRECT] 
2026-10-04 20:24:09,348 [ERROR] LogOutputStream:75 - [STDERR_REDIRECT] [Fatal Error] :1:1: Premature end of file.
2026-10-04 20:24:09,348 [ERROR] LogOutputStream:75 - [STDERR_REDIRECT] 
2026-10-04 20:24:10,348 [ERROR] LogOutputStream:75 - [STDERR_REDIRECT] [Fatal Error] :1:1: Premature end of file.
2026-10-04 20:24:10,348 [ERROR] LogOutputStream:75 - [STDERR_REDIRECT] 
2026-10-04 20:24:11,337 [ERROR] LogOutputStream:75 - [STDERR_REDIRECT] [Fatal Error] :1:1: Premature end of file.
2026-10-04 20:24:11,337 [ERROR] LogOutputStream:75 - [STDERR_REDIRECT] 
2026-10-04 20:24:12,337 [ERROR] LogOutputStream:75 - [STDERR_REDIRECT] [Fatal Error] :1:1: Premature end of file.
2026-10-04 20:24:12,337 [ERROR] LogOutputStream:75 - [STDERR_REDIRECT] 
2026-10-04 20:24:13,338 [ERROR] LogOutputStream:75 - [STDERR_REDIRECT] [Fatal Error] :1:1: Premature end of file.
2026-10-04 20:24:13,338 [ERROR] LogOutputStream:75 - [STDERR_REDIRECT] 
2026-10-04 20:24:14,341 [ERROR] LogOutputStream:75 - [STDERR_REDIRECT] [Fatal Error] :1:1: Premature end of file.
2026-10-04 20:24:14,341 [ERROR] LogOutputStream:75 - [STDERR_REDIRECT] 
2026-10-04 20:24:15,342 [ERROR] LogOutputStream:75 - [STDERR_REDIRECT] [Fatal Error] :1:1: Premature end of file.
2026-10-04 20:24:15,343 [ERROR] LogOutputStream:75 - [STDERR_REDIRECT] 
2026-10-04 20:24:16,344 [ERROR] LogOutputStream:75 - [STDERR_REDIRECT] [Fatal Error] :1:1: Premature end of file.
2026-10-04 20:24:16,344 [ERROR] LogOutputStream:75 - [STDERR_REDIRECT] 
2026-10-04 20:24:17,343 [ERROR] LogOutputStream:75 - [STDERR_REDIRECT] [Fatal Error] :1:1: Premature end of file.
2026-10-04 20:24:17,343 [ERROR] LogOutputStream:75 - [STDERR_REDIRECT] 
2026-10-04 20:24:18,345 [ERROR] LogOutputStream:75 - [STDERR_REDIRECT] [Fatal Error] :1:1: Premature end of file.
2026-10-04 20:24:18,346 [ERROR] LogOutputStream:75 - [STDERR_REDIRECT] 
2026-10-04 20:24:19,344 [ERROR] LogOutputStream:75 - [STDERR_REDIRECT] [Fatal Error] :1:1: Premature end of file.
2026-10-04 20:24:19,344 [ERROR] LogOutputStream:75 - [STDERR_REDIRECT] 
2026-10-04 20:24:20,350 [ERROR] LogOutputStream:75 - [STDERR_REDIRECT] [Fatal Error] :1:1: Premature end of file.
2026-10-04 20:24:20,351 [ERROR] LogOutputStream:75 - [STDERR_REDIRECT] 
2026-10-04 20:24:21,350 [ERROR] LogOutputStream:75 - [STDERR_REDIRECT] [Fatal Error] :1:1: Premature end of file.
2026-10-04 20:24:21,350 [ERROR] LogOutputStream:75 - [STDERR_REDIRECT] 
2026-10-04 20:24:22,340 [ERROR] LogOutputStream:75 - [STDERR_REDIRECT] [Fatal Error] :1:1: Premature end of file.
2026-10-04 20:24:22,340 [ERROR] LogOutputStream:75 - [STDERR_REDIRECT] 
2026-10-04 20:24:23,341 [ERROR] LogOutputStream:75 - [STDERR_REDIRECT] [Fatal Error] :1:1: Premature end of file.
2026-10-04 20:24:23,342 [ERROR] LogOutputStream:75 - [STDERR_REDIRECT] 
2026-10-04 20:24:24,337 [ERROR] LogOutputStream:75 - [STDERR_REDIRECT] [Fatal Error] :1:1: Premature end of file.
2026-10-04 20:24:24,337 [ERROR] LogOutputStream:75 - [STDERR_REDIRECT] 
2026-10-04 20:24:25,336 [ERROR] LogOutputStream:75 - [STDERR_REDIRECT] [Fatal Error] :1:1: Premature end of file.
2026-10-04 20:24:25,336 [ERROR] LogOutputStream:75 - [STDERR_REDIRECT] 
2026-10-04 20:24:26,340 [ERROR] LogOutputStream:75 - [STDERR_REDIRECT] [Fatal Error] :1:1: Premature end of file.
2026-10-04 20:24:26,340 [ERROR] LogOutputStream:75 - [STDERR_REDIRECT] 
2026-10-04 20:24:27,350 [ERROR] LogOutputStream:75 - [STDERR_REDIRECT] [Fatal Error] :1:1: Premature end of file.
2026-10-04 20:24:27,350 [ERROR] LogOutputStream:75 - [STDERR_REDIRECT] 
2026-10-04 20:24:28,347 [ERROR] LogOutputStream:75 - [STDERR_REDIRECT] [Fatal Error] :1:1: Premature end of file.
2026-10-04 20:24:28,348 [ERROR] LogOutputStream:75 - [STDERR_REDIRECT] 
2026-10-04 20:24:29,347 [ERROR] LogOutputStream:75 - [STDERR_REDIRECT] [Fatal Error] :1:1: Premature end of file.
2026-10-04 20:24:29,347 [ERROR] LogOutputStream:75 - [STDERR_REDIRECT] 
2026-10-04 20:24:30,343 [ERROR] LogOutputStream:75 - [STDERR_REDIRECT] [Fatal Error] :1:1: Premature end of file.
2026-10-04 20:24:30,343 [ERROR] LogOutputStream:75 - [STDERR_REDIRECT] 
2026-10-04 20:24:31,349 [ERROR] LogOutputStream:75 - [STDERR_REDIRECT] [Fatal Error] :1:1: Premature end of file.
2026-10-04 20:24:31,349 [ERROR] LogOutputStream:75 - [STDERR_REDIRECT] 
2026-10-04 20:24:32,348 [ERROR] LogOutputStream:75 - [STDERR_REDIRECT] [Fatal Error] :1:1: Premature end of file.
2026-10-04 20:24:32,348 [ERROR] LogOutputStream:75 - [STDERR_REDIRECT] 
2026-10-04 20:24:33,346 [ERROR] LogOutputStream:75 - [STDERR_REDIRECT] [Fatal Error] :1:1: Premature end of file.
2026-10-04 20:24:33,346 [ERROR] LogOutputStream:75 - [STDERR_REDIRECT] 
2026-10-04 20:24:34,348 [ERROR] LogOutputStream:75 - [STDERR_REDIRECT] [Fatal Error] :1:1: Premature end of file.
2026-10-04 20:24:34,348 [ERROR] LogOutputStream:75 - [STDERR_REDIRECT] 
2026-10-04 20:24:35,345 [ERROR] LogOutputStream:75 - [STDERR_REDIRECT] [Fatal Error] :1:1: Premature end of file.
2026-10-04 20:24:35,345 [ERROR] LogOutputStream:75 - [STDERR_REDIRECT] 
2026-10-04 20:24:36,338 [ERROR] LogOutputStream:75 - [STDERR_REDIRECT] [Fatal Error] :1:1: Premature end of file.
2026-10-04 20:24:36,338 [ERROR] LogOutputStream:75 - [STDERR_REDIRECT] 
2026-10-04 20:24:37,345 [ERROR] LogOutputStream:75 - [STDERR_REDIRECT] [Fatal Error] :1:1: Premature end of file.
2026-10-04 20:24:37,345 [ERROR] LogOutputStream:75 - [STDERR_REDIRECT] 
2026-10-04 20:24:38,347 [ERROR] LogOutputStream:75 - [STDERR_REDIRECT] [Fatal Error] :1:1: Premature end of file.
2026-10-04 20:24:38,348 [ERROR] LogOutputStream:75 - [STDERR_REDIRECT] 
2026-10-04 20:24:39,348 [ERROR] LogOutputStream:75 - [STDERR_REDIRECT] [Fatal Error] :1:1: Premature end of file.
2026-10-04 20:24:39,348 [ERROR] LogOutputStream:75 - [STDERR_REDIRECT] 
2026-10-04 20:24:40,338 [ERROR] LogOutputStream:75 - [STDERR_REDIRECT] [Fatal Error] :1:1: Premature end of file.
2026-10-04 20:24:40,338 [ERROR] LogOutputStream:75 - [STDERR_REDIRECT] 
2026-10-04 20:24:41,341 [ERROR] LogOutputStream:75 - [STDERR_REDIRECT] [Fatal Error] :1:1: Premature end of file.
2026-10-04 20:24:41,342 [ERROR] LogOutputStream:75 - [STDERR_REDIRECT] 
2026-10-04 20:24:42,342 [ERROR] LogOutputStream:75 - [STDERR_REDIRECT] [Fatal Error] :1:1: Premature end of file.
2026-10-04 20:24:42,343 [ERROR] LogOutputStream:75 - [STDERR_REDIRECT] 
2026-10-04 20:24:43,342 [ERROR] LogOutputStream:75 - [STDERR_REDIRECT] [Fatal Error] :1:1: Premature end of file.
2026-10-04 20:24:43,342 [ERROR] LogOutputStream:75 - [STDERR_REDIRECT] 
2026-10-04 20:24:44,342 [ERROR] LogOutputStream:75 - [STDERR_REDIRECT] [Fatal Error] :1:1: Premature end of file.
2026-10-04 20:24:44,342 [ERROR] LogOutputStream:75 - [STDERR_REDIRECT] 
2026-10-04 20:24:45,347 [ERROR] LogOutputStream:75 - [STDERR_REDIRECT] [Fatal Error] :1:1: Premature end of file.
2026-10-04 20:24:45,347 [ERROR] LogOutputStream:75 - [STDERR_REDIRECT] 
2026-10-04 20:24:46,338 [ERROR] LogOutputStream:75 - [STDERR_REDIRECT] [Fatal Error] :1:1: Premature end of file.
2026-10-04 20:24:46,338 [ERROR] LogOutputStream:75 - [STDERR_REDIRECT] 
2026-10-04 20:24:47,337 [ERROR] LogOutputStream:75 - [STDERR_REDIRECT] [Fatal Error] :1:1: Premature end of file.
2026-10-04 20:24:47,338 [ERROR] LogOutputStream:75 - [STDERR_REDIRECT] 
2026-10-04 20:24:48,343 [ERROR] LogOutputStream:75 - [STDERR_REDIRECT] [Fatal Error] :1:1: Premature end of file.
2026-10-04 20:24:48,343 [ERROR] LogOutputStream:75 - [STDERR_REDIRECT] 
2026-10-04 20:24:49,353 [ERROR] LogOutputStream:75 - [STDERR_REDIRECT] [Fatal Error] :1:1: Premature end of file.
2026-10-04 20:24:49,354 [ERROR] LogOutputStream:75 - [STDERR_REDIRECT] 
2026-10-04 20:24:50,335 [ERROR] LogOutputStream:75 - [STDERR_REDIRECT] [Fatal Error] :1:1: Premature end of file.
2026-10-04 20:24:50,336 [ERROR] LogOutputStream:75 - [STDERR_REDIRECT] 
2026-10-04 20:24:51,334 [ERROR] LogOutputStream:75 - [STDERR_REDIRECT] [Fatal Error] :1:1: Premature end of file.
2026-10-04 20:24:51,335 [ERROR] LogOutputStream:75 - [STDERR_REDIRECT] 
2026-10-04 20:24:52,335 [ERROR] LogOutputStream:75 - [STDERR_REDIRECT] [Fatal Error] :1:1: Premature end of file.
2026-10-04 20:24:52,335 [ERROR] LogOutputStream:75 - [STDERR_REDIRECT] 
2026-10-04 20:24:53,336 [ERROR] LogOutputStream:75 - [STDERR_REDIRECT] [Fatal Error] :1:1: Premature end of file.
2026-10-04 20:24:53,336 [ERROR] LogOutputStream:75 - [STDERR_REDIRECT] 
2026-10-04 20:24:54,335 [ERROR] LogOutputStream:75 - [STDERR_REDIRECT] [Fatal Error] :1:1: Premature end of file.
2026-10-04 20:24:54,335 [ERROR] LogOutputStream:75 - [STDERR_REDIRECT] 
2026-10-04 20:24:55,336 [ERROR] LogOutputStream:75 - [STDERR_REDIRECT] [Fatal Error] :1:1: Premature end of file.
2026-10-04 20:24:55,336 [ERROR] LogOutputStream:75 - [STDERR_REDIRECT] 
2026-10-04 20:24:56,335 [ERROR] LogOutputStream:75 - [STDERR_REDIRECT] [Fatal Error] :1:1: Premature end of file.
2026-10-04 20:24:56,335 [ERROR] LogOutputStream:75 - [STDERR_REDIRECT] 
2026-10-04 20:24:57,336 [ERROR] LogOutputStream:75 - [STDERR_REDIRECT] [Fatal Error] :1:1: Premature end of file.
2026-10-04 20:24:57,336 [ERROR] LogOutputStream:75 - [STDERR_REDIRECT] 
2026-10-04 20:24:58,338 [ERROR] LogOutputStream:75 - [STDERR_REDIRECT] [Fatal Error] :1:1: Premature end of file.
2026-10-04 20:24:58,338 [ERROR] LogOutputStream:75 - [STDERR_REDIRECT] 
2026-10-04 20:24:59,338 [ERROR] LogOutputStream:75 - [STDERR_REDIRECT] [Fatal Error] :1:1: Premature end of file.
2026-10-04 20:24:59,338 [ERROR] LogOutputStream:75 - [STDERR_REDIRECT] 
2026-10-04 20:25:00,336 [ERROR] LogOutputStream:75 - [STDERR_REDIRECT] [Fatal Error] :1:1: Premature end of file.
2026-10-04 20:25:00,336 [ERROR] LogOutputStream:75 - [STDERR_REDIRECT] 
2026-10-04 20:25:01,335 [ERROR] LogOutputStream:75 - [STDERR_REDIRECT] [Fatal Error] :1:1: Premature end of file.
2026-10-04 20:25:01,336 [ERROR] LogOutputStream:75 - [STDERR_REDIRECT] 
2026-10-04 20:25:02,336 [ERROR] LogOutputStream:75 - [STDERR_REDIRECT] [Fatal Error] :1:1: Premature end of file.
2026-10-04 20:25:02,337 [ERROR] LogOutputStream:75 - [STDERR_REDIRECT] 
2026-10-04 20:25:03,336 [ERROR] LogOutputStream:75 - [STDERR_REDIRECT] [Fatal Error] :1:1: Premature end of file.
2026-10-04 20:25:03,336 [ERROR] LogOutputStream:75 - [STDERR_REDIRECT] 
2026-10-04 20:25:04,334 [ERROR] LogOutputStream:75 - [STDERR_REDIRECT] [Fatal Error] :1:1: Premature end of file.
2026-10-04 20:25:04,335 [ERROR] LogOutputStream:75 - [STDERR_REDIRECT] 
2026-10-04 20:25:05,337 [ERROR] LogOutputStream:75 - [STDERR_REDIRECT] [Fatal Error] :1:1: Premature end of file.
2026-10-04 20:25:05,337 [ERROR] LogOutputStream:75 - [STDERR_REDIRECT] 
2026-10-04 20:25:06,345 [ERROR] LogOutputStream:75 - [STDERR_REDIRECT] [Fatal Error] :1:1: Premature end of file.
2026-10-04 20:25:06,346 [ERROR] LogOutputStream:75 - [STDERR_REDIRECT] 
2026-10-04 20:25:07,347 [ERROR] LogOutputStream:75 - [STDERR_REDIRECT] [Fatal Error] :1:1: Premature end of file.
2026-10-04 20:25:07,347 [ERROR] LogOutputStream:75 - [STDERR_REDIRECT] 
2026-10-04 20:25:08,350 [ERROR] LogOutputStream:75 - [STDERR_REDIRECT] [Fatal Error] :1:1: Premature end of file.
2026-10-04 20:25:08,351 [ERROR] LogOutputStream:75 - [STDERR_REDIRECT] 
2026-10-04 20:25:09,336 [ERROR] LogOutputStream:75 - [STDERR_REDIRECT] [Fatal Error] :1:1: Premature end of file.
2026-10-04 20:25:09,336 [ERROR] LogOutputStream:75 - [STDERR_REDIRECT] 
2026-10-04 20:25:10,342 [ERROR] LogOutputStream:75 - [STDERR_REDIRECT] [Fatal Error] :1:1: Premature end of file.
2026-10-04 20:25:10,342 [ERROR] LogOutputStream:75 - [STDERR_REDIRECT] 
2026-10-04 20:25:11,343 [ERROR] LogOutputStream:75 - [STDERR_REDIRECT] [Fatal Error] :1:1: Premature end of file.
2026-10-04 20:25:11,343 [ERROR] LogOutputStream:75 - [STDERR_REDIRECT] 
2026-10-04 20:25:12,340 [ERROR] LogOutputStream:75 - [STDERR_REDIRECT] [Fatal Error] :1:1: Premature end of file.
2026-10-04 20:25:12,340 [ERROR] LogOutputStream:75 - [STDERR_REDIRECT] 
2026-10-04 20:25:13,340 [ERROR] LogOutputStream:75 - [STDERR_REDIRECT] [Fatal Error] :1:1: Premature end of file.
2026-10-04 20:25:13,340 [ERROR] LogOutputStream:75 - [STDERR_REDIRECT] 
2026-10-04 20:25:14,340 [ERROR] LogOutputStream:75 - [STDERR_REDIRECT] [Fatal Error] :1:1: Premature end of file.
2026-10-04 20:25:14,340 [ERROR] LogOutputStream:75 - [STDERR_REDIRECT] 
2026-10-04 20:25:15,339 [ERROR] LogOutputStream:75 - [STDERR_REDIRECT] [Fatal Error] :1:1: Premature end of file.
2026-10-04 20:25:15,339 [ERROR] LogOutputStream:75 - [STDERR_REDIRECT] 
2026-10-04 20:25:16,338 [ERROR] LogOutputStream:75 - [STDERR_REDIRECT] [Fatal Error] :1:1: Premature end of file.
2026-10-04 20:25:16,338 [ERROR] LogOutputStream:75 - [STDERR_REDIRECT] 
2026-10-04 20:25:17,338 [ERROR] LogOutputStream:75 - [STDERR_REDIRECT] [Fatal Error] :1:1: Premature end of file.
2026-10-04 20:25:17,338 [ERROR] LogOutputStream:75 - [STDERR_REDIRECT] 
2026-10-04 20:25:18,341 [ERROR] LogOutputStream:75 - [STDERR_REDIRECT] [Fatal Error] :1:1: Premature end of file.
2026-10-04 20:25:18,341 [ERROR] LogOutputStream:75 - [STDERR_REDIRECT] 
2026-10-04 20:25:19,345 [ERROR] LogOutputStream:75 - [STDERR_REDIRECT] [Fatal Error] :1:1: Premature end of file.
2026-10-04 20:25:19,346 [ERROR] LogOutputStream:75 - [STDERR_REDIRECT] 
2026-10-04 20:25:20,342 [ERROR] LogOutputStream:75 - [STDERR_REDIRECT] [Fatal Error] :1:1: Premature end of file.
2026-10-04 20:25:20,342 [ERROR] LogOutputStream:75 - [STDERR_REDIRECT] 
2026-10-04 20:25:21,340 [ERROR] LogOutputStream:75 - [STDERR_REDIRECT] [Fatal Error] :1:1: Premature end of file.
2026-10-04 20:25:21,341 [ERROR] LogOutputStream:75 - [STDERR_REDIRECT] 
2026-10-04 20:25:22,341 [ERROR] LogOutputStream:75 - [STDERR_REDIRECT] [Fatal Error] :1:1: Premature end of file.
2026-10-04 20:25:22,342 [ERROR] LogOutputStream:75 - [STDERR_REDIRECT] 
2026-10-04 20:25:23,335 [ERROR] LogOutputStream:75 - [STDERR_REDIRECT] [Fatal Error] :1:1: Premature end of file.
2026-10-04 20:25:23,335 [ERROR] LogOutputStream:75 - [STDERR_REDIRECT] 
2026-10-04 20:25:24,348 [ERROR] LogOutputStream:75 - [STDERR_REDIRECT] [Fatal Error] :1:1: Premature end of file.
2026-10-04 20:25:24,348 [ERROR] LogOutputStream:75 - [STDERR_REDIRECT] 
2026-10-04 20:25:25,349 [ERROR] LogOutputStream:75 - [STDERR_REDIRECT] [Fatal Error] :1:1: Premature end of file.
2026-10-04 20:25:25,349 [ERROR] LogOutputStream:75 - [STDERR_REDIRECT] 
2026-10-04 20:25:26,336 [ERROR] LogOutputStream:75 - [STDERR_REDIRECT] [Fatal Error] :1:1: Premature end of file.
2026-10-04 20:25:26,336 [ERROR] LogOutputStream:75 - [STDERR_REDIRECT] 
2026-10-04 20:25:27,337 [ERROR] LogOutputStream:75 - [STDERR_REDIRECT] [Fatal Error] :1:1: Premature end of file.
2026-10-04 20:25:27,338 [ERROR] LogOutputStream:75 - [STDERR_REDIRECT] 
2026-10-04 20:25:28,342 [ERROR] LogOutputStream:75 - [STDERR_REDIRECT] [Fatal Error] :1:1: Premature end of file.
2026-10-04 20:25:28,342 [ERROR] LogOutputStream:75 - [STDERR_REDIRECT] 
2026-10-04 20:25:29,344 [ERROR] LogOutputStream:75 - [STDERR_REDIRECT] [Fatal Error] :1:1: Premature end of file.
2026-10-04 20:25:29,344 [ERROR] LogOutputStream:75 - [STDERR_REDIRECT] 
2026-10-04 20:25:30,344 [ERROR] LogOutputStream:75 - [STDERR_REDIRECT] [Fatal Error] :1:1: Premature end of file.
2026-10-04 20:25:30,344 [ERROR] LogOutputStream:75 - [STDERR_REDIRECT] 
2026-10-04 20:25:31,344 [ERROR] LogOutputStream:75 - [STDERR_REDIRECT] [Fatal Error] :1:1: Premature end of file.
2026-10-04 20:25:31,344 [ERROR] LogOutputStream:75 - [STDERR_REDIRECT] 
2026-10-04 20:25:32,342 [ERROR] LogOutputStream:75 - [STDERR_REDIRECT] [Fatal Error] :1:1: Premature end of file.
2026-10-04 20:25:32,343 [ERROR] LogOutputStream:75 - [STDERR_REDIRECT] 
2026-10-04 20:25:33,340 [ERROR] LogOutputStream:75 - [STDERR_REDIRECT] [Fatal Error] :1:1: Premature end of file.
2026-10-04 20:25:33,340 [ERROR] LogOutputStream:75 - [STDERR_REDIRECT] 
2026-10-04 20:25:34,335 [ERROR] LogOutputStream:75 - [STDERR_REDIRECT] [Fatal Error] :1:1: Premature end of file.
2026-10-04 20:25:34,336 [ERROR] LogOutputStream:75 - [STDERR_REDIRECT] 
2026-10-04 20:25:35,338 [ERROR] LogOutputStream:75 - [STDERR_REDIRECT] [Fatal Error] :1:1: Premature end of file.
2026-10-04 20:25:35,338 [ERROR] LogOutputStream:75 - [STDERR_REDIRECT] 
2026-10-04 20:25:36,341 [ERROR] LogOutputStream:75 - [STDERR_REDIRECT] [Fatal Error] :1:1: Premature end of file.
2026-10-04 20:25:36,341 [ERROR] LogOutputStream:75 - [STDERR_REDIRECT] 
2026-10-04 20:25:37,348 [ERROR] LogOutputStream:75 - [STDERR_REDIRECT] [Fatal Error] :1:1: Premature end of file.
2026-10-04 20:25:37,348 [ERROR] LogOutputStream:75 - [STDERR_REDIRECT] 
2026-10-04 20:25:38,348 [ERROR] LogOutputStream:75 - [STDERR_REDIRECT] [Fatal Error] :1:1: Premature end of file.
2026-10-04 20:25:38,348 [ERROR] LogOutputStream:75 - [STDERR_REDIRECT] 
2026-10-04 20:25:39,345 [ERROR] LogOutputStream:75 - [STDERR_REDIRECT] [Fatal Error] :1:1: Premature end of file.
2026-10-04 20:25:39,345 [ERROR] LogOutputStream:75 - [STDERR_REDIRECT] 
2026-10-04 20:25:40,344 [ERROR] LogOutputStream:75 - [STDERR_REDIRECT] [Fatal Error] :1:1: Premature end of file.
2026-10-04 20:25:40,344 [ERROR] LogOutputStream:75 - [STDERR_REDIRECT] 
2026-10-04 20:25:41,345 [ERROR] LogOutputStream:75 - [STDERR_REDIRECT] [Fatal Error] :1:1: Premature end of file.
2026-10-04 20:25:41,345 [ERROR] LogOutputStream:75 - [STDERR_REDIRECT] 
2026-10-04 20:25:42,344 [ERROR] LogOutputStream:75 - [STDERR_REDIRECT] [Fatal Error] :1:1: Premature end of file.
2026-10-04 20:25:42,344 [ERROR] LogOutputStream:75 - [STDERR_REDIRECT] 
2026-10-04 20:25:43,351 [ERROR] LogOutputStream:75 - [STDERR_REDIRECT] [Fatal Error] :1:1: Premature end of file.
2026-10-04 20:25:43,351 [ERROR] LogOutputStream:75 - [STDERR_REDIRECT] 
2026-10-04 20:25:44,350 [ERROR] LogOutputStream:75 - [STDERR_REDIRECT] [Fatal Error] :1:1: Premature end of file.
2026-10-04 20:25:44,350 [ERROR] LogOutputStream:75 - [STDERR_REDIRECT] 
2026-10-04 20:25:45,347 [ERROR] LogOutputStream:75 - [STDERR_REDIRECT] [Fatal Error] :1:1: Premature end of file.
2026-10-04 20:25:45,347 [ERROR] LogOutputStream:75 - [STDERR_REDIRECT] 
2026-10-04 20:25:46,349 [ERROR] LogOutputStream:75 - [STDERR_REDIRECT] [Fatal Error] :1:1: Premature end of file.
2026-10-04 20:25:46,349 [ERROR] LogOutputStream:75 - [STDERR_REDIRECT] 
2026-10-04 20:25:47,341 [ERROR] LogOutputStream:75 - [STDERR_REDIRECT] [Fatal Error] :1:1: Premature end of file.
2026-10-04 20:25:47,342 [ERROR] LogOutputStream:75 - [STDERR_REDIRECT] 
2026-10-04 20:25:48,349 [ERROR] LogOutputStream:75 - [STDERR_REDIRECT] [Fatal Error] :1:1: Premature end of file.
2026-10-04 20:25:48,349 [ERROR] LogOutputStream:75 - [STDERR_REDIRECT] 
2026-10-04 20:25:49,349 [ERROR] LogOutputStream:75 - [STDERR_REDIRECT] [Fatal Error] :1:1: Premature end of file.
2026-10-04 20:25:49,349 [ERROR] LogOutputStream:75 - [STDERR_REDIRECT] 
2026-10-04 20:25:50,338 [ERROR] LogOutputStream:75 - [STDERR_REDIRECT] [Fatal Error] :1:1: Premature end of file.
2026-10-04 20:25:50,338 [ERROR] LogOutputStream:75 - [STDERR_REDIRECT] 
2026-10-04 20:25:51,343 [ERROR] LogOutputStream:75 - [STDERR_REDIRECT] [Fatal Error] :1:1: Premature end of file.
2026-10-04 20:25:51,344 [ERROR] LogOutputStream:75 - [STDERR_REDIRECT] 
2026-10-04 20:25:52,346 [ERROR] LogOutputStream:75 - [STDERR_REDIRECT] [Fatal Error] :1:1: Premature end of file.
2026-10-04 20:25:52,346 [ERROR] LogOutputStream:75 - [STDERR_REDIRECT] 
2026-10-04 20:25:53,347 [ERROR] LogOutputStream:75 - [STDERR_REDIRECT] [Fatal Error] :1:1: Premature end of file.
2026-10-04 20:25:53,347 [ERROR] LogOutputStream:75 - [STDERR_REDIRECT] 
2026-10-04 20:25:54,343 [ERROR] LogOutputStream:75 - [STDERR_REDIRECT] [Fatal Error] :1:1: Premature end of file.
2026-10-04 20:25:54,343 [ERROR] LogOutputStream:75 - [STDERR_REDIRECT] 
2026-10-04 20:25:55,352 [ERROR] LogOutputStream:75 - [STDERR_REDIRECT] [Fatal Error] :1:1: Premature end of file.
2026-10-04 20:25:55,352 [ERROR] LogOutputStream:75 - [STDERR_REDIRECT] 
2026-10-04 20:25:56,347 [ERROR] LogOutputStream:75 - [STDERR_REDIRECT] [Fatal Error] :1:1: Premature end of file.
2026-10-04 20:25:56,347 [ERROR] LogOutputStream:75 - [STDERR_REDIRECT] 
2026-10-04 20:25:57,344 [ERROR] LogOutputStream:75 - [STDERR_REDIRECT] [Fatal Error] :1:1: Premature end of file.
2026-10-04 20:25:57,344 [ERROR] LogOutputStream:75 - [STDERR_REDIRECT] 
2026-10-04 20:25:58,337 [ERROR] LogOutputStream:75 - [STDERR_REDIRECT] [Fatal Error] :1:1: Premature end of file.
2026-10-04 20:25:58,337 [ERROR] LogOutputStream:75 - [STDERR_REDIRECT] 
2026-10-04 20:25:59,351 [ERROR] LogOutputStream:75 - [STDERR_REDIRECT] [Fatal Error] :1:1: Premature end of file.
2026-10-04 20:25:59,351 [ERROR] LogOutputStream:75 - [STDERR_REDIRECT] 
2026-10-04 20:26:00,339 [ERROR] LogOutputStream:75 - [STDERR_REDIRECT] [Fatal Error] :1:1: Premature end of file.
2026-10-04 20:26:00,339 [ERROR] LogOutputStream:75 - [STDERR_REDIRECT] 
2026-10-04 20:26:01,351 [ERROR] LogOutputStream:75 - [STDERR_REDIRECT] [Fatal Error] :1:1: Premature end of file.
2026-10-04 20:26:01,351 [ERROR] LogOutputStream:75 - [STDERR_REDIRECT] 
2026-10-04 20:26:02,342 [ERROR] LogOutputStream:75 - [STDERR_REDIRECT] [Fatal Error] :1:1: Premature end of file.
2026-10-04 20:26:02,342 [ERROR] LogOutputStream:75 - [STDERR_REDIRECT] 
2026-10-04 20:26:03,340 [ERROR] LogOutputStream:75 - [STDERR_REDIRECT] [Fatal Error] :1:1: Premature end of file.
2026-10-04 20:26:03,340 [ERROR] LogOutputStream:75 - [STDERR_REDIRECT] 
2026-10-04 20:26:04,344 [ERROR] LogOutputStream:75 - [STDERR_REDIRECT] [Fatal Error] :1:1: Premature end of file.
2026-10-04 20:26:04,344 [ERROR] LogOutputStream:75 - [STDERR_REDIRECT] 
2026-10-04 20:26:05,343 [ERROR] LogOutputStream:75 - [STDERR_REDIRECT] [Fatal Error] :1:1: Premature end of file.
2026-10-04 20:26:05,344 [ERROR] LogOutputStream:75 - [STDERR_REDIRECT] 
2026-10-04 20:26:06,341 [ERROR] LogOutputStream:75 - [STDERR_REDIRECT] [Fatal Error] :1:1: Premature end of file.
2026-10-04 20:26:06,342 [ERROR] LogOutputStream:75 - [STDERR_REDIRECT] 
2026-10-04 20:26:07,341 [ERROR] LogOutputStream:75 - [STDERR_REDIRECT] [Fatal Error] :1:1: Premature end of file.
2026-10-04 20:26:07,342 [ERROR] LogOutputStream:75 - [STDERR_REDIRECT] 
2026-10-04 20:26:08,348 [ERROR] LogOutputStream:75 - [STDERR_REDIRECT] [Fatal Error] :1:1: Premature end of file.
2026-10-04 20:26:08,348 [ERROR] LogOutputStream:75 - [STDERR_REDIRECT] 
2026-10-04 20:26:09,351 [ERROR] LogOutputStream:75 - [STDERR_REDIRECT] [Fatal Error] :1:1: Premature end of file.
2026-10-04 20:26:09,352 [ERROR] LogOutputStream:75 - [STDERR_REDIRECT] 
2026-10-04 20:26:10,348 [ERROR] LogOutputStream:75 - [STDERR_REDIRECT] [Fatal Error] :1:1: Premature end of file.
2026-10-04 20:26:10,349 [ERROR] LogOutputStream:75 - [STDERR_REDIRECT] 
2026-10-04 20:26:11,347 [ERROR] LogOutputStream:75 - [STDERR_REDIRECT] [Fatal Error] :1:1: Premature end of file.
2026-10-04 20:26:11,347 [ERROR] LogOutputStream:75 - [STDERR_REDIRECT] 
2026-10-04 20:26:12,338 [ERROR] LogOutputStream:75 - [STDERR_REDIRECT] [Fatal Error] :1:1: Premature end of file.
2026-10-04 20:26:12,338 [ERROR] LogOutputStream:75 - [STDERR_REDIRECT] 
2026-10-04 20:26:13,335 [ERROR] LogOutputStream:75 - [STDERR_REDIRECT] [Fatal Error] :1:1: Premature end of file.
2026-10-04 20:26:13,335 [ERROR] LogOutputStream:75 - [STDERR_REDIRECT] 
2026-10-04 20:26:14,348 [ERROR] LogOutputStream:75 - [STDERR_REDIRECT] [Fatal Error] :1:1: Premature end of file.
2026-10-04 20:26:14,349 [ERROR] LogOutputStream:75 - [STDERR_REDIRECT] 
2026-10-04 20:26:15,351 [ERROR] LogOutputStream:75 - [STDERR_REDIRECT] [Fatal Error] :1:1: Premature end of file.
2026-10-04 20:26:15,351 [ERROR] LogOutputStream:75 - [STDERR_REDIRECT] 
2026-10-04 20:26:16,349 [ERROR] LogOutputStream:75 - [STDERR_REDIRECT] [Fatal Error] :1:1: Premature end of file.
2026-10-04 20:26:16,350 [ERROR] LogOutputStream:75 - [STDERR_REDIRECT] 
2026-10-04 20:26:17,337 [ERROR] LogOutputStream:75 - [STDERR_REDIRECT] [Fatal Error] :1:1: Premature end of file.
2026-10-04 20:26:17,337 [ERROR] LogOutputStream:75 - [STDERR_REDIRECT] 
2026-10-04 20:26:18,336 [ERROR] LogOutputStream:75 - [STDERR_REDIRECT] [Fatal Error] :1:1: Premature end of file.
2026-10-04 20:26:18,336 [ERROR] LogOutputStream:75 - [STDERR_REDIRECT] 
2026-10-04 20:26:19,338 [ERROR] LogOutputStream:75 - [STDERR_REDIRECT] [Fatal Error] :1:1: Premature end of file.
2026-10-04 20:26:19,339 [ERROR] LogOutputStream:75 - [STDERR_REDIRECT] 
2026-10-04 20:26:20,338 [ERROR] LogOutputStream:75 - [STDERR_REDIRECT] [Fatal Error] :1:1: Premature end of file.
2026-10-04 20:26:20,338 [ERROR] LogOutputStream:75 - [STDERR_REDIRECT] 
2026-10-04 20:26:21,339 [ERROR] LogOutputStream:75 - [STDERR_REDIRECT] [Fatal Error] :1:1: Premature end of file.
2026-10-04 20:26:21,339 [ERROR] LogOutputStream:75 - [STDERR_REDIRECT] 
2026-10-04 20:26:22,338 [ERROR] LogOutputStream:75 - [STDERR_REDIRECT] [Fatal Error] :1:1: Premature end of file.
2026-10-04 20:26:22,338 [ERROR] LogOutputStream:75 - [STDERR_REDIRECT] 
2026-10-04 20:26:23,344 [ERROR] LogOutputStream:75 - [STDERR_REDIRECT] [Fatal Error] :1:1: Premature end of file.
2026-10-04 20:26:23,344 [ERROR] LogOutputStream:75 - [STDERR_REDIRECT] 
2026-10-04 20:26:24,341 [ERROR] LogOutputStream:75 - [STDERR_REDIRECT] [Fatal Error] :1:1: Premature end of file.
2026-10-04 20:26:24,341 [ERROR] LogOutputStream:75 - [STDERR_REDIRECT] 
2026-10-04 20:26:25,345 [ERROR] LogOutputStream:75 - [STDERR_REDIRECT] [Fatal Error] :1:1: Premature end of file.
2026-10-04 20:26:25,345 [ERROR] LogOutputStream:75 - [STDERR_REDIRECT] 
2026-10-04 20:26:26,336 [ERROR] LogOutputStream:75 - [STDERR_REDIRECT] [Fatal Error] :1:1: Premature end of file.
2026-10-04 20:26:26,336 [ERROR] LogOutputStream:75 - [STDERR_REDIRECT] 
2026-10-04 20:26:27,349 [ERROR] LogOutputStream:75 - [STDERR_REDIRECT] [Fatal Error] :1:1: Premature end of file.
2026-10-04 20:26:27,349 [ERROR] LogOutputStream:75 - [STDERR_REDIRECT] 
2026-10-04 20:26:28,346 [ERROR] LogOutputStream:75 - [STDERR_REDIRECT] [Fatal Error] :1:1: Premature end of file.
2026-10-04 20:26:28,346 [ERROR] LogOutputStream:75 - [STDERR_REDIRECT] 
2026-10-04 20:26:29,339 [ERROR] LogOutputStream:75 - [STDERR_REDIRECT] [Fatal Error] :1:1: Premature end of file.
2026-10-04 20:26:29,339 [ERROR] LogOutputStream:75 - [STDERR_REDIRECT] 
2026-10-04 20:26:30,340 [ERROR] LogOutputStream:75 - [STDERR_REDIRECT] [Fatal Error] :1:1: Premature end of file.
2026-10-04 20:26:30,341 [ERROR] LogOutputStream:75 - [STDERR_REDIRECT] 
2026-10-04 20:26:31,340 [ERROR] LogOutputStream:75 - [STDERR_REDIRECT] [Fatal Error] :1:1: Premature end of file.
2026-10-04 20:26:31,341 [ERROR] LogOutputStream:75 - [STDERR_REDIRECT] 
2026-10-04 20:26:32,339 [ERROR] LogOutputStream:75 - [STDERR_REDIRECT] [Fatal Error] :1:1: Premature end of file.
2026-10-04 20:26:32,339 [ERROR] LogOutputStream:75 - [STDERR_REDIRECT] 
2026-10-04 20:26:33,342 [ERROR] LogOutputStream:75 - [STDERR_REDIRECT] [Fatal Error] :1:1: Premature end of file.
2026-10-04 20:26:33,342 [ERROR] LogOutputStream:75 - [STDERR_REDIRECT] 
2026-10-04 20:26:34,351 [ERROR] LogOutputStream:75 - [STDERR_REDIRECT] [Fatal Error] :1:1: Premature end of file.
2026-10-04 20:26:34,351 [ERROR] LogOutputStream:75 - [STDERR_REDIRECT] 
2026-10-04 20:26:35,350 [ERROR] LogOutputStream:75 - [STDERR_REDIRECT] [Fatal Error] :1:1: Premature end of file.
2026-10-04 20:26:35,350 [ERROR] LogOutputStream:75 - [STDERR_REDIRECT] 
2026-10-04 20:26:36,350 [ERROR] LogOutputStream:75 - [STDERR_REDIRECT] [Fatal Error] :1:1: Premature end of file.
2026-10-04 20:26:36,350 [ERROR] LogOutputStream:75 - [STDERR_REDIRECT] 
2026-10-04 20:26:37,350 [ERROR] LogOutputStream:75 - [STDERR_REDIRECT] [Fatal Error] :1:1: Premature end of file.
2026-10-04 20:26:37,350 [ERROR] LogOutputStream:75 - [STDERR_REDIRECT] 
2026-10-04 20:26:38,352 [ERROR] LogOutputStream:75 - [STDERR_REDIRECT] [Fatal Error] :1:1: Premature end of file.
2026-10-04 20:26:38,352 [ERROR] LogOutputStream:75 - [STDERR_REDIRECT] 
2026-10-04 20:26:39,336 [ERROR] LogOutputStream:75 - [STDERR_REDIRECT] [Fatal Error] :1:1: Premature end of file.
2026-10-04 20:26:39,336 [ERROR] LogOutputStream:75 - [STDERR_REDIRECT] 
2026-10-04 20:26:40,351 [ERROR] LogOutputStream:75 - [STDERR_REDIRECT] [Fatal Error] :1:1: Premature end of file.
2026-10-04 20:26:40,351 [ERROR] LogOutputStream:75 - [STDERR_REDIRECT] 
2026-10-04 20:26:41,349 [ERROR] LogOutputStream:75 - [STDERR_REDIRECT] [Fatal Error] :1:1: Premature end of file.
2026-10-04 20:26:41,349 [ERROR] LogOutputStream:75 - [STDERR_REDIRECT] 
2026-10-04 20:26:42,345 [ERROR] LogOutputStream:75 - [STDERR_REDIRECT] [Fatal Error] :1:1: Premature end of file.
2026-10-04 20:26:42,346 [ERROR] LogOutputStream:75 - [STDERR_REDIRECT] 
2026-10-04 20:26:43,346 [ERROR] LogOutputStream:75 - [STDERR_REDIRECT] [Fatal Error] :1:1: Premature end of file.
2026-10-04 20:26:43,347 [ERROR] LogOutputStream:75 - [STDERR_REDIRECT] 
2026-10-04 20:26:44,348 [ERROR] LogOutputStream:75 - [STDERR_REDIRECT] [Fatal Error] :1:1: Premature end of file.
2026-10-04 20:26:44,348 [ERROR] LogOutputStream:75 - [STDERR_REDIRECT] 
2026-10-04 20:26:45,344 [ERROR] LogOutputStream:75 - [STDERR_REDIRECT] [Fatal Error] :1:1: Premature end of file.
2026-10-04 20:26:45,344 [ERROR] LogOutputStream:75 - [STDERR_REDIRECT] 
2026-10-04 20:26:46,351 [ERROR] LogOutputStream:75 - [STDERR_REDIRECT] [Fatal Error] :1:1: Premature end of file.
2026-10-04 20:26:46,351 [ERROR] LogOutputStream:75 - [STDERR_REDIRECT] 
2026-10-04 20:26:47,349 [ERROR] LogOutputStream:75 - [STDERR_REDIRECT] [Fatal Error] :1:1: Premature end of file.
2026-10-04 20:26:47,350 [ERROR] LogOutputStream:75 - [STDERR_REDIRECT] 
2026-10-04 20:26:48,343 [ERROR] LogOutputStream:75 - [STDERR_REDIRECT] [Fatal Error] :1:1: Premature end of file.
2026-10-04 20:26:48,343 [ERROR] LogOutputStream:75 - [STDERR_REDIRECT] 
2026-10-04 20:26:49,345 [ERROR] LogOutputStream:75 - [STDERR_REDIRECT] [Fatal Error] :1:1: Premature end of file.
2026-10-04 20:26:49,345 [ERROR] LogOutputStream:75 - [STDERR_REDIRECT] 
2026-10-04 20:26:50,345 [ERROR] LogOutputStream:75 - [STDERR_REDIRECT] [Fatal Error] :1:1: Premature end of file.
2026-10-04 20:26:50,345 [ERROR] LogOutputStream:75 - [STDERR_REDIRECT] 
2026-10-04 20:26:51,346 [ERROR] LogOutputStream:75 - [STDERR_REDIRECT] [Fatal Error] :1:1: Premature end of file.
2026-10-04 20:26:51,346 [ERROR] LogOutputStream:75 - [STDERR_REDIRECT] 
2026-10-04 20:26:52,348 [ERROR] LogOutputStream:75 - [STDERR_REDIRECT] [Fatal Error] :1:1: Premature end of file.
2026-10-04 20:26:52,348 [ERROR] LogOutputStream:75 - [STDERR_REDIRECT] 
2026-10-04 20:26:53,335 [ERROR] LogOutputStream:75 - [STDERR_REDIRECT] [Fatal Error] :1:1: Premature end of file.
2026-10-04 20:26:53,336 [ERROR] LogOutputStream:75 - [STDERR_REDIRECT] 
2026-10-04 20:26:54,343 [ERROR] LogOutputStream:75 - [STDERR_REDIRECT] [Fatal Error] :1:1: Premature end of file.
2026-10-04 20:26:54,343 [ERROR] LogOutputStream:75 - [STDERR_REDIRECT] 
2026-10-04 20:26:55,344 [ERROR] LogOutputStream:75 - [STDERR_REDIRECT] [Fatal Error] :1:1: Premature end of file.
2026-10-04 20:26:55,345 [ERROR] LogOutputStream:75 - [STDERR_REDIRECT] 
2026-10-04 20:26:56,350 [ERROR] LogOutputStream:75 - [STDERR_REDIRECT] [Fatal Error] :1:1: Premature end of file.
2026-10-04 20:26:56,350 [ERROR] LogOutputStream:75 - [STDERR_REDIRECT] 
2026-10-04 20:26:57,335 [ERROR] LogOutputStream:75 - [STDERR_REDIRECT] [Fatal Error] :1:1: Premature end of file.
2026-10-04 20:26:57,335 [ERROR] LogOutputStream:75 - [STDERR_REDIRECT] 
2026-10-04 20:26:58,348 [ERROR] LogOutputStream:75 - [STDERR_REDIRECT] [Fatal Error] :1:1: Premature end of file.
2026-10-04 20:26:58,348 [ERROR] LogOutputStream:75 - [STDERR_REDIRECT] 
2026-10-04 20:26:59,350 [ERROR] LogOutputStream:75 - [STDERR_REDIRECT] [Fatal Error] :1:1: Premature end of file.
2026-10-04 20:26:59,350 [ERROR] LogOutputStream:75 - [STDERR_REDIRECT] 
2026-10-04 20:27:00,350 [ERROR] LogOutputStream:75 - [STDERR_REDIRECT] [Fatal Error] :1:1: Premature end of file.
2026-10-04 20:27:00,350 [ERROR] LogOutputStream:75 - [STDERR_REDIRECT] 
2026-10-04 20:27:01,335 [ERROR] LogOutputStream:75 - [STDERR_REDIRECT] [Fatal Error] :1:1: Premature end of file.
2026-10-04 20:27:01,335 [ERROR] LogOutputStream:75 - [STDERR_REDIRECT] 
2026-10-04 20:27:02,342 [ERROR] LogOutputStream:75 - [STDERR_REDIRECT] [Fatal Error] :1:1: Premature end of file.
2026-10-04 20:27:02,342 [ERROR] LogOutputStream:75 - [STDERR_REDIRECT] 
2026-10-04 20:27:03,344 [ERROR] LogOutputStream:75 - [STDERR_REDIRECT] [Fatal Error] :1:1: Premature end of file.
2026-10-04 20:27:03,344 [ERROR] LogOutputStream:75 - [STDERR_REDIRECT] 
2026-10-04 20:27:04,348 [ERROR] LogOutputStream:75 - [STDERR_REDIRECT] [Fatal Error] :1:1: Premature end of file.
2026-10-04 20:27:04,349 [ERROR] LogOutputStream:75 - [STDERR_REDIRECT] 
2026-10-04 20:27:05,350 [ERROR] LogOutputStream:75 - [STDERR_REDIRECT] [Fatal Error] :1:1: Premature end of file.
2026-10-04 20:27:05,350 [ERROR] LogOutputStream:75 - [STDERR_REDIRECT] 
2026-10-04 20:27:06,352 [ERROR] LogOutputStream:75 - [STDERR_REDIRECT] [Fatal Error] :1:1: Premature end of file.
2026-10-04 20:27:06,352 [ERROR] LogOutputStream:75 - [STDERR_REDIRECT] 
2026-10-04 20:27:07,349 [ERROR] LogOutputStream:75 - [STDERR_REDIRECT] [Fatal Error] :1:1: Premature end of file.
2026-10-04 20:27:07,349 [ERROR] LogOutputStream:75 - [STDERR_REDIRECT] 
2026-10-04 20:27:08,349 [ERROR] LogOutputStream:75 - [STDERR_REDIRECT] [Fatal Error] :1:1: Premature end of file.
2026-10-04 20:27:08,350 [ERROR] LogOutputStream:75 - [STDERR_REDIRECT] 
2026-10-04 20:27:09,336 [ERROR] LogOutputStream:75 - [STDERR_REDIRECT] [Fatal Error] :1:1: Premature end of file.
2026-10-04 20:27:09,336 [ERROR] LogOutputStream:75 - [STDERR_REDIRECT] 
2026-10-04 20:27:10,341 [ERROR] LogOutputStream:75 - [STDERR_REDIRECT] [Fatal Error] :1:1: Premature end of file.
2026-10-04 20:27:10,341 [ERROR] LogOutputStream:75 - [STDERR_REDIRECT] 
2026-10-04 20:27:11,347 [ERROR] LogOutputStream:75 - [STDERR_REDIRECT] [Fatal Error] :1:1: Premature end of file.
2026-10-04 20:27:11,347 [ERROR] LogOutputStream:75 - [STDERR_REDIRECT] 
2026-10-04 20:27:12,335 [ERROR] LogOutputStream:75 - [STDERR_REDIRECT] [Fatal Error] :1:1: Premature end of file.
2026-10-04 20:27:12,336 [ERROR] LogOutputStream:75 - [STDERR_REDIRECT] 
2026-10-04 20:27:13,336 [ERROR] LogOutputStream:75 - [STDERR_REDIRECT] [Fatal Error] :1:1: Premature end of file.
2026-10-04 20:27:13,336 [ERROR] LogOutputStream:75 - [STDERR_REDIRECT] 
2026-10-04 20:27:14,335 [ERROR] LogOutputStream:75 - [STDERR_REDIRECT] [Fatal Error] :1:1: Premature end of file.
2026-10-04 20:27:14,336 [ERROR] LogOutputStream:75 - [STDERR_REDIRECT] 
2026-10-04 20:27:15,334 [ERROR] LogOutputStream:75 - [STDERR_REDIRECT] [Fatal Error] :1:1: Premature end of file.
2026-10-04 20:27:15,335 [ERROR] LogOutputStream:75 - [STDERR_REDIRECT] 
2026-10-04 20:27:16,335 [ERROR] LogOutputStream:75 - [STDERR_REDIRECT] [Fatal Error] :1:1: Premature end of file.
2026-10-04 20:27:16,336 [ERROR] LogOutputStream:75 - [STDERR_REDIRECT] 
2026-10-04 20:27:17,335 [ERROR] LogOutputStream:75 - [STDERR_REDIRECT] [Fatal Error] :1:1: Premature end of file.
2026-10-04 20:27:17,336 [ERROR] LogOutputStream:75 - [STDERR_REDIRECT] 
2026-10-04 20:27:18,334 [ERROR] LogOutputStream:75 - [STDERR_REDIRECT] [Fatal Error] :1:1: Premature end of file.
2026-10-04 20:27:18,335 [ERROR] LogOutputStream:75 - [STDERR_REDIRECT] 
2026-10-04 20:27:19,335 [ERROR] LogOutputStream:75 - [STDERR_REDIRECT] [Fatal Error] :1:1: Premature end of file.
2026-10-04 20:27:19,335 [ERROR] LogOutputStream:75 - [STDERR_REDIRECT] 
2026-10-04 20:27:20,345 [ERROR] LogOutputStream:75 - [STDERR_REDIRECT] [Fatal Error] :1:1: Premature end of file.
2026-10-04 20:27:20,345 [ERROR] LogOutputStream:75 - [STDERR_REDIRECT] 
2026-10-04 20:27:21,335 [ERROR] LogOutputStream:75 - [STDERR_REDIRECT] [Fatal Error] :1:1: Premature end of file.
2026-10-04 20:27:21,335 [ERROR] LogOutputStream:75 - [STDERR_REDIRECT] 
2026-10-04 20:27:22,349 [ERROR] LogOutputStream:75 - [STDERR_REDIRECT] [Fatal Error] :1:1: Premature end of file.
2026-10-04 20:27:22,349 [ERROR] LogOutputStream:75 - [STDERR_REDIRECT] 
2026-10-04 20:27:23,337 [ERROR] LogOutputStream:75 - [STDERR_REDIRECT] [Fatal Error] :1:1: Premature end of file.
2026-10-04 20:27:23,337 [ERROR] LogOutputStream:75 - [STDERR_REDIRECT] 
2026-10-04 20:27:24,341 [ERROR] LogOutputStream:75 - [STDERR_REDIRECT] [Fatal Error] :1:1: Premature end of file.
2026-10-04 20:27:24,341 [ERROR] LogOutputStream:75 - [STDERR_REDIRECT] 
2026-10-04 20:27:25,345 [ERROR] LogOutputStream:75 - [STDERR_REDIRECT] [Fatal Error] :1:1: Premature end of file.
2026-10-04 20:27:25,345 [ERROR] LogOutputStream:75 - [STDERR_REDIRECT] 
2026-10-04 20:27:26,347 [ERROR] LogOutputStream:75 - [STDERR_REDIRECT] [Fatal Error] :1:1: Premature end of file.
2026-10-04 20:27:26,347 [ERROR] LogOutputStream:75 - [STDERR_REDIRECT] 
2026-10-04 20:27:27,344 [ERROR] LogOutputStream:75 - [STDERR_REDIRECT] [Fatal Error] :1:1: Premature end of file.
2026-10-04 20:27:27,344 [ERROR] LogOutputStream:75 - [STDERR_REDIRECT] 
2026-10-04 20:27:28,336 [ERROR] LogOutputStream:75 - [STDERR_REDIRECT] [Fatal Error] :1:1: Premature end of file.
2026-10-04 20:27:28,336 [ERROR] LogOutputStream:75 - [STDERR_REDIRECT] 
2026-10-04 20:27:29,335 [ERROR] LogOutputStream:75 - [STDERR_REDIRECT] [Fatal Error] :1:1: Premature end of file.
2026-10-04 20:27:29,335 [ERROR] LogOutputStream:75 - [STDERR_REDIRECT] 
2026-10-04 20:27:30,333 [ERROR] LogOutputStream:75 - [STDERR_REDIRECT] [Fatal Error] :1:1: Premature end of file.
2026-10-04 20:27:30,334 [ERROR] LogOutputStream:75 - [STDERR_REDIRECT] 
2026-10-04 20:27:31,336 [ERROR] LogOutputStream:75 - [STDERR_REDIRECT] [Fatal Error] :1:1: Premature end of file.
2026-10-04 20:27:31,337 [ERROR] LogOutputStream:75 - [STDERR_REDIRECT] 
2026-10-04 20:27:32,336 [ERROR] LogOutputStream:75 - [STDERR_REDIRECT] [Fatal Error] :1:1: Premature end of file.
2026-10-04 20:27:32,336 [ERROR] LogOutputStream:75 - [STDERR_REDIRECT] 
2026-10-04 20:27:33,336 [ERROR] LogOutputStream:75 - [STDERR_REDIRECT] [Fatal Error] :1:1: Premature end of file.
2026-10-04 20:27:33,336 [ERROR] LogOutputStream:75 - [STDERR_REDIRECT] 
2026-10-04 20:27:34,335 [ERROR] LogOutputStream:75 - [STDERR_REDIRECT] [Fatal Error] :1:1: Premature end of file.
2026-10-04 20:27:34,336 [ERROR] LogOutputStream:75 - [STDERR_REDIRECT] 
2026-10-04 20:27:35,336 [ERROR] LogOutputStream:75 - [STDERR_REDIRECT] [Fatal Error] :1:1: Premature end of file.
2026-10-04 20:27:35,336 [ERROR] LogOutputStream:75 - [STDERR_REDIRECT] 
2026-10-04 20:27:36,344 [ERROR] LogOutputStream:75 - [STDERR_REDIRECT] [Fatal Error] :1:1: Premature end of file.
2026-10-04 20:27:36,344 [ERROR] LogOutputStream:75 - [STDERR_REDIRECT] 
2026-10-04 20:27:37,346 [ERROR] LogOutputStream:75 - [STDERR_REDIRECT] [Fatal Error] :1:1: Premature end of file.
2026-10-04 20:27:37,346 [ERROR] LogOutputStream:75 - [STDERR_REDIRECT] 
2026-10-04 20:27:38,350 [ERROR] LogOutputStream:75 - [STDERR_REDIRECT] [Fatal Error] :1:1: Premature end of file.
2026-10-04 20:27:38,350 [ERROR] LogOutputStream:75 - [STDERR_REDIRECT] 
2026-10-04 20:27:39,339 [ERROR] LogOutputStream:75 - [STDERR_REDIRECT] [Fatal Error] :1:1: Premature end of file.
2026-10-04 20:27:39,339 [ERROR] LogOutputStream:75 - [STDERR_REDIRECT] 
2026-10-04 20:27:40,351 [ERROR] LogOutputStream:75 - [STDERR_REDIRECT] [Fatal Error] :1:1: Premature end of file.
2026-10-04 20:27:40,351 [ERROR] LogOutputStream:75 - [STDERR_REDIRECT] 
2026-10-04 20:27:41,338 [ERROR] LogOutputStream:75 - [STDERR_REDIRECT] [Fatal Error] :1:1: Premature end of file.
2026-10-04 20:27:41,338 [ERROR] LogOutputStream:75 - [STDERR_REDIRECT] 
2026-10-04 20:27:42,343 [ERROR] LogOutputStream:75 - [STDERR_REDIRECT] [Fatal Error] :1:1: Premature end of file.
2026-10-04 20:27:42,343 [ERROR] LogOutputStream:75 - [STDERR_REDIRECT] 
2026-10-04 20:27:43,343 [ERROR] LogOutputStream:75 - [STDERR_REDIRECT] [Fatal Error] :1:1: Premature end of file.
2026-10-04 20:27:43,343 [ERROR] LogOutputStream:75 - [STDERR_REDIRECT] 
2026-10-04 20:27:44,351 [ERROR] LogOutputStream:75 - [STDERR_REDIRECT] [Fatal Error] :1:1: Premature end of file.
2026-10-04 20:27:44,351 [ERROR] LogOutputStream:75 - [STDERR_REDIRECT] 
2026-10-04 20:27:45,349 [ERROR] LogOutputStream:75 - [STDERR_REDIRECT] [Fatal Error] :1:1: Premature end of file.
2026-10-04 20:27:45,349 [ERROR] LogOutputStream:75 - [STDERR_REDIRECT] 
2026-10-04 20:27:46,344 [ERROR] LogOutputStream:75 - [STDERR_REDIRECT] [Fatal Error] :1:1: Premature end of file.
2026-10-04 20:27:46,344 [ERROR] LogOutputStream:75 - [STDERR_REDIRECT] 
2026-10-04 20:27:47,344 [ERROR] LogOutputStream:75 - [STDERR_REDIRECT] [Fatal Error] :1:1: Premature end of file.
2026-10-04 20:27:47,344 [ERROR] LogOutputStream:75 - [STDERR_REDIRECT] 
2026-10-04 20:27:48,347 [ERROR] LogOutputStream:75 - [STDERR_REDIRECT] [Fatal Error] :1:1: Premature end of file.
2026-10-04 20:27:48,347 [ERROR] LogOutputStream:75 - [STDERR_REDIRECT] 
2026-10-04 20:27:49,339 [ERROR] LogOutputStream:75 - [STDERR_REDIRECT] [Fatal Error] :1:1: Premature end of file.
2026-10-04 20:27:49,339 [ERROR] LogOutputStream:75 - [STDERR_REDIRECT] 
2026-10-04 20:27:50,350 [ERROR] LogOutputStream:75 - [STDERR_REDIRECT] [Fatal Error] :1:1: Premature end of file.
2026-10-04 20:27:50,351 [ERROR] LogOutputStream:75 - [STDERR_REDIRECT] 
2026-10-04 20:27:51,341 [ERROR] LogOutputStream:75 - [STDERR_REDIRECT] [Fatal Error] :1:1: Premature end of file.
2026-10-04 20:27:51,341 [ERROR] LogOutputStream:75 - [STDERR_REDIRECT] 
2026-10-04 20:27:52,341 [ERROR] LogOutputStream:75 - [STDERR_REDIRECT] [Fatal Error] :1:1: Premature end of file.
2026-10-04 20:27:52,341 [ERROR] LogOutputStream:75 - [STDERR_REDIRECT] 
2026-10-04 20:27:53,344 [ERROR] LogOutputStream:75 - [STDERR_REDIRECT] [Fatal Error] :1:1: Premature end of file.
2026-10-04 20:27:53,344 [ERROR] LogOutputStream:75 - [STDERR_REDIRECT] 
2026-10-04 20:27:54,341 [ERROR] LogOutputStream:75 - [STDERR_REDIRECT] [Fatal Error] :1:1: Premature end of file.
2026-10-04 20:27:54,341 [ERROR] LogOutputStream:75 - [STDERR_REDIRECT] 
2026-10-04 20:27:55,344 [ERROR] LogOutputStream:75 - [STDERR_REDIRECT] [Fatal Error] :1:1: Premature end of file.
2026-10-04 20:27:55,344 [ERROR] LogOutputStream:75 - [STDERR_REDIRECT] 
2026-10-04 20:27:56,346 [ERROR] LogOutputStream:75 - [STDERR_REDIRECT] [Fatal Error] :1:1: Premature end of file.
2026-10-04 20:27:56,346 [ERROR] LogOutputStream:75 - [STDERR_REDIRECT] 
2026-10-04 20:27:57,349 [ERROR] LogOutputStream:75 - [STDERR_REDIRECT] [Fatal Error] :1:1: Premature end of file.
2026-10-04 20:27:57,349 [ERROR] LogOutputStream:75 - [STDERR_REDIRECT] 
2026-10-04 20:27:58,348 [ERROR] LogOutputStream:75 - [STDERR_REDIRECT] [Fatal Error] :1:1: Premature end of file.
2026-10-04 20:27:58,348 [ERROR] LogOutputStream:75 - [STDERR_REDIRECT] 
2026-10-04 20:27:59,345 [ERROR] LogOutputStream:75 - [STDERR_REDIRECT] [Fatal Error] :1:1: Premature end of file.
2026-10-04 20:27:59,346 [ERROR] LogOutputStream:75 - [STDERR_REDIRECT] 
2026-10-04 20:28:00,337 [ERROR] LogOutputStream:75 - [STDERR_REDIRECT] [Fatal Error] :1:1: Premature end of file.
2026-10-04 20:28:00,337 [ERROR] LogOutputStream:75 - [STDERR_REDIRECT] 
2026-10-04 20:28:01,338 [ERROR] LogOutputStream:75 - [STDERR_REDIRECT] [Fatal Error] :1:1: Premature end of file.
2026-10-04 20:28:01,338 [ERROR] LogOutputStream:75 - [STDERR_REDIRECT] 
2026-10-04 20:28:02,345 [ERROR] LogOutputStream:75 - [STDERR_REDIRECT] [Fatal Error] :1:1: Premature end of file.
2026-10-04 20:28:02,345 [ERROR] LogOutputStream:75 - [STDERR_REDIRECT] 
2026-10-04 20:28:03,338 [ERROR] LogOutputStream:75 - [STDERR_REDIRECT] [Fatal Error] :1:1: Premature end of file.
2026-10-04 20:28:03,338 [ERROR] LogOutputStream:75 - [STDERR_REDIRECT] 
2026-10-04 20:28:04,337 [ERROR] LogOutputStream:75 - [STDERR_REDIRECT] [Fatal Error] :1:1: Premature end of file.
2026-10-04 20:28:04,337 [ERROR] LogOutputStream:75 - [STDERR_REDIRECT] 
2026-10-04 20:28:05,335 [ERROR] LogOutputStream:75 - [STDERR_REDIRECT] [Fatal Error] :1:1: Premature end of file.
2026-10-04 20:28:05,335 [ERROR] LogOutputStream:75 - [STDERR_REDIRECT] 
2026-10-04 20:28:06,349 [ERROR] LogOutputStream:75 - [STDERR_REDIRECT] [Fatal Error] :1:1: Premature end of file.
2026-10-04 20:28:06,349 [ERROR] LogOutputStream:75 - [STDERR_REDIRECT] 
2026-10-04 20:28:07,349 [ERROR] LogOutputStream:75 - [STDERR_REDIRECT] [Fatal Error] :1:1: Premature end of file.
2026-10-04 20:28:07,349 [ERROR] LogOutputStream:75 - [STDERR_REDIRECT] 
2026-10-04 20:28:08,337 [ERROR] LogOutputStream:75 - [STDERR_REDIRECT] [Fatal Error] :1:1: Premature end of file.
2026-10-04 20:28:08,337 [ERROR] LogOutputStream:75 - [STDERR_REDIRECT] 
2026-10-04 20:28:09,342 [ERROR] LogOutputStream:75 - [STDERR_REDIRECT] [Fatal Error] :1:1: Premature end of file.
2026-10-04 20:28:09,342 [ERROR] LogOutputStream:75 - [STDERR_REDIRECT] 
2026-10-04 20:28:10,341 [ERROR] LogOutputStream:75 - [STDERR_REDIRECT] [Fatal Error] :1:1: Premature end of file.
2026-10-04 20:28:10,341 [ERROR] LogOutputStream:75 - [STDERR_REDIRECT] 
2026-10-04 20:28:11,337 [ERROR] LogOutputStream:75 - [STDERR_REDIRECT] [Fatal Error] :1:1: Premature end of file.
2026-10-04 20:28:11,337 [ERROR] LogOutputStream:75 - [STDERR_REDIRECT] 
2026-10-04 20:28:12,337 [ERROR] LogOutputStream:75 - [STDERR_REDIRECT] [Fatal Error] :1:1: Premature end of file.
2026-10-04 20:28:12,337 [ERROR] LogOutputStream:75 - [STDERR_REDIRECT] 
2026-10-04 20:28:13,337 [ERROR] LogOutputStream:75 - [STDERR_REDIRECT] [Fatal Error] :1:1: Premature end of file.
2026-10-04 20:28:13,337 [ERROR] LogOutputStream:75 - [STDERR_REDIRECT] 
2026-10-04 20:28:14,340 [ERROR] LogOutputStream:75 - [STDERR_REDIRECT] [Fatal Error] :1:1: Premature end of file.
2026-10-04 20:28:14,340 [ERROR] LogOutputStream:75 - [STDERR_REDIRECT] 
2026-10-04 20:28:15,341 [ERROR] LogOutputStream:75 - [STDERR_REDIRECT] [Fatal Error] :1:1: Premature end of file.
2026-10-04 20:28:15,341 [ERROR] LogOutputStream:75 - [STDERR_REDIRECT] 
2026-10-04 20:28:16,340 [ERROR] LogOutputStream:75 - [STDERR_REDIRECT] [Fatal Error] :1:1: Premature end of file.
2026-10-04 20:28:16,340 [ERROR] LogOutputStream:75 - [STDERR_REDIRECT] 
2026-10-04 20:28:17,336 [ERROR] LogOutputStream:75 - [STDERR_REDIRECT] [Fatal Error] :1:1: Premature end of file.
2026-10-04 20:28:17,336 [ERROR] LogOutputStream:75 - [STDERR_REDIRECT] 
2026-10-04 20:28:18,335 [ERROR] LogOutputStream:75 - [STDERR_REDIRECT] [Fatal Error] :1:1: Premature end of file.
2026-10-04 20:28:18,336 [ERROR] LogOutputStream:75 - [STDERR_REDIRECT] 
2026-10-04 20:28:19,335 [ERROR] LogOutputStream:75 - [STDERR_REDIRECT] [Fatal Error] :1:1: Premature end of file.
2026-10-04 20:28:19,336 [ERROR] LogOutputStream:75 - [STDERR_REDIRECT] 
2026-10-04 20:28:20,350 [ERROR] LogOutputStream:75 - [STDERR_REDIRECT] [Fatal Error] :1:1: Premature end of file.
2026-10-04 20:28:20,350 [ERROR] LogOutputStream:75 - [STDERR_REDIRECT] 
2026-10-04 20:28:21,346 [ERROR] LogOutputStream:75 - [STDERR_REDIRECT] [Fatal Error] :1:1: Premature end of file.
2026-10-04 20:28:21,346 [ERROR] LogOutputStream:75 - [STDERR_REDIRECT] 
2026-10-04 20:28:22,346 [ERROR] LogOutputStream:75 - [STDERR_REDIRECT] [Fatal Error] :1:1: Premature end of file.
2026-10-04 20:28:22,346 [ERROR] LogOutputStream:75 - [STDERR_REDIRECT] 
2026-10-04 20:28:23,342 [ERROR] LogOutputStream:75 - [STDERR_REDIRECT] [Fatal Error] :1:1: Premature end of file.
2026-10-04 20:28:23,342 [ERROR] LogOutputStream:75 - [STDERR_REDIRECT] 
2026-10-04 20:28:24,346 [ERROR] LogOutputStream:75 - [STDERR_REDIRECT] [Fatal Error] :1:1: Premature end of file.
2026-10-04 20:28:24,346 [ERROR] LogOutputStream:75 - [STDERR_REDIRECT] 
2026-10-04 20:28:25,346 [ERROR] LogOutputStream:75 - [STDERR_REDIRECT] [Fatal Error] :1:1: Premature end of file.
2026-10-04 20:28:25,347 [ERROR] LogOutputStream:75 - [STDERR_REDIRECT] 
2026-10-04 20:28:26,349 [ERROR] LogOutputStream:75 - [STDERR_REDIRECT] [Fatal Error] :1:1: Premature end of file.
2026-10-04 20:28:26,349 [ERROR] LogOutputStream:75 - [STDERR_REDIRECT] 
2026-10-04 20:28:27,339 [ERROR] LogOutputStream:75 - [STDERR_REDIRECT] [Fatal Error] :1:1: Premature end of file.
2026-10-04 20:28:27,339 [ERROR] LogOutputStream:75 - [STDERR_REDIRECT] 
2026-10-04 20:28:28,344 [ERROR] LogOutputStream:75 - [STDERR_REDIRECT] [Fatal Error] :1:1: Premature end of file.
2026-10-04 20:28:28,344 [ERROR] LogOutputStream:75 - [STDERR_REDIRECT] 
2026-10-04 20:28:29,346 [ERROR] LogOutputStream:75 - [STDERR_REDIRECT] [Fatal Error] :1:1: Premature end of file.
2026-10-04 20:28:29,346 [ERROR] LogOutputStream:75 - [STDERR_REDIRECT] 
2026-10-04 20:28:30,350 [ERROR] LogOutputStream:75 - [STDERR_REDIRECT] [Fatal Error] :1:1: Premature end of file.
2026-10-04 20:28:30,350 [ERROR] LogOutputStream:75 - [STDERR_REDIRECT] 
2026-10-04 20:28:31,340 [ERROR] LogOutputStream:75 - [STDERR_REDIRECT] [Fatal Error] :1:1: Premature end of file.
2026-10-04 20:28:31,340 [ERROR] LogOutputStream:75 - [STDERR_REDIRECT] 
2026-10-04 20:28:32,351 [ERROR] LogOutputStream:75 - [STDERR_REDIRECT] [Fatal Error] :1:1: Premature end of file.
2026-10-04 20:28:32,352 [ERROR] LogOutputStream:75 - [STDERR_REDIRECT] 
2026-10-04 20:28:33,342 [ERROR] LogOutputStream:75 - [STDERR_REDIRECT] [Fatal Error] :1:1: Premature end of file.
2026-10-04 20:28:33,342 [ERROR] LogOutputStream:75 - [STDERR_REDIRECT] 
2026-10-04 20:28:34,343 [ERROR] LogOutputStream:75 - [STDERR_REDIRECT] [Fatal Error] :1:1: Premature end of file.
2026-10-04 20:28:34,344 [ERROR] LogOutputStream:75 - [STDERR_REDIRECT] 
2026-10-04 20:28:35,344 [ERROR] LogOutputStream:75 - [STDERR_REDIRECT] [Fatal Error] :1:1: Premature end of file.
2026-10-04 20:28:35,344 [ERROR] LogOutputStream:75 - [STDERR_REDIRECT] 
2026-10-04 20:28:36,348 [ERROR] LogOutputStream:75 - [STDERR_REDIRECT] [Fatal Error] :1:1: Premature end of file.
2026-10-04 20:28:36,348 [ERROR] LogOutputStream:75 - [STDERR_REDIRECT] 
2026-10-04 20:28:37,337 [ERROR] LogOutputStream:75 - [STDERR_REDIRECT] [Fatal Error] :1:1: Premature end of file.
2026-10-04 20:28:37,337 [ERROR] LogOutputStream:75 - [STDERR_REDIRECT] 
2026-10-04 20:28:38,345 [ERROR] LogOutputStream:75 - [STDERR_REDIRECT] [Fatal Error] :1:1: Premature end of file.
2026-10-04 20:28:38,345 [ERROR] LogOutputStream:75 - [STDERR_REDIRECT] 
2026-10-04 20:28:39,346 [ERROR] LogOutputStream:75 - [STDERR_REDIRECT] [Fatal Error] :1:1: Premature end of file.
2026-10-04 20:28:39,346 [ERROR] LogOutputStream:75 - [STDERR_REDIRECT] 
2026-10-04 20:28:40,334 [ERROR] LogOutputStream:75 - [STDERR_REDIRECT] [Fatal Error] :1:1: Premature end of file.
2026-10-04 20:28:40,335 [ERROR] LogOutputStream:75 - [STDERR_REDIRECT] 
2026-10-04 20:28:41,341 [ERROR] LogOutputStream:75 - [STDERR_REDIRECT] [Fatal Error] :1:1: Premature end of file.
2026-10-04 20:28:41,341 [ERROR] LogOutputStream:75 - [STDERR_REDIRECT] 
2026-10-04 20:28:42,343 [ERROR] LogOutputStream:75 - [STDERR_REDIRECT] [Fatal Error] :1:1: Premature end of file.
2026-10-04 20:28:42,343 [ERROR] LogOutputStream:75 - [STDERR_REDIRECT] 
2026-10-04 20:28:43,352 [ERROR] LogOutputStream:75 - [STDERR_REDIRECT] [Fatal Error] :1:1: Premature end of file.
2026-10-04 20:28:43,352 [ERROR] LogOutputStream:75 - [STDERR_REDIRECT] 
2026-10-04 20:28:44,338 [ERROR] LogOutputStream:75 - [STDERR_REDIRECT] [Fatal Error] :1:1: Premature end of file.
2026-10-04 20:28:44,339 [ERROR] LogOutputStream:75 - [STDERR_REDIRECT] 
2026-10-04 20:28:45,342 [ERROR] LogOutputStream:75 - [STDERR_REDIRECT] [Fatal Error] :1:1: Premature end of file.
2026-10-04 20:28:45,343 [ERROR] LogOutputStream:75 - [STDERR_REDIRECT] 
2026-10-04 20:28:46,336 [ERROR] LogOutputStream:75 - [STDERR_REDIRECT] [Fatal Error] :1:1: Premature end of file.
2026-10-04 20:28:46,336 [ERROR] LogOutputStream:75 - [STDERR_REDIRECT] 
2026-10-04 20:28:47,341 [ERROR] LogOutputStream:75 - [STDERR_REDIRECT] [Fatal Error] :1:1: Premature end of file.
2026-10-04 20:28:47,341 [ERROR] LogOutputStream:75 - [STDERR_REDIRECT] 
2026-10-04 20:28:48,342 [ERROR] LogOutputStream:75 - [STDERR_REDIRECT] [Fatal Error] :1:1: Premature end of file.
2026-10-04 20:28:48,342 [ERROR] LogOutputStream:75 - [STDERR_REDIRECT] 
2026-10-04 20:28:49,341 [ERROR] LogOutputStream:75 - [STDERR_REDIRECT] [Fatal Error] :1:1: Premature end of file.
2026-10-04 20:28:49,342 [ERROR] LogOutputStream:75 - [STDERR_REDIRECT] 
2026-10-04 20:28:50,339 [ERROR] LogOutputStream:75 - [STDERR_REDIRECT] [Fatal Error] :1:1: Premature end of file.
2026-10-04 20:28:50,340 [ERROR] LogOutputStream:75 - [STDERR_REDIRECT] 
2026-10-04 20:28:51,344 [ERROR] LogOutputStream:75 - [STDERR_REDIRECT] [Fatal Error] :1:1: Premature end of file.
2026-10-04 20:28:51,344 [ERROR] LogOutputStream:75 - [STDERR_REDIRECT] 
2026-10-04 20:28:52,343 [ERROR] LogOutputStream:75 - [STDERR_REDIRECT] [Fatal Error] :1:1: Premature end of file.
2026-10-04 20:28:52,343 [ERROR] LogOutputStream:75 - [STDERR_REDIRECT] 
2026-10-04 20:28:53,349 [ERROR] LogOutputStream:75 - [STDERR_REDIRECT] [Fatal Error] :1:1: Premature end of file.
2026-10-04 20:28:53,349 [ERROR] LogOutputStream:75 - [STDERR_REDIRECT] 
2026-10-04 20:28:54,348 [ERROR] LogOutputStream:75 - [STDERR_REDIRECT] [Fatal Error] :1:1: Premature end of file.
2026-10-04 20:28:54,348 [ERROR] LogOutputStream:75 - [STDERR_REDIRECT] 
2026-10-04 20:28:55,342 [ERROR] LogOutputStream:75 - [STDERR_REDIRECT] [Fatal Error] :1:1: Premature end of file.
2026-10-04 20:28:55,342 [ERROR] LogOutputStream:75 - [STDERR_REDIRECT] 
2026-10-04 20:28:56,348 [ERROR] LogOutputStream:75 - [STDERR_REDIRECT] [Fatal Error] :1:1: Premature end of file.
2026-10-04 20:28:56,349 [ERROR] LogOutputStream:75 - [STDERR_REDIRECT] 
2026-10-04 20:28:57,345 [ERROR] LogOutputStream:75 - [STDERR_REDIRECT] [Fatal Error] :1:1: Premature end of file.
2026-10-04 20:28:57,347 [ERROR] LogOutputStream:75 - [STDERR_REDIRECT] 
2026-10-04 20:28:58,343 [ERROR] LogOutputStream:75 - [STDERR_REDIRECT] [Fatal Error] :1:1: Premature end of file.
2026-10-04 20:28:58,343 [ERROR] LogOutputStream:75 - [STDERR_REDIRECT] 
2026-10-04 20:28:59,338 [ERROR] LogOutputStream:75 - [STDERR_REDIRECT] [Fatal Error] :1:1: Premature end of file.
2026-10-04 20:28:59,339 [ERROR] LogOutputStream:75 - [STDERR_REDIRECT] 
2026-10-04 20:29:00,341 [ERROR] LogOutputStream:75 - [STDERR_REDIRECT] [Fatal Error] :1:1: Premature end of file.
2026-10-04 20:29:00,341 [ERROR] LogOutputStream:75 - [STDERR_REDIRECT] 
2026-10-04 20:29:01,350 [ERROR] LogOutputStream:75 - [STDERR_REDIRECT] [Fatal Error] :1:1: Premature end of file.
2026-10-04 20:29:01,350 [ERROR] LogOutputStream:75 - [STDERR_REDIRECT] 
2026-10-04 20:29:02,335 [ERROR] LogOutputStream:75 - [STDERR_REDIRECT] [Fatal Error] :1:1: Premature end of file.
2026-10-04 20:29:02,335 [ERROR] LogOutputStream:75 - [STDERR_REDIRECT] 
2026-10-04 20:29:03,336 [ERROR] LogOutputStream:75 - [STDERR_REDIRECT] [Fatal Error] :1:1: Premature end of file.
2026-10-04 20:29:03,336 [ERROR] LogOutputStream:75 - [STDERR_REDIRECT] 
2026-10-04 20:29:04,341 [ERROR] LogOutputStream:75 - [STDERR_REDIRECT] [Fatal Error] :1:1: Premature end of file.
2026-10-04 20:29:04,341 [ERROR] LogOutputStream:75 - [STDERR_REDIRECT] 
2026-10-04 20:29:05,339 [ERROR] LogOutputStream:75 - [STDERR_REDIRECT] [Fatal Error] :1:1: Premature end of file.
2026-10-04 20:29:05,339 [ERROR] LogOutputStream:75 - [STDERR_REDIRECT] 
2026-10-04 20:29:06,340 [ERROR] LogOutputStream:75 - [STDERR_REDIRECT] [Fatal Error] :1:1: Premature end of file.
2026-10-04 20:29:06,340 [ERROR] LogOutputStream:75 - [STDERR_REDIRECT] 
2026-10-04 20:29:07,339 [ERROR] LogOutputStream:75 - [STDERR_REDIRECT] [Fatal Error] :1:1: Premature end of file.
2026-10-04 20:29:07,339 [ERROR] LogOutputStream:75 - [STDERR_REDIRECT] 
2026-10-04 20:29:08,340 [ERROR] LogOutputStream:75 - [STDERR_REDIRECT] [Fatal Error] :1:1: Premature end of file.
2026-10-04 20:29:08,340 [ERROR] LogOutputStream:75 - [STDERR_REDIRECT] 
2026-10-04 20:29:09,343 [ERROR] LogOutputStream:75 - [STDERR_REDIRECT] [Fatal Error] :1:1: Premature end of file.
2026-10-04 20:29:09,343 [ERROR] LogOutputStream:75 - [STDERR_REDIRECT] 
2026-10-04 20:29:10,347 [ERROR] LogOutputStream:75 - [STDERR_REDIRECT] [Fatal Error] :1:1: Premature end of file.
2026-10-04 20:29:10,347 [ERROR] LogOutputStream:75 - [STDERR_REDIRECT] 
2026-10-04 20:29:11,338 [ERROR] LogOutputStream:75 - [STDERR_REDIRECT] [Fatal Error] :1:1: Premature end of file.
2026-10-04 20:29:11,338 [ERROR] LogOutputStream:75 - [STDERR_REDIRECT] 
2026-10-04 20:29:12,347 [ERROR] LogOutputStream:75 - [STDERR_REDIRECT] [Fatal Error] :1:1: Premature end of file.
2026-10-04 20:29:12,347 [ERROR] LogOutputStream:75 - [STDERR_REDIRECT] 
2026-10-04 20:29:13,343 [ERROR] LogOutputStream:75 - [STDERR_REDIRECT] [Fatal Error] :1:1: Premature end of file.
2026-10-04 20:29:13,343 [ERROR] LogOutputStream:75 - [STDERR_REDIRECT] 
2026-10-04 20:29:14,336 [ERROR] LogOutputStream:75 - [STDERR_REDIRECT] [Fatal Error] :1:1: Premature end of file.
2026-10-04 20:29:14,336 [ERROR] LogOutputStream:75 - [STDERR_REDIRECT] 
2026-10-04 20:29:15,339 [ERROR] LogOutputStream:75 - [STDERR_REDIRECT] [Fatal Error] :1:1: Premature end of file.
2026-10-04 20:29:15,339 [ERROR] LogOutputStream:75 - [STDERR_REDIRECT] 
2026-10-04 20:29:16,347 [ERROR] LogOutputStream:75 - [STDERR_REDIRECT] [Fatal Error] :1:1: Premature end of file.
2026-10-04 20:29:16,347 [ERROR] LogOutputStream:75 - [STDERR_REDIRECT] 
2026-10-04 20:29:17,347 [ERROR] LogOutputStream:75 - [STDERR_REDIRECT] [Fatal Error] :1:1: Premature end of file.
2026-10-04 20:29:17,347 [ERROR] LogOutputStream:75 - [STDERR_REDIRECT] 
2026-10-04 20:29:18,335 [ERROR] LogOutputStream:75 - [STDERR_REDIRECT] [Fatal Error] :1:1: Premature end of file.
2026-10-04 20:29:18,335 [ERROR] LogOutputStream:75 - [STDERR_REDIRECT] 
2026-10-04 20:29:19,336 [ERROR] LogOutputStream:75 - [STDERR_REDIRECT] [Fatal Error] :1:1: Premature end of file.
2026-10-04 20:29:19,336 [ERROR] LogOutputStream:75 - [STDERR_REDIRECT] 
2026-10-04 20:29:20,336 [ERROR] LogOutputStream:75 - [STDERR_REDIRECT] [Fatal Error] :1:1: Premature end of file.
2026-10-04 20:29:20,337 [ERROR] LogOutputStream:75 - [STDERR_REDIRECT] 
2026-10-04 20:29:21,338 [ERROR] LogOutputStream:75 - [STDERR_REDIRECT] [Fatal Error] :1:1: Premature end of file.
2026-10-04 20:29:21,338 [ERROR] LogOutputStream:75 - [STDERR_REDIRECT] 
2026-10-04 20:29:22,339 [ERROR] LogOutputStream:75 - [STDERR_REDIRECT] [Fatal Error] :1:1: Premature end of file.
2026-10-04 20:29:22,339 [ERROR] LogOutputStream:75 - [STDERR_REDIRECT] 
2026-10-04 20:29:23,339 [ERROR] LogOutputStream:75 - [STDERR_REDIRECT] [Fatal Error] :1:1: Premature end of file.
2026-10-04 20:29:23,339 [ERROR] LogOutputStream:75 - [STDERR_REDIRECT] 
2026-10-04 20:29:24,340 [ERROR] LogOutputStream:75 - [STDERR_REDIRECT] [Fatal Error] :1:1: Premature end of file.
2026-10-04 20:29:24,340 [ERROR] LogOutputStream:75 - [STDERR_REDIRECT] 
2026-10-04 20:29:25,342 [ERROR] LogOutputStream:75 - [STDERR_REDIRECT] [Fatal Error] :1:1: Premature end of file.
2026-10-04 20:29:25,343 [ERROR] LogOutputStream:75 - [STDERR_REDIRECT] 
2026-10-04 20:29:26,346 [ERROR] LogOutputStream:75 - [STDERR_REDIRECT] [Fatal Error] :1:1: Premature end of file.
2026-10-04 20:29:26,346 [ERROR] LogOutputStream:75 - [STDERR_REDIRECT] 
2026-10-04 20:29:27,345 [ERROR] LogOutputStream:75 - [STDERR_REDIRECT] [Fatal Error] :1:1: Premature end of file.
2026-10-04 20:29:27,345 [ERROR] LogOutputStream:75 - [STDERR_REDIRECT] 
2026-10-04 20:29:28,343 [ERROR] LogOutputStream:75 - [STDERR_REDIRECT] [Fatal Error] :1:1: Premature end of file.
2026-10-04 20:29:28,344 [ERROR] LogOutputStream:75 - [STDERR_REDIRECT] 
2026-10-04 20:29:29,343 [ERROR] LogOutputStream:75 - [STDERR_REDIRECT] [Fatal Error] :1:1: Premature end of file.
2026-10-04 20:29:29,344 [ERROR] LogOutputStream:75 - [STDERR_REDIRECT] 
2026-10-04 20:29:30,345 [ERROR] LogOutputStream:75 - [STDERR_REDIRECT] [Fatal Error] :1:1: Premature end of file.
2026-10-04 20:29:30,345 [ERROR] LogOutputStream:75 - [STDERR_REDIRECT] 
2026-10-04 20:29:31,342 [ERROR] LogOutputStream:75 - [STDERR_REDIRECT] [Fatal Error] :1:1: Premature end of file.
2026-10-04 20:29:31,343 [ERROR] LogOutputStream:75 - [STDERR_REDIRECT] 
2026-10-04 20:29:32,348 [ERROR] LogOutputStream:75 - [STDERR_REDIRECT] [Fatal Error] :1:1: Premature end of file.
2026-10-04 20:29:32,348 [ERROR] LogOutputStream:75 - [STDERR_REDIRECT] 
2026-10-04 20:29:33,344 [ERROR] LogOutputStream:75 - [STDERR_REDIRECT] [Fatal Error] :1:1: Premature end of file.
2026-10-04 20:29:33,344 [ERROR] LogOutputStream:75 - [STDERR_REDIRECT] 
2026-10-04 20:29:34,351 [ERROR] LogOutputStream:75 - [STDERR_REDIRECT] [Fatal Error] :1:1: Premature end of file.
2026-10-04 20:29:34,351 [ERROR] LogOutputStream:75 - [STDERR_REDIRECT] 
2026-10-04 20:29:35,350 [ERROR] LogOutputStream:75 - [STDERR_REDIRECT] [Fatal Error] :1:1: Premature end of file.
2026-10-04 20:29:35,350 [ERROR] LogOutputStream:75 - [STDERR_REDIRECT] 
2026-10-04 20:29:36,342 [ERROR] LogOutputStream:75 - [STDERR_REDIRECT] [Fatal Error] :1:1: Premature end of file.
2026-10-04 20:29:36,342 [ERROR] LogOutputStream:75 - [STDERR_REDIRECT] 
2026-10-04 20:29:37,346 [ERROR] LogOutputStream:75 - [STDERR_REDIRECT] [Fatal Error] :1:1: Premature end of file.
2026-10-04 20:29:37,346 [ERROR] LogOutputStream:75 - [STDERR_REDIRECT] 
2026-10-04 20:29:38,350 [ERROR] LogOutputStream:75 - [STDERR_REDIRECT] [Fatal Error] :1:1: Premature end of file.
2026-10-04 20:29:38,350 [ERROR] LogOutputStream:75 - [STDERR_REDIRECT] 
2026-10-04 20:29:39,335 [ERROR] LogOutputStream:75 - [STDERR_REDIRECT] [Fatal Error] :1:1: Premature end of file.
2026-10-04 20:29:39,335 [ERROR] LogOutputStream:75 - [STDERR_REDIRECT] 
2026-10-04 20:29:40,337 [ERROR] LogOutputStream:75 - [STDERR_REDIRECT] [Fatal Error] :1:1: Premature end of file.
2026-10-04 20:29:40,337 [ERROR] LogOutputStream:75 - [STDERR_REDIRECT] 
2026-10-04 20:29:41,347 [ERROR] LogOutputStream:75 - [STDERR_REDIRECT] [Fatal Error] :1:1: Premature end of file.
2026-10-04 20:29:41,347 [ERROR] LogOutputStream:75 - [STDERR_REDIRECT] 
2026-10-04 20:29:42,342 [ERROR] LogOutputStream:75 - [STDERR_REDIRECT] [Fatal Error] :1:1: Premature end of file.
2026-10-04 20:29:42,342 [ERROR] LogOutputStream:75 - [STDERR_REDIRECT] 
2026-10-04 20:29:43,342 [ERROR] LogOutputStream:75 - [STDERR_REDIRECT] [Fatal Error] :1:1: Premature end of file.
2026-10-04 20:29:43,343 [ERROR] LogOutputStream:75 - [STDERR_REDIRECT] 
2026-10-04 20:29:44,343 [ERROR] LogOutputStream:75 - [STDERR_REDIRECT] [Fatal Error] :1:1: Premature end of file.
2026-10-04 20:29:44,343 [ERROR] LogOutputStream:75 - [STDERR_REDIRECT] 
2026-10-04 20:29:45,343 [ERROR] LogOutputStream:75 - [STDERR_REDIRECT] [Fatal Error] :1:1: Premature end of file.
2026-10-04 20:29:45,343 [ERROR] LogOutputStream:75 - [STDERR_REDIRECT] 
2026-10-04 20:29:46,349 [ERROR] LogOutputStream:75 - [STDERR_REDIRECT] [Fatal Error] :1:1: Premature end of file.
2026-10-04 20:29:46,350 [ERROR] LogOutputStream:75 - [STDERR_REDIRECT] 
2026-10-04 20:29:47,352 [ERROR] LogOutputStream:75 - [STDERR_REDIRECT] [Fatal Error] :1:1: Premature end of file.
2026-10-04 20:29:47,352 [ERROR] LogOutputStream:75 - [STDERR_REDIRECT] 
2026-10-04 20:29:48,349 [ERROR] LogOutputStream:75 - [STDERR_REDIRECT] [Fatal Error] :1:1: Premature end of file.
2026-10-04 20:29:48,349 [ERROR] LogOutputStream:75 - [STDERR_REDIRECT] 
2026-10-04 20:29:49,350 [ERROR] LogOutputStream:75 - [STDERR_REDIRECT] [Fatal Error] :1:1: Premature end of file.
2026-10-04 20:29:49,350 [ERROR] LogOutputStream:75 - [STDERR_REDIRECT] 
2026-10-04 20:29:50,339 [ERROR] LogOutputStream:75 - [STDERR_REDIRECT] [Fatal Error] :1:1: Premature end of file.
2026-10-04 20:29:50,339 [ERROR] LogOutputStream:75 - [STDERR_REDIRECT] 
2026-10-04 20:29:51,340 [ERROR] LogOutputStream:75 - [STDERR_REDIRECT] [Fatal Error] :1:1: Premature end of file.
2026-10-04 20:29:51,340 [ERROR] LogOutputStream:75 - [STDERR_REDIRECT] 
2026-10-04 20:29:52,347 [ERROR] LogOutputStream:75 - [STDERR_REDIRECT] [Fatal Error] :1:1: Premature end of file.
2026-10-04 20:29:52,347 [ERROR] LogOutputStream:75 - [STDERR_REDIRECT] 
2026-10-04 20:29:53,340 [ERROR] LogOutputStream:75 - [STDERR_REDIRECT] [Fatal Error] :1:1: Premature end of file.
2026-10-04 20:29:53,341 [ERROR] LogOutputStream:75 - [STDERR_REDIRECT] 
2026-10-04 20:29:54,348 [ERROR] LogOutputStream:75 - [STDERR_REDIRECT] [Fatal Error] :1:1: Premature end of file.
2026-10-04 20:29:54,348 [ERROR] LogOutputStream:75 - [STDERR_REDIRECT] 
2026-10-04 20:29:55,350 [ERROR] LogOutputStream:75 - [STDERR_REDIRECT] [Fatal Error] :1:1: Premature end of file.
2026-10-04 20:29:55,350 [ERROR] LogOutputStream:75 - [STDERR_REDIRECT] 
2026-10-04 20:29:56,349 [ERROR] LogOutputStream:75 - [STDERR_REDIRECT] [Fatal Error] :1:1: Premature end of file.
2026-10-04 20:29:56,349 [ERROR] LogOutputStream:75 - [STDERR_REDIRECT] 
2026-10-04 20:29:57,349 [ERROR] LogOutputStream:75 - [STDERR_REDIRECT] [Fatal Error] :1:1: Premature end of file.
2026-10-04 20:29:57,349 [ERROR] LogOutputStream:75 - [STDERR_REDIRECT] 
2026-10-04 20:29:58,348 [ERROR] LogOutputStream:75 - [STDERR_REDIRECT] [Fatal Error] :1:1: Premature end of file.
2026-10-04 20:29:58,349 [ERROR] LogOutputStream:75 - [STDERR_REDIRECT] 
2026-10-04 20:29:59,344 [ERROR] LogOutputStream:75 - [STDERR_REDIRECT] [Fatal Error] :1:1: Premature end of file.
2026-10-04 20:29:59,344 [ERROR] LogOutputStream:75 - [STDERR_REDIRECT] 
2026-10-04 20:30:00,350 [ERROR] LogOutputStream:75 - [STDERR_REDIRECT] [Fatal Error] :1:1: Premature end of file.
2026-10-04 20:30:00,350 [ERROR] LogOutputStream:75 - [STDERR_REDIRECT] 
2026-10-04 20:30:01,336 [ERROR] LogOutputStream:75 - [STDERR_REDIRECT] [Fatal Error] :1:1: Premature end of file.
2026-10-04 20:30:01,336 [ERROR] LogOutputStream:75 - [STDERR_REDIRECT] 
2026-10-04 20:30:02,343 [ERROR] LogOutputStream:75 - [STDERR_REDIRECT] [Fatal Error] :1:1: Premature end of file.
2026-10-04 20:30:02,343 [ERROR] LogOutputStream:75 - [STDERR_REDIRECT] 
2026-10-04 20:30:03,349 [ERROR] LogOutputStream:75 - [STDERR_REDIRECT] [Fatal Error] :1:1: Premature end of file.
2026-10-04 20:30:03,349 [ERROR] LogOutputStream:75 - [STDERR_REDIRECT] 
2026-10-04 20:30:04,334 [ERROR] LogOutputStream:75 - [STDERR_REDIRECT] [Fatal Error] :1:1: Premature end of file.
2026-10-04 20:30:04,334 [ERROR] LogOutputStream:75 - [STDERR_REDIRECT] 
2026-10-04 20:30:05,336 [ERROR] LogOutputStream:75 - [STDERR_REDIRECT] [Fatal Error] :1:1: Premature end of file.
2026-10-04 20:30:05,336 [ERROR] LogOutputStream:75 - [STDERR_REDIRECT] 
2026-10-04 20:30:06,337 [ERROR] LogOutputStream:75 - [STDERR_REDIRECT] [Fatal Error] :1:1: Premature end of file.
2026-10-04 20:30:06,337 [ERROR] LogOutputStream:75 - [STDERR_REDIRECT] 
2026-10-04 20:30:07,338 [ERROR] LogOutputStream:75 - [STDERR_REDIRECT] [Fatal Error] :1:1: Premature end of file.
2026-10-04 20:30:07,338 [ERROR] LogOutputStream:75 - [STDERR_REDIRECT] 
2026-10-04 20:30:08,342 [ERROR] LogOutputStream:75 - [STDERR_REDIRECT] [Fatal Error] :1:1: Premature end of file.
2026-10-04 20:30:08,342 [ERROR] LogOutputStream:75 - [STDERR_REDIRECT] 
2026-10-04 20:30:09,336 [ERROR] LogOutputStream:75 - [STDERR_REDIRECT] [Fatal Error] :1:1: Premature end of file.
2026-10-04 20:30:09,336 [ERROR] LogOutputStream:75 - [STDERR_REDIRECT] 
2026-10-04 20:30:10,348 [ERROR] LogOutputStream:75 - [STDERR_REDIRECT] [Fatal Error] :1:1: Premature end of file.
2026-10-04 20:30:10,348 [ERROR] LogOutputStream:75 - [STDERR_REDIRECT] 
2026-10-04 20:30:11,347 [ERROR] LogOutputStream:75 - [STDERR_REDIRECT] [Fatal Error] :1:1: Premature end of file.
2026-10-04 20:30:11,347 [ERROR] LogOutputStream:75 - [STDERR_REDIRECT] 
2026-10-04 20:30:12,337 [ERROR] LogOutputStream:75 - [STDERR_REDIRECT] [Fatal Error] :1:1: Premature end of file.
2026-10-04 20:30:12,337 [ERROR] LogOutputStream:75 - [STDERR_REDIRECT] 
2026-10-04 20:30:13,336 [ERROR] LogOutputStream:75 - [STDERR_REDIRECT] [Fatal Error] :1:1: Premature end of file.
2026-10-04 20:30:13,336 [ERROR] LogOutputStream:75 - [STDERR_REDIRECT] 
2026-10-04 20:30:14,337 [ERROR] LogOutputStream:75 - [STDERR_REDIRECT] [Fatal Error] :1:1: Premature end of file.
2026-10-04 20:30:14,337 [ERROR] LogOutputStream:75 - [STDERR_REDIRECT] 
2026-10-04 20:30:15,336 [ERROR] LogOutputStream:75 - [STDERR_REDIRECT] [Fatal Error] :1:1: Premature end of file.
2026-10-04 20:30:15,336 [ERROR] LogOutputStream:75 - [STDERR_REDIRECT] 
2026-10-04 20:30:16,340 [ERROR] LogOutputStream:75 - [STDERR_REDIRECT] [Fatal Error] :1:1: Premature end of file.
2026-10-04 20:30:16,340 [ERROR] LogOutputStream:75 - [STDERR_REDIRECT] 
2026-10-04 20:30:17,338 [ERROR] LogOutputStream:75 - [STDERR_REDIRECT] [Fatal Error] :1:1: Premature end of file.
2026-10-04 20:30:17,338 [ERROR] LogOutputStream:75 - [STDERR_REDIRECT] 
2026-10-04 20:30:18,339 [ERROR] LogOutputStream:75 - [STDERR_REDIRECT] [Fatal Error] :1:1: Premature end of file.
2026-10-04 20:30:18,339 [ERROR] LogOutputStream:75 - [STDERR_REDIRECT] 
2026-10-04 20:30:19,342 [ERROR] LogOutputStream:75 - [STDERR_REDIRECT] [Fatal Error] :1:1: Premature end of file.
2026-10-04 20:30:19,343 [ERROR] LogOutputStream:75 - [STDERR_REDIRECT] 
2026-10-04 20:30:20,347 [ERROR] LogOutputStream:75 - [STDERR_REDIRECT] [Fatal Error] :1:1: Premature end of file.
2026-10-04 20:30:20,347 [ERROR] LogOutputStream:75 - [STDERR_REDIRECT] 
2026-10-04 20:30:21,344 [ERROR] LogOutputStream:75 - [STDERR_REDIRECT] [Fatal Error] :1:1: Premature end of file.
2026-10-04 20:30:21,344 [ERROR] LogOutputStream:75 - [STDERR_REDIRECT] 
2026-10-04 20:30:22,345 [ERROR] LogOutputStream:75 - [STDERR_REDIRECT] [Fatal Error] :1:1: Premature end of file.
2026-10-04 20:30:22,345 [ERROR] LogOutputStream:75 - [STDERR_REDIRECT] 
2026-10-04 20:30:23,350 [ERROR] LogOutputStream:75 - [STDERR_REDIRECT] [Fatal Error] :1:1: Premature end of file.
2026-10-04 20:30:23,350 [ERROR] LogOutputStream:75 - [STDERR_REDIRECT] 
2026-10-04 20:30:24,337 [ERROR] LogOutputStream:75 - [STDERR_REDIRECT] [Fatal Error] :1:1: Premature end of file.
2026-10-04 20:30:24,337 [ERROR] LogOutputStream:75 - [STDERR_REDIRECT] 
2026-10-04 20:30:25,342 [ERROR] LogOutputStream:75 - [STDERR_REDIRECT] [Fatal Error] :1:1: Premature end of file.
2026-10-04 20:30:25,342 [ERROR] LogOutputStream:75 - [STDERR_REDIRECT] 
2026-10-04 20:30:26,345 [ERROR] LogOutputStream:75 - [STDERR_REDIRECT] [Fatal Error] :1:1: Premature end of file.
2026-10-04 20:30:26,346 [ERROR] LogOutputStream:75 - [STDERR_REDIRECT] 
2026-10-04 20:30:27,337 [ERROR] LogOutputStream:75 - [STDERR_REDIRECT] [Fatal Error] :1:1: Premature end of file.
2026-10-04 20:30:27,337 [ERROR] LogOutputStream:75 - [STDERR_REDIRECT] 
2026-10-04 20:30:28,350 [ERROR] LogOutputStream:75 - [STDERR_REDIRECT] [Fatal Error] :1:1: Premature end of file.
2026-10-04 20:30:28,350 [ERROR] LogOutputStream:75 - [STDERR_REDIRECT] 
2026-10-04 20:30:29,345 [ERROR] LogOutputStream:75 - [STDERR_REDIRECT] [Fatal Error] :1:1: Premature end of file.
2026-10-04 20:30:29,345 [ERROR] LogOutputStream:75 - [STDERR_REDIRECT] 
2026-10-04 20:30:30,340 [ERROR] LogOutputStream:75 - [STDERR_REDIRECT] [Fatal Error] :1:1: Premature end of file.
2026-10-04 20:30:30,340 [ERROR] LogOutputStream:75 - [STDERR_REDIRECT] 
2026-10-04 20:30:31,338 [ERROR] LogOutputStream:75 - [STDERR_REDIRECT] [Fatal Error] :1:1: Premature end of file.
2026-10-04 20:30:31,339 [ERROR] LogOutputStream:75 - [STDERR_REDIRECT] 
2026-10-04 20:30:32,343 [ERROR] LogOutputStream:75 - [STDERR_REDIRECT] [Fatal Error] :1:1: Premature end of file.
2026-10-04 20:30:32,343 [ERROR] LogOutputStream:75 - [STDERR_REDIRECT] 
